Timestamp,CPU_Usage(%),Memory_Usage(%),Disk_IO(MB/s),Network_Latency(ms),Error_Rate,Downtime
01-01-23 0:00,57.69743724,46.44214331,172.4957103,12.25369677,0.013118228,0
01-01-23 1:00,47.9451525,53.72450616,168.1893581,26.96434297,0.039279938,1
01-01-23 2:00,60.13482851,47.99029392,96.72992617,36.35809689,0.016946845,0
01-01-23 3:00,75.16506779,62.3370672,188.2395211,53.80892512,0.021473717,1
01-01-23 4:00,46.54252718,87.29060381,70.19191106,78.75078358,0.033022198,0
01-01-23 5:00,46.54276576,44.69987371,111.6812224,68.79887271,0.019067016,0
01-01-23 6:00,76.18210535,82.51969296,49.0351242,24.68930098,0.000828147,0
01-01-23 7:00,62.100477,44.50140332,261.990057,41.12170346,0.039897867,1
01-01-23 8:00,43.17829041,43.27753637,135.8498476,51.92688941,0.0448034,0
01-01-23 9:00,58.43277205,78.19563271,313.6025707,43.65107962,0.000761101,0
01-01-23 10:00,43.26349057,80.63561397,204.0527419,43.48517911,0.00657271,0
01-01-23 11:00,43.2309579,78.96695699,179.2108904,15.83495057,0.06467034,1
01-01-23 12:00,53.68797981,34.96523866,115.4227466,25.16803429,0.023874075,0
01-01-23 13:00,24.96143762,50.54069493,91.17221315,40.41358534,0.020056858,0
01-01-23 14:00,27.10157404,78.29872577,184.326719,1.373493355,0.013723274,0
01-01-23 15:00,41.88185433,60.87496724,145.5610599,67.24738343,0.006695801,0
01-01-23 16:00,35.83336007,39.18167472,77.05747515,21.33576624,0.017002712,0
01-01-23 17:00,54.81246137,69.93975972,69.0015057,68.5861932,0.038439263,0
01-01-23 18:00,37.20414659,45.75547169,95.59569397,66.04900125,0.01974989,0
01-01-23 19:00,30.81004622,102.515501,283.7059814,37.2944803,0.030881885,1
01-01-23 20:00,74.13285785,96.02147343,317.7214647,78.016999,0.05760448,1
01-01-23 21:00,46.66433043,73.2334465,163.063945,70.2369605,0.011723214,0
01-01-23 22:00,51.01748313,91.35964968,159.4420285,42.5623348,0.025121198,0
01-01-23 23:00,30.6586846,61.36691523,129.6586451,39.98965314,0.039096716,1
02-01-23 0:00,42.13061168,76.95302922,96.83424293,81.042579,0.007684469,1
02-01-23 1:00,51.67614267,94.30761211,247.2953957,55.96183725,0.022943954,1
02-01-23 2:00,34.05988255,65.24587672,288.1602556,79.39160573,0.06047399,1
02-01-23 3:00,55.77661928,54.73875014,98.95049311,7.397239525,0.014903305,0
02-01-23 4:00,41.35118649,28.56154291,144.8637745,52.49122537,0.040517638,0
02-01-23 5:00,45.709679,58.26456273,123.0976343,18.02943111,0.017801569,0
02-01-23 6:00,41.33645166,78.30892549,124.7946631,49.35728245,0.058508933,1
02-01-23 7:00,81.21510724,81.19963585,232.5575363,69.37412308,0.001795207,1
02-01-23 8:00,49.7977238,70.97324256,78.32986199,102.552329,0.021051957,0
02-01-23 9:00,35.25308847,49.07222607,180.4599195,29.18630222,0.002899359,0
02-01-23 10:00,63.01475381,24.34848233,198.6968662,37.68647649,0.010259656,0
02-01-23 11:00,33.17780447,49.96833993,141.2367934,47.63905693,0.010189678,0
02-01-23 12:00,53.17657793,53.74769641,210.60216,28.48585507,0.015942496,0
02-01-23 13:00,24.44525514,53.5753785,159.3590464,77.33673065,0.005223447,0
02-01-23 14:00,31.84128745,73.56360145,234.9590515,48.2623761,0.018867607,0
02-01-23 15:00,52.99167288,107.6135708,68.76482238,53.09354613,0.028003552,0
02-01-23 16:00,61.62233159,62.61700243,128.9314113,66.65817229,0.002529732,0
02-01-23 17:00,52.59989131,55.51909143,145.5426213,48.22263972,0.011050498,0
02-01-23 18:00,48.27865029,54.65713585,29.95844462,31.56663247,0.080025797,1
02-01-23 19:00,45.574108,62.63528746,89.20371419,48.43640869,0.025592986,0
02-01-23 20:00,30.00819742,43.63493686,103.1217091,30.79460557,0.00082869,0
02-01-23 21:00,39.72051256,62.54584127,214.6574423,52.73450185,0.00347646,1
02-01-23 22:00,43.30260651,69.77190671,108.820056,77.90509748,0.023767566,0
02-01-23 23:00,66.97434079,64.4693597,102.8855827,24.76726466,0.021641058,0
03-01-23 0:00,55.27234787,69.92239755,205.1025593,18.73520762,0.011636182,1
03-01-23 1:00,26.66270826,69.39090528,64.58639378,51.23852507,0.069524931,0
03-01-23 2:00,54.96628996,27.49959645,46.28755771,32.57355834,0.082472883,0
03-01-23 3:00,44.37205416,73.98267872,128.1849752,50.79665515,0.015979562,0
03-01-23 4:00,40.30439339,46.58407963,72.09345631,58.31806326,0.036253471,1
03-01-23 5:00,59.54929221,38.78867278,73.81821837,10.19401622,0.037327366,1
03-01-23 6:00,66.52795285,38.63623238,187.8125699,68.67391239,0.040238574,1
03-01-23 7:00,64.83648445,69.38631131,209.3523459,24.86266065,0.010987763,1
03-01-23 8:00,38.1160232,55.40023593,203.037854,49.44279953,0.062315577,1
03-01-23 9:00,45.45742666,28.92218402,226.6748554,34.81979681,0.018916562,1
03-01-23 10:00,55.07868693,70.38157435,236.8133814,37.11504427,0.027286105,1
03-01-23 11:00,65.5848652,32.87693661,44.14848961,100.957429,0.020032709,0
03-01-23 12:00,43.04199438,62.96557355,179.3679731,58.28748327,0.017823558,0
03-01-23 13:00,47.24958461,65.09380005,118.5823966,75.07259339,0.024686998,1
03-01-23 14:00,34.62895246,79.77348887,106.6378426,53.84188373,0.005244805,0
03-01-23 15:00,33.48781093,102.1769815,186.9103019,66.65358986,0.000117884,1
03-01-23 16:00,62.84808555,34.13530937,59.82006719,60.95707315,0.016722506,0
03-01-23 17:00,72.18298744,58.90217928,58.95400023,56.55564741,0.008238616,0
03-01-23 18:00,48.92503363,54.3115006,192.006783,81.35628035,0.02965934,0
03-01-23 19:00,66.06007175,69.39095159,181.9142373,53.98611822,0.027505164,0
03-01-23 20:00,55.55532099,64.59881372,158.6579659,122.7944263,0.020216225,0
03-01-23 21:00,40.73938318,52.78296218,99.6508978,76.78115203,0.050290388,0
03-01-23 22:00,55.55154087,51.03264615,199.8090473,25.40714156,0.019900473,1
03-01-23 23:00,75.43610498,38.42422581,195.2958029,45.67976667,0.003048198,1
04-01-23 0:00,49.46389292,82.20889899,155.3751934,60.39995185,0.016571742,0
04-01-23 1:00,75.91776461,69.95959053,84.73394393,51.1183608,0.042848981,0
04-01-23 2:00,17.56688785,80.53657985,124.5069953,68.58722076,0.000503172,1
04-01-23 3:00,63.00406129,53.62619978,206.5763965,71.8311245,0.018521947,0
04-01-23 4:00,51.31328322,46.85360441,243.5180707,21.55575567,0.030200862,0
04-01-23 5:00,45.60429514,39.09952868,130.2312192,86.95041764,0.083539046,1
04-01-23 6:00,51.38483169,67.73050201,134.7694591,38.32004614,0.043711782,0
04-01-23 7:00,24.13689647,39.78609721,140.051291,36.16769389,0.022174623,0
04-01-23 8:00,46.75317742,103.9482572,167.6342101,36.09878311,0.029145718,1
04-01-23 9:00,55.48421796,35.10439948,115.709129,72.17579756,0.000440617,0
04-01-23 10:00,74.35258148,65.85919729,28.29361207,43.53728301,0.006510195,0
04-01-23 11:00,42.49455075,96.58649936,233.08425,34.73211125,0.031686521,0
04-01-23 12:00,38.52625786,73.11924775,281.4935097,39.94024517,0.022656603,0
04-01-23 13:00,42.72540448,63.73543984,113.9752103,14.79546298,0.024869973,0
04-01-23 14:00,64.5689928,41.06878428,90.1606609,31.07362532,0.020549326,0
04-01-23 15:00,55.03934394,33.84677618,141.5439967,23.62011341,0.019918623,0
04-01-23 16:00,42.33424282,77.06051804,138.4919535,43.48812312,0.021678675,0
04-01-23 17:00,57.96245495,95.03181132,218.1662545,67.92828986,0.006449068,1
04-01-23 18:00,51.46558729,51.07303417,153.4328779,64.76723306,0.016494391,0
04-01-23 19:00,65.46794798,38.02590002,104.2305788,86.15702788,0.004737715,1
04-01-23 20:00,39.96208214,17.44233738,78.02863022,79.0567134,0.011238156,0
04-01-23 21:00,45.19243028,40.8467878,208.5980718,37.62332559,0.043425047,1
04-01-23 22:00,44.27212651,57.63258312,189.6259349,50.47787617,0.017205977,0
04-01-23 23:00,30.18915178,97.41738077,223.0337159,49.18927734,0.030598506,1
05-01-23 0:00,54.52949137,74.81547099,95.11264159,10.10476586,0.021884591,0
05-01-23 1:00,53.98397894,66.54640916,285.1814076,24.01367392,0.014286158,1
05-01-23 2:00,50.076728,51.83763073,59.26191651,45.90178757,0.006914533,0
05-01-23 3:00,46.53622412,48.26364332,197.3712655,45.76726865,0.014079243,0
05-01-23 4:00,30.77271321,92.4823673,52.53011512,63.59555724,0.023031518,1
05-01-23 5:00,43.86726265,64.2759533,104.3520308,62.23593142,0.030292189,1
05-01-23 6:00,44.97673549,22.47677997,262.1846887,15.13874326,0.022002289,0
05-01-23 7:00,38.60948978,46.53615088,206.107265,63.77174608,0.031657159,1
05-01-23 8:00,47.60672741,43.08226547,117.6513645,54.56036033,0.00261003,0
05-01-23 9:00,56.22401995,48.97606236,119.1878361,66.75011191,0.036119913,1
05-01-23 10:00,81.85048577,72.29642648,156.3496308,80.08624624,0.005766786,1
05-01-23 11:00,52.64914461,57.76097409,183.7198577,46.48917231,0.038637918,1
05-01-23 12:00,53.92958806,58.39468889,237.6224171,85.79417609,0.028795728,0
05-01-23 13:00,48.88885346,90.17075401,122.7342715,30.13808815,0.000569794,0
05-01-23 14:00,24.90011475,46.10190419,64.85054008,29.03980877,0.033420748,1
05-01-23 15:00,49.60299485,104.3610499,159.9583741,61.27084153,0.038892214,1
05-01-23 16:00,50.90708083,46.5785214,122.6660305,41.18877987,0.04487283,1
05-01-23 17:00,93.01619339,61.88509661,78.86028166,56.74616891,0.009474657,1
05-01-23 18:00,47.15158827,54.21333769,169.1359479,111.7404862,0.022967138,1
05-01-23 19:00,54.61414093,62.61465023,136.9528952,60.30189196,0.03255797,1
05-01-23 20:00,49.48052836,69.63292496,169.7207113,55.43928621,0.033407762,0
05-01-23 21:00,33.83563779,69.39285957,98.89742005,30.53612273,0.027055454,0
05-01-23 22:00,68.4483862,45.03531463,181.840731,16.17029886,0.013719876,0
05-01-23 23:00,61.84439878,38.31019783,78.08984866,48.20212365,0.038735199,1
06-01-23 0:00,62.49121075,121.9654111,102.3776237,80.08639253,0.038864154,1
06-01-23 1:00,37.18617372,50.18769013,135.1719045,42.23941669,0.017602952,0
06-01-23 2:00,73.00974654,75.41680826,277.0672393,60.52007889,0.009304998,1
06-01-23 3:00,30.93742046,30.11629835,202.7472907,91.76711523,0.009943076,0
06-01-23 4:00,59.14725766,54.24540779,224.2865937,90.93065176,0.047425266,0
06-01-23 5:00,87.65493024,57.35308246,250.6159585,61.27204639,0.037922222,1
06-01-23 6:00,36.12311733,70.2644476,453.0594049,54.33947061,0.019680568,1
06-01-23 7:00,41.82622717,13.94609786,152.6096946,18.95291279,0.016932239,0
06-01-23 8:00,51.50470087,63.53035693,250.8802904,35.43656976,0.001088465,1
06-01-23 9:00,42.70135292,37.83828756,219.4422844,43.21757627,0.018670953,1
06-01-23 10:00,29.14460561,66.96906015,218.2045159,30.87111724,0.005198423,1
06-01-23 11:00,51.0331455,39.84805417,279.7775335,56.39651865,0.022619834,1
06-01-23 12:00,35.19393347,43.13263935,124.8478761,108.7544009,0.043178389,1
06-01-23 13:00,57.32817625,54.36612829,120.3243065,94.85484057,0.007196631,1
06-01-23 14:00,37.05397741,39.56217711,170.5988445,56.27542871,0.023988159,0
06-01-23 15:00,75.65131274,50.35297613,138.7815395,71.30840422,0.03895117,0
06-01-23 16:00,38.86468633,37.07532745,170.5149601,33.37748486,0.023670317,0
06-01-23 17:00,45.27280088,26.54419137,262.3249017,93.03290665,0.012439947,1
06-01-23 18:00,62.86456852,82.93145294,121.4875756,18.27005404,0.020166506,0
06-01-23 19:00,33.05206222,35.30259077,131.5145405,75.32046978,0.038064955,1
06-01-23 20:00,53.46363704,56.29559165,161.0767437,63.12657024,0.024408087,0
06-01-23 21:00,71.31576349,76.66098018,136.0428742,32.81748557,0.019946105,0
06-01-23 22:00,28.47175383,47.65340822,52.35514561,44.91110681,0.042508291,1
06-01-23 23:00,52.80359754,43.69286425,115.7613108,25.50327,0.029034107,0
07-01-23 0:00,53.96578098,64.82777537,195.7957195,26.28403279,0.005094484,1
07-01-23 1:00,62.33859008,85.35127433,252.2459159,17.81800848,0.031298648,0
07-01-23 2:00,32.9757864,37.49532672,85.83520375,70.95508033,0.037897926,0
07-01-23 3:00,31.93675647,56.88071208,85.60846414,84.49219372,0.004795793,1
07-01-23 4:00,58.10154648,28.11991979,151.8950972,9.975043125,0,0
07-01-23 5:00,54.54296999,51.97468947,46.12387769,106.0957394,0.006585948,1
07-01-23 6:00,53.82013942,60.72005332,123.3773532,49.70022668,0.018391524,0
07-01-23 7:00,55.3167495,43.14845744,59.58042347,57.49837476,0.039215631,0
07-01-23 8:00,40.2620628,50.71643379,246.8123043,19.69367779,0.008126154,1
07-01-23 9:00,53.53774724,33.40189181,105.4680254,88.25438574,0.0298064,1
07-01-23 10:00,54.48197857,61.62756251,269.6933017,55.12655263,0,1
07-01-23 11:00,39.79502668,83.84131475,227.0346634,82.36143161,0.022982439,1
07-01-23 12:00,81.46773219,38.76556574,112.1115252,84.99294313,0.013988466,1
07-01-23 13:00,57.33201145,47.5054731,89.89710748,88.71752974,0.066789931,0
07-01-23 14:00,33.54965156,70.93230027,138.1281504,35.0537845,0.000466591,0
07-01-23 15:00,60.27936677,87.65765097,143.5252915,44.93069439,0.019768607,1
07-01-23 16:00,36.3297793,31.98743767,172.3530902,35.82998642,0.000438191,0
07-01-23 17:00,62.42577123,56.49825295,105.0841613,74.7810046,0.012111212,0
07-01-23 18:00,68.7212774,66.06599186,199.9923114,58.65467645,0.001463305,0
07-01-23 19:00,38.36328469,57.87243906,167.0053973,80.15783382,0.072693506,1
07-01-23 20:00,65.37873551,17.18911501,129.4205159,81.53303301,0.014690477,1
07-01-23 21:00,56.362102,70.89952699,108.5394704,15.76878877,0.016757128,0
07-01-23 22:00,63.00668531,95.36863779,138.6497833,89.2429931,0.019321739,1
07-01-23 23:00,82.04971836,62.47031172,102.9476377,76.48393363,0.005729724,0
08-01-23 0:00,46.37939359,39.94154242,153.6729089,41.17835896,0.040224406,1
08-01-23 1:00,39.26207574,49.61927718,155.3837164,59.1118841,0.031472652,1
08-01-23 2:00,37.44851948,101.8670628,166.7676494,46.9541432,0.037214846,1
08-01-23 3:00,38.42839215,80.3512611,279.1078241,66.53996576,0.004962903,0
08-01-23 4:00,48.84941903,74.05501009,141.8274546,41.1288963,0.042031865,1
08-01-23 5:00,55.23366429,67.67520915,218.8426679,62.66129494,0.039437689,0
08-01-23 6:00,54.22691979,46.77177407,164.6654745,51.69622263,0.016443731,0
08-01-23 7:00,63.09198086,55.8483484,135.4502932,39.75552712,0.036723525,1
08-01-23 8:00,50.19519743,58.37273048,142.6377392,54.8618615,0.024585795,0
08-01-23 9:00,73.91577247,71.99410853,146.3441127,139.636672,0.002118511,1
08-01-23 10:00,46.10019074,95.10255112,167.9551016,34.27146567,0.01717536,1
08-01-23 11:00,98.20185779,85.36112115,95.56423016,43.93882561,0.012991395,1
08-01-23 12:00,59.77646985,33.21490645,71.29956067,34.63631254,0.021388598,0
08-01-23 13:00,37.87735573,64.77915497,193.4622176,36.87122845,0.039466117,1
08-01-23 14:00,35.08342327,76.28626059,210.972498,72.39082222,0.001820543,0
08-01-23 15:00,57.46986586,73.5705491,199.9380763,69.43452458,0.013493038,0
08-01-23 16:00,46.69799384,47.37999366,159.8298491,49.85351556,0.008876851,0
08-01-23 17:00,61.21980412,129.1410922,201.483341,78.81726867,0.009357754,1
08-01-23 18:00,57.32251822,35.62764166,197.6432,71.72473918,0.008862781,1
08-01-23 19:00,48.91287036,39.01298844,202.948995,46.02070251,0.021104667,1
08-01-23 20:00,38.01515383,64.9873467,100.7115612,18.71160459,0.029191945,0
08-01-23 21:00,29.57205374,111.1741469,88.66033215,72.81019472,0.02593719,1
08-01-23 22:00,43.50165132,43.48874088,126.6203384,54.32797378,0.023074109,0
08-01-23 23:00,63.57940081,54.5236014,148.9153064,50.55706824,0.03110761,1
09-01-23 0:00,53.25724229,84.36400962,135.2310845,39.00040177,0.075083076,1
09-01-23 1:00,32.86578342,59.62537333,53.83865389,70.2797299,0.022229662,0
09-01-23 2:00,52.62770552,53.14125866,275.391141,59.07675522,0.039466385,1
09-01-23 3:00,55.92823018,72.35820181,133.3227329,44.2475615,0.038215884,1
09-01-23 4:00,37.52334242,65.83427688,160.9729869,23.86885286,0.057926363,1
09-01-23 5:00,52.329508,83.23192063,237.0777251,80.11964525,0.029910846,0
09-01-23 6:00,50.87651903,89.62268451,36.43260282,66.22036157,0.008629551,1
09-01-23 7:00,34.16182663,66.58844058,119.5901167,56.58076442,0.02515697,0
09-01-23 8:00,55.4948222,66.25404921,126.7043291,4.755994305,0.024207432,0
09-01-23 9:00,58.72624718,64.5650959,129.6592488,49.0569515,0.03503649,1
09-01-23 10:00,67.41876864,70.63061474,139.3376737,44.14444509,0.008314119,0
09-01-23 11:00,66.91752955,61.16314909,253.0111197,35.68521861,0.045071844,1
09-01-23 12:00,31.23293237,59.98722243,194.8124609,70.56249453,0.020083877,1
09-01-23 13:00,36.81214021,87.27704424,215.3841937,69.40457546,0.035543741,1
09-01-23 14:00,57.99079033,95.2863522,152.9583389,61.49306543,0.025242463,1
09-01-23 15:00,57.97076527,31.75046198,74.28865415,79.17892552,0.022006538,1
09-01-23 16:00,57.99098941,60.21059482,45.96977385,27.5778199,0.023905769,0
09-01-23 17:00,122.6345123,46.24886693,68.4465452,39.27605459,0.032106592,0
09-01-23 18:00,58.88927364,53.61465408,173.2619447,51.88658823,0.062847463,1
09-01-23 19:00,68.32299393,68.69586935,151.9916629,35.61060906,0,0
09-01-23 20:00,65.22014582,74.7304274,137.1297846,69.76555577,0.029514857,1
09-01-23 21:00,60.19517933,57.66420319,127.7790369,37.76305997,0.020709284,0
09-01-23 22:00,45.37035603,25.31115983,300.0147406,87.51654412,0.017260395,1
09-01-23 23:00,61.96057259,41.13101227,102.6315475,29.32218845,0,0
10-01-23 0:00,39.00488059,80.03206056,213.1538097,116.9356541,0.030293246,0
10-01-23 1:00,46.50380395,13.7159506,150.1195805,113.0865772,0.018047323,0
10-01-23 2:00,42.95512456,87.05094505,146.2135623,47.65810582,0.008737957,1
10-01-23 3:00,51.23481547,71.35335086,231.8467023,82.59538138,0.020685093,1
10-01-23 4:00,90.07752278,90.23817693,254.2421196,40.47032638,0.015572535,1
10-01-23 5:00,25.47770141,55.88919166,135.3724626,78.41241104,0.001229511,1
10-01-23 6:00,60.7648559,23.08457458,203.7825199,45.69344683,0.021434285,0
10-01-23 7:00,28.41011441,69.31543348,173.5377117,22.82106974,0.030290632,0
10-01-23 8:00,43.1437417,89.20482648,150.465153,0,0.012117237,0
10-01-23 9:00,67.52007236,80.70182354,163.0162544,43.4987846,0.024392886,1
10-01-23 10:00,50.96833221,46.74221885,109.8395858,57.21019037,0.021764856,0
10-01-23 11:00,34.99536214,61.83327381,131.4309689,88.56713603,0.040007038,0
10-01-23 12:00,39.78210376,49.23631009,115.733119,50.91964998,0.018373178,0
10-01-23 13:00,60.65581933,43.80220056,211.2109247,78.09023958,0.034742714,1
10-01-23 14:00,39.57793594,81.43231098,144.1043098,39.2696501,0.015280926,0
10-01-23 15:00,53.29373316,37.00294692,78.9972436,41.90929707,0.063088218,0
10-01-23 16:00,50.68565439,42.42821668,107.925342,79.68386572,0.013583026,1
10-01-23 17:00,40.6505778,38.6437706,26.00551516,6.606998829,0.010447685,0
10-01-23 18:00,86.7556576,32.03605853,120.56135,50.32510146,0.018422422,0
10-01-23 19:00,59.91063866,63.10685585,152.3613195,40.4808735,0.009941732,0
10-01-23 20:00,23.7240637,86.41519802,141.6027073,89.56906867,0.004698926,1
10-01-23 21:00,52.83157993,56.16885724,297.2857145,37.63097507,0.033229853,1
10-01-23 22:00,40.51116435,31.78021085,187.9147293,63.71520433,0,0
10-01-23 23:00,63.51314261,78.69709558,184.8415158,75.58550481,0.010064029,1
11-01-23 0:00,38.74027804,99.66212244,63.49768406,19.36862855,0.003932769,1
11-01-23 1:00,48.29211783,47.05535491,128.0076546,46.57401454,0.022335347,0
11-01-23 2:00,57.82982134,50.29388168,121.0046187,39.76801918,0,0
11-01-23 3:00,63.73585997,71.22773206,104.577467,76.3437439,0.029666035,0
11-01-23 4:00,33.43626536,98.00506038,103.8463129,68.2442525,0.031788801,1
11-01-23 5:00,45.09437254,49.48882425,56.60816708,44.33309881,0.001874436,0
11-01-23 6:00,43.10139338,34.68168823,80.02598311,27.10598961,0.023158631,0
11-01-23 7:00,40.6269006,73.85782492,209.2150733,79.18691309,0.0290559,1
11-01-23 8:00,79.59864228,77.73819421,141.1903794,48.32241128,0.0376973,1
11-01-23 9:00,56.23873585,60.12881685,119.8885093,17.39801398,0.002970391,0
11-01-23 10:00,32.67656903,48.74647065,149.6619673,18.73505909,0.00201887,0
11-01-23 11:00,64.61039976,82.36513694,231.1387234,61.51540481,0.050816252,1
11-01-23 12:00,86.33588988,71.50698913,150.2632639,22.98788951,0.008876273,0
11-01-23 13:00,66.55296342,44.74859386,185.5254084,106.8660537,0.012395999,0
11-01-23 14:00,29.5179356,61.0346048,101.3876359,29.20754504,0.031331938,0
11-01-23 15:00,42.97097154,34.35481171,113.6318462,49.99098226,0.005393877,0
11-01-23 16:00,70.6087311,75.10936816,172.8753531,54.05374901,0.015958437,0
11-01-23 17:00,39.88575409,54.59624471,289.7836851,33.36153218,0.036653532,0
11-01-23 18:00,56.85426711,51.13483841,251.6264656,9.054799616,0.003320959,0
11-01-23 19:00,62.21956872,59.31125691,188.4648857,54.88170026,0.012749944,0
11-01-23 20:00,36.95524303,60.84889875,159.6022031,32.8711117,0.00578094,0
11-01-23 21:00,49.11066293,79.99488102,249.3448068,52.95420431,0.009413961,0
11-01-23 22:00,11.88680387,72.93698318,203.456477,46.98661835,0.043187665,1
11-01-23 23:00,35.68355542,56.75210094,38.21143644,56.79024805,0.04840363,1
12-01-23 0:00,46.2752684,76.91181471,90.7939434,96.36506784,0.024324781,1
12-01-23 1:00,32.84021514,68.65636785,171.8198036,37.24037233,0.029365096,0
12-01-23 2:00,77.15093622,51.31438851,57.47404564,38.93832957,0.028842314,1
12-01-23 3:00,30.59318369,57.40425061,98.73468333,16.67970939,0.010598731,0
12-01-23 4:00,43.59297185,56.92027437,109.2000118,45.23469155,0.023980555,0
12-01-23 5:00,51.97820176,70.99342174,134.3833567,60.75072996,0.004308537,0
12-01-23 6:00,73.69636803,52.49458349,132.5313087,38.61392995,0.007419455,0
12-01-23 7:00,30.52376785,52.03003608,132.431517,60.9310056,0.018633779,0
12-01-23 8:00,68.8004062,107.1579115,205.6685148,45.65681469,0.006401442,1
12-01-23 9:00,50.15360063,81.05909928,133.8455706,22.53103611,0.004495869,1
12-01-23 10:00,36.24072947,44.8951561,126.8482588,58.09163083,0.01013003,0
12-01-23 11:00,57.14509173,72.4787213,76.59833569,44.98129726,0.042283583,1
12-01-23 12:00,53.0255202,62.50636149,220.3173485,53.11415398,0.052188273,1
12-01-23 13:00,41.35700714,68.45254316,110.7368588,36.79054943,0.01948222,0
12-01-23 14:00,51.05190361,62.91246178,89.1504141,34.90359433,0.03033205,0
12-01-23 15:00,44.36876262,87.10536999,163.5906065,54.00960468,0.011936671,0
12-01-23 16:00,51.71564637,67.43720737,105.5953645,44.39453116,0,0
12-01-23 17:00,60.37037715,58.70191985,118.7877115,102.0263627,0.008098788,1
12-01-23 18:00,76.30570158,83.51524391,166.5545709,71.8821741,0.015351724,0
12-01-23 19:00,32.96495473,64.98061873,130.2343814,64.51619542,0.022315126,0
12-01-23 20:00,86.545332,62.57318573,326.5368134,45.65747827,0.018414971,0
12-01-23 21:00,24.52932978,66.74238994,145.3568119,11.66372683,0.015731643,0
12-01-23 22:00,47.74626229,58.04735448,190.9052331,31.76675551,0.011796481,0
12-01-23 23:00,59.17087523,60.19389456,51.26517668,35.07463013,0.025856525,0
13-01-23 0:00,54.29383445,48.19572945,100.6537308,43.35223958,0.003758334,0
13-01-23 1:00,41.04726189,45.07186668,89.15618235,49.16935108,0.034762917,0
13-01-23 2:00,46.92148112,40.52573611,95.81631123,67.69317722,0.011649808,0
13-01-23 3:00,42.8480359,33.67477718,177.0071556,57.05246452,0.065892258,1
13-01-23 4:00,41.50687946,42.68678936,221.1571868,83.0113359,0.015253223,1
13-01-23 5:00,63.46585518,56.38594578,172.2520276,42.49429919,0.013008895,0
13-01-23 6:00,55.48269235,62.18141909,136.1429177,56.62747194,0.011946868,0
13-01-23 7:00,40.08647978,54.41317491,112.9594286,58.95079225,0.01314003,0
13-01-23 8:00,64.30327807,18.85423511,227.0406109,56.32430133,0.030821827,1
13-01-23 9:00,54.70392581,96.78529681,305.1940608,86.97698402,0.019328943,1
13-01-23 10:00,62.85367661,84.58674117,158.5504218,72.03251755,0.038716297,1
13-01-23 11:00,59.84086511,69.65900964,214.0046093,22.23739408,0.028077805,1
13-01-23 12:00,38.25230756,105.5150851,172.168066,47.18093732,0.020506855,1
13-01-23 13:00,41.91108719,40.90821446,200.6437826,49.65124374,0.026384554,1
13-01-23 14:00,61.76785181,104.9848204,85.35284156,117.6759134,0.043435288,1
13-01-23 15:00,59.52810584,41.12796171,120.9211447,42.08150714,0.031800884,1
13-01-23 16:00,49.68691297,65.09899013,175.6552165,28.33372628,0.024725049,0
13-01-23 17:00,51.77367646,35.68340847,234.6014897,61.53452328,0.027300015,1
13-01-23 18:00,70.79740102,60.30889988,102.8826728,63.16562741,0.00554309,0
13-01-23 19:00,41.47638588,68.3331833,47.72463721,48.17200571,0.080988003,1
13-01-23 20:00,58.50577626,56.78739669,120.348078,44.63901965,0.029286762,0
13-01-23 21:00,47.00799208,75.75585783,219.255354,76.42385506,0.031229466,0
13-01-23 22:00,46.78216706,62.09400923,66.05887702,30.84593557,0.019543392,0
13-01-23 23:00,67.68896335,49.43866643,84.75334934,41.82491397,0,0
14-01-23 0:00,63.06255738,48.57883633,159.8907753,37.76417488,0.015965724,0
14-01-23 1:00,62.86444247,78.01556094,142.8324927,80.93718111,0.021232458,1
14-01-23 2:00,71.28645702,46.91248534,189.2744975,57.3818759,0.008865781,0
14-01-23 3:00,50.31549879,80.48040628,82.26319418,26.77778485,0.008769591,1
14-01-23 4:00,60.69435442,87.91948384,130.3225044,28.67815792,0.014917244,1
14-01-23 5:00,45.44226411,29.13391782,233.2698965,107.3644308,0.034130232,1
14-01-23 6:00,54.96757911,85.71673743,83.98199587,80.60052577,0.044822825,0
14-01-23 7:00,48.0647914,109.6368892,255.3946381,73.16337767,0.022823092,1
14-01-23 8:00,51.46434769,65.38733783,90.12271251,50.30662349,0.011887696,0
14-01-23 9:00,59.28156727,73.11912068,207.415043,94.53830555,0.014595815,1
14-01-23 10:00,38.39617484,83.39018188,127.5246814,26.06738672,0.021622265,1
14-01-23 11:00,85.76389365,54.32870714,86.30812341,70.52506803,0.023631093,1
14-01-23 12:00,35.92181025,63.87772381,120.4252615,39.50763654,0.027526915,0
14-01-23 13:00,33.2614248,34.99249048,185.8397612,43.96351066,0.013549353,0
14-01-23 14:00,68.7128839,62.94016511,149.5719072,69.72504179,0.029309105,0
14-01-23 15:00,62.50167023,70.83252525,227.4101812,46.47288856,0.027811936,0
14-01-23 16:00,59.7513228,71.23905988,252.1018509,39.69939542,0.014146811,1
14-01-23 17:00,59.82000072,84.07661396,84.45795275,38.35660209,0.001358092,0
14-01-23 18:00,49.81644839,44.62963188,80.95245143,12.17806462,0.008190352,0
14-01-23 19:00,37.34624983,49.24076305,78.6653099,70.82752978,0.052453591,1
14-01-23 20:00,51.1428147,105.1950764,98.65156571,27.87416049,0.001507409,0
14-01-23 21:00,40.30112231,56.87700208,226.3291458,106.8212917,0.04628795,1
14-01-23 22:00,65.5776545,64.26072981,186.906655,43.05784919,0.001306681,0
14-01-23 23:00,47.81576515,58.59952464,117.718107,87.87989269,0.00942288,1
15-01-23 0:00,38.29898767,43.75744172,149.3068277,14.59200401,0.014425739,0
15-01-23 1:00,45.28250123,98.04788408,249.6015378,69.89227776,0.058046662,0
15-01-23 2:00,56.3644842,49.33597352,291.0937106,77.64562062,0.020420144,1
15-01-23 3:00,41.86191708,38.23316298,166.6152022,87.68692531,0.016713312,1
15-01-23 4:00,38.34274045,50.83920437,30.05539112,18.80373815,0.00765908,0
15-01-23 5:00,53.71469163,23.97441434,169.1107211,33.91347452,0.029168705,0
15-01-23 6:00,53.73450719,46.95922628,213.6642825,65.40984,0.012585145,0
15-01-23 7:00,42.65284375,41.07520892,164.3422778,53.77715453,0.016493266,0
15-01-23 8:00,43.1563025,73.53782842,198.574126,57.5921707,0.014651582,0
15-01-23 9:00,53.53459623,46.53853108,173.08156,41.38225417,0.033072399,1
15-01-23 10:00,30.37568314,79.82617639,81.98075725,95.98489441,0.033929562,1
15-01-23 11:00,30.86899766,92.30180007,99.32260928,135.6239122,0.008132159,1
15-01-23 12:00,39.73949878,77.32003442,130.5468207,52.63193357,0.01114423,0
15-01-23 13:00,46.84385241,55.54643411,223.3990755,61.95230362,0.009966641,0
15-01-23 14:00,54.760277,62.99327438,105.6517162,51.41558372,0.023034487,0
15-01-23 15:00,74.30701922,31.46368486,179.7409978,87.04771437,0.036973404,0
15-01-23 16:00,63.60047438,57.21747856,169.5341623,72.79020854,0.023262677,0
15-01-23 17:00,47.62650238,43.04132371,264.2334596,26.7519883,0,1
15-01-23 18:00,49.7151185,75.30398769,147.4054371,35.808661,0.033887726,1
15-01-23 19:00,35.96712466,123.9563825,58.8026615,27.82362022,0.003875475,0
15-01-23 20:00,49.7226457,70.87098686,192.9400524,139.1567605,0.01009086,1
15-01-23 21:00,45.75344423,24.13301551,311.0561313,67.09365778,0.023293027,1
15-01-23 22:00,54.94492567,52.60989683,197.5688992,36.17237059,0.018678937,1
15-01-23 23:00,38.27584688,62.59481547,104.4936152,34.48031066,0.036248763,0
16-01-23 0:00,58.05991852,61.84595291,89.40202386,72.07597403,0.011347014,0
16-01-23 1:00,75.34037227,45.4540561,95.88834549,75.07964517,0.007337206,0
16-01-23 2:00,48.38042654,65.24137865,299.2865435,71.86362059,0.01530508,1
16-01-23 3:00,56.18704814,36.22319492,130.1848945,39.90436323,0.03849601,1
16-01-23 4:00,60.8284586,41.49619556,111.2193655,57.92671211,0.03126423,1
16-01-23 5:00,44.14267079,74.18733236,140.2483228,52.80978392,0.021417152,0
16-01-23 6:00,53.41160467,40.21842985,130.7958899,29.22324114,0.046489946,0
16-01-23 7:00,50.18904458,71.73695131,262.7233134,29.41282645,0.042249787,0
16-01-23 8:00,51.4746821,34.05440728,92.77014429,60.80827171,0.034480828,1
16-01-23 9:00,39.00239737,101.7332592,232.1537126,55.02705611,0.005315196,0
16-01-23 10:00,50.36825336,44.6395725,157.7201949,64.75238712,0.034372215,1
16-01-23 11:00,57.71797667,55.3780421,234.1806351,71.65272831,0.016885115,0
16-01-23 12:00,73.87297189,67.10683618,263.9417885,94.22901031,0.014148835,0
16-01-23 13:00,65.30926291,48.60708185,155.342996,32.4084732,0.010476806,0
16-01-23 14:00,86.93393156,63.04237309,130.9041149,66.94749797,0.017340995,1
16-01-23 15:00,39.07860884,72.57904426,154.1624548,70.41386701,0.011162643,0
16-01-23 16:00,63.84575284,81.55704456,144.1307219,42.48901587,0.022802518,1
16-01-23 17:00,52.78374438,77.56114844,62.91282353,53.0911315,0.017322637,0
16-01-23 18:00,87.64228088,56.43625851,261.4911952,43.0823835,0.023674528,1
16-01-23 19:00,38.52887184,56.95298406,165.7240252,116.0532198,0.029770673,1
16-01-23 20:00,38.10930514,117.6087462,85.42309922,52.65429952,0.01555011,1
16-01-23 21:00,41.36838186,81.3011043,46.42770856,61.89919831,0.009834112,1
16-01-23 22:00,22.65249718,41.9163415,37.03135708,43.6094557,0,0
16-01-23 23:00,42.39009302,62.11474789,201.7168679,38.6992838,0.034112181,1
17-01-23 0:00,39.18929247,53.13047547,113.6127014,22.53556625,0.021278856,0
17-01-23 1:00,52.27852509,57.18545412,122.810316,81.12584859,0.017274292,1
17-01-23 2:00,55.24313678,36.4480892,181.939409,70.982426,0.042870826,1
17-01-23 3:00,81.66257961,51.6041332,119.3448244,42.7445661,0.004364522,1
17-01-23 4:00,65.15966304,102.9652727,185.9499096,29.92275031,0.020909325,1
17-01-23 5:00,41.67926299,72.66359636,156.0084555,54.59481439,0.007363289,0
17-01-23 6:00,37.33092885,16.99443817,144.7843678,38.30068618,0.031787125,1
17-01-23 7:00,57.62077204,87.77181743,66.54436268,44.59684449,0,1
17-01-23 8:00,31.93951762,84.66315873,102.7985472,23.20075259,0.034803574,0
17-01-23 9:00,80.8261227,52.6486375,189.8367535,55.56809712,0.033947515,0
17-01-23 10:00,69.08268081,75.83423491,110.1645591,56.0935916,0.007787657,0
17-01-23 11:00,43.18249101,43.06046708,234.0530918,80.96332669,0.021074638,0
17-01-23 12:00,27.23781198,50.45634062,329.6836778,46.29962985,0.00801386,1
17-01-23 13:00,72.14105602,94.83793537,193.6091313,41.99472985,0.02739006,1
17-01-23 14:00,48.2950217,54.40442498,256.6732755,18.35149153,0.035141993,1
17-01-23 15:00,70.0994339,25.97947983,198.1621389,81.16036874,0.006950278,0
17-01-23 16:00,28.62578468,58.67664327,118.321239,74.71197727,0.004296693,0
17-01-23 17:00,41.36862507,58.35890795,162.7498432,50.72093873,0.041149518,1
17-01-23 18:00,50.07868299,87.3198708,300.1533265,22.06978923,0.062363159,1
17-01-23 19:00,50.70691608,60.30137317,118.9225422,24.06205195,0.028644587,0
17-01-23 20:00,43.45157686,51.41336893,91.52325123,37.22032647,0.030064441,0
17-01-23 21:00,59.73069102,83.58439257,86.83123049,76.92562473,0.015018104,0
17-01-23 22:00,35.12550694,62.5584803,136.6883277,57.51132871,0.022977678,0
17-01-23 23:00,47.88457964,45.09332472,93.32473186,19.35641736,0.025980557,0
18-01-23 0:00,51.81890551,86.25597782,271.4402605,60.59545968,0.017178832,1
18-01-23 1:00,57.98122982,64.12315437,163.8031443,31.13383646,0.047064139,1
18-01-23 2:00,61.18061891,60.06145814,216.3984065,37.76281117,0.022921632,1
18-01-23 3:00,34.39518846,63.78355331,131.8686192,77.12627461,0.025169774,1
18-01-23 4:00,29.34179373,39.23546034,86.53797304,70.8955916,0.017487287,0
18-01-23 5:00,70.79761039,49.33689846,78.44995344,80.91209913,0.019045494,0
18-01-23 6:00,55.09514278,60.07525389,98.19721014,49.4232675,0.043955129,1
18-01-23 7:00,39.33293405,55.96890334,172.4449872,74.41481106,0.022398362,0
18-01-23 8:00,75.67335208,89.14960702,184.1143528,36.37726057,0.022794703,1
18-01-23 9:00,51.74850014,64.63642086,189.8828276,43.75987227,0.023014826,0
18-01-23 10:00,69.08019961,79.04927345,70.25483542,42.16207119,0.014566406,0
18-01-23 11:00,51.01733597,60.19743486,149.9744269,50.59833407,0.003419845,0
18-01-23 12:00,85.15790088,83.8556762,92.18795285,22.80290079,0.052580155,1
18-01-23 13:00,79.41133411,68.58512536,176.0586725,44.52675904,0.04051646,1
18-01-23 14:00,46.32752092,60.28210036,181.3194049,92.6133593,0.044665029,0
18-01-23 15:00,65.51751438,59.72131979,84.98312247,26.26764931,0.006290588,0
18-01-23 16:00,60.09714936,41.32321848,216.1243384,22.06825316,0.049382108,1
18-01-23 17:00,72.4026257,71.03067544,328.9969904,23.46045943,0.063075675,1
18-01-23 18:00,36.45722538,59.15812521,206.3589379,137.8029732,0.03999212,1
18-01-23 19:00,60.76143851,49.83616273,139.9819621,62.26956161,0.054511115,1
18-01-23 20:00,66.9966297,85.07208366,130.8171006,43.46249553,0.034675265,1
18-01-23 21:00,26.71207228,36.09002362,137.1957476,51.72201336,0.008604512,0
18-01-23 22:00,33.65122302,51.39534037,105.9264305,55.84644407,0.02889518,0
18-01-23 23:00,23.56998521,83.16640246,166.157117,35.21927912,0.006797814,1
19-01-23 0:00,46.03147753,66.77531385,86.62267048,37.87212078,0.011512581,0
19-01-23 1:00,61.27800073,58.99839823,53.31963469,46.13251361,0.025360587,0
19-01-23 2:00,74.79243249,65.36557857,164.0144545,33.45693261,0.023011688,0
19-01-23 3:00,51.11691174,63.81598176,151.3297717,40.54930607,0.028052523,0
19-01-23 4:00,77.08162178,31.60048445,116.2592851,59.20131042,0.000961325,1
19-01-23 5:00,31.20315816,52.8484762,79.70332484,28.0541139,0.017603561,0
19-01-23 6:00,27.35077514,97.86666813,168.6127113,135.6842435,0.029688174,1
19-01-23 7:00,49.16987006,46.80625564,93.99673973,70.53064991,0.033654168,1
19-01-23 8:00,55.908488,53.46765201,141.4318113,23.08722727,0.035007047,0
19-01-23 9:00,49.51064773,49.06599355,279.0014948,6.472429674,0.024209524,1
19-01-23 10:00,23.26268534,58.18403778,193.2436493,34.23040017,0.014363846,0
19-01-23 11:00,48.67114179,48.2644689,75.67635408,68.51406474,0.028777953,0
19-01-23 12:00,32.13459817,70.57694748,80.07325598,62.98342951,0.015474074,0
19-01-23 13:00,60.49354956,64.20198053,159.6269875,47.26564942,0.03685261,1
19-01-23 14:00,55.63336797,77.14206379,75.39149924,36.04913757,0.027384704,0
19-01-23 15:00,36.78517722,39.58695151,48.93358684,29.84907627,0.019023875,0
19-01-23 16:00,42.55605545,53.02659733,184.9737705,40.42164261,0.009470139,0
19-01-23 17:00,35.23373046,55.3362508,170.6764832,27.76524029,0.041671283,0
19-01-23 18:00,49.06374221,69.88000627,179.3806288,40.50536649,0.0298824,0
19-01-23 19:00,65.23943166,44.28615466,166.8548239,88.58806458,0.066914959,0
19-01-23 20:00,36.18576514,80.48636272,145.9436735,32.5034375,0.029250228,1
19-01-23 21:00,57.81476062,87.02610033,111.2441778,66.3915599,0.030874666,0
19-01-23 22:00,42.32730887,40.70048348,183.8568072,70.83404308,0.002996737,0
19-01-23 23:00,38.73555484,50.05310351,259.660979,26.50658406,0.025256952,0
20-01-23 0:00,48.4060001,49.25386502,120.1805701,31.04953149,0.015236118,0
20-01-23 1:00,35.54309183,125.674296,92.45520032,80.15150614,0.035271888,1
20-01-23 2:00,42.00178797,51.24931894,86.78601286,29.42701618,0.025690992,0
20-01-23 3:00,33.46674306,99.45177497,100.3366882,48.5727701,0.038676661,0
20-01-23 4:00,83.33102184,35.80726302,162.9086848,113.4841975,0.067765408,0
20-01-23 5:00,50.5301968,40.68644326,43.74131394,77.37602018,0.00913835,1
20-01-23 6:00,39.99373317,46.28844351,178.6053755,52.15255398,0.037836065,1
20-01-23 7:00,53.25548606,43.31331008,192.7323069,73.13874806,0.03233939,1
20-01-23 8:00,48.32769685,54.48178118,57.01861723,48.61132971,0.06342154,1
20-01-23 9:00,46.73428357,45.86920755,94.55398869,78.56618403,0.032778855,1
20-01-23 10:00,59.58970124,43.80080752,155.0181556,11.40497086,0.03070765,1
20-01-23 11:00,61.93643358,86.34099798,141.1566432,46.57653514,0.03579817,1
20-01-23 12:00,42.32391425,87.94617232,184.0974804,10.89994495,0.037286451,1
20-01-23 13:00,41.69429304,81.28697223,141.2984663,54.1119862,0.0496155,1
20-01-23 14:00,45.94987798,71.41584043,238.6459472,44.26289254,0.008904087,1
20-01-23 15:00,20.77002358,61.9605063,130.5458113,89.57300331,0.014184369,1
20-01-23 16:00,29.56793802,49.93291476,94.35856145,69.31577882,0.056798232,1
20-01-23 17:00,72.37145927,41.34645624,90.32033498,37.67811258,0.000170254,0
20-01-23 18:00,77.38043448,67.82055859,199.2122654,40.33962853,0.018665869,1
20-01-23 19:00,46.32647836,37.4198742,151.8565858,59.9522028,0.022460064,0
20-01-23 20:00,58.98077238,40.60947871,192.0168189,36.66946208,0.017263303,0
20-01-23 21:00,54.76562898,86.20499184,190.5756714,49.19382433,0.052793359,1
20-01-23 22:00,105.6627192,105.33233,48.23814477,88.11853299,0.028294555,0
20-01-23 23:00,68.04707165,68.4912195,86.54356746,31.334116,0.014253011,0
21-01-23 0:00,48.09759904,85.07197134,92.46098781,39.40937786,0.011056877,0
21-01-23 1:00,36.57995092,54.92784743,102.9917528,42.5977353,0.024747486,0
21-01-23 2:00,28.48397498,34.59290043,124.7879837,158.872119,0.042733611,1
21-01-23 3:00,53.09335199,73.41773513,218.4366491,66.31594397,0.022272,1
21-01-23 4:00,39.22680527,72.44121129,233.5233067,82.14644465,0.017903481,0
21-01-23 5:00,30.68899997,61.5127442,132.2090333,70.97319412,0.010325719,0
21-01-23 6:00,40.71946323,54.99823417,134.6737986,72.97849538,0.026404337,0
21-01-23 7:00,34.94652603,81.59519595,108.8962127,62.51215412,0.02540159,1
21-01-23 8:00,78.15357142,40.75711072,155.6219577,59.53199477,0.009985981,1
21-01-23 9:00,64.00188502,44.64871242,162.9036434,20.0453638,0.039583249,0
21-01-23 10:00,49.88047394,40.35418145,204.3071391,59.33081503,0.056028444,1
21-01-23 11:00,74.38939674,61.79526282,203.7274468,47.32662519,0.02079117,1
21-01-23 12:00,51.16651047,38.92951355,37.91610693,64.52899227,0.025108064,0
21-01-23 13:00,37.82254746,46.33319525,140.6055605,48.2435839,0.005983688,0
21-01-23 14:00,75.16676811,45.92626956,248.0006493,70.82636653,0.033425378,0
21-01-23 15:00,58.37407469,54.62910008,123.7694852,76.14873399,0.028073161,1
21-01-23 16:00,35.51718727,32.08356074,228.9898452,2.638027411,0.015101361,0
21-01-23 17:00,47.18114864,61.8427119,131.4102387,39.71746848,0.009762463,0
21-01-23 18:00,37.63243352,88.52702626,161.116306,13.91498571,0.059801671,0
21-01-23 19:00,31.17013913,62.87285569,86.6994544,56.14489737,0.026563863,0
21-01-23 20:00,64.75046806,95.93125035,88.5470495,42.75356714,0.007843621,1
21-01-23 21:00,82.28712151,90.68328864,198.5012514,89.41052429,0.035884577,1
21-01-23 22:00,30.97747765,77.2397437,209.7792634,55.30996759,0.023832744,1
21-01-23 23:00,58.76147291,61.57676966,151.6559976,38.56896866,0.020952682,0
22-01-23 0:00,40.66369722,60.47326755,82.32062943,76.1070381,0.03852964,1
22-01-23 1:00,42.93041038,76.91488036,152.7492978,42.34869697,0,0
22-01-23 2:00,41.4650217,52.005026,238.0610235,38.2940658,0.000883543,1
22-01-23 3:00,37.7866185,25.78289079,277.1546556,60.30545827,0.047774232,1
22-01-23 4:00,50.73017877,70.69518712,130.8075777,98.12931486,0.017987109,0
22-01-23 5:00,38.22622635,38.16653314,62.78922704,73.52445029,0.013718047,1
22-01-23 6:00,54.12999928,41.18360782,206.7599908,65.13750629,0.003964669,1
22-01-23 7:00,49.24895223,60.00470298,133.2092403,141.4768668,0.023214322,0
22-01-23 8:00,46.47287547,58.01595068,214.275994,33.29902248,0.025378047,1
22-01-23 9:00,37.21021687,33.33734854,168.0410236,32.84085112,0.049280875,1
22-01-23 10:00,41.68109521,63.51640403,99.46758432,53.70280843,0.026375269,0
22-01-23 11:00,61.90148429,81.68907164,153.660627,94.76157444,0.015430151,0
22-01-23 12:00,57.76467584,38.21455907,242.0416436,29.11816803,0.026984549,0
22-01-23 13:00,36.29228558,89.15097069,140.8113572,103.0998899,0.041444712,1
22-01-23 14:00,51.49985149,30.88761218,91.74960764,20.23515838,0.036642332,1
22-01-23 15:00,61.83538946,111.1883993,65.85248123,47.01363018,0.0311015,1
22-01-23 16:00,27.74583478,51.61723367,105.3171369,54.42691265,0.024619495,0
22-01-23 17:00,58.44564318,63.0897634,125.3757542,30.27131939,0.011712589,0
22-01-23 18:00,40.49971386,25.63698154,205.2843375,35.62693729,0.006675239,1
22-01-23 19:00,58.88456287,58.70093394,87.48473925,71.81962235,0.005199389,0
22-01-23 20:00,39.13367719,64.87643189,261.5943624,92.27314244,0.026769089,1
22-01-23 21:00,26.18436789,58.20173168,77.15584303,10.54947189,0.02871733,0
22-01-23 22:00,28.23575782,48.65088783,328.3328452,54.6033651,0.041101379,1
22-01-23 23:00,50.72358636,41.46612169,275.7093955,47.20579413,0.029934338,0
23-01-23 0:00,53.9632933,85.65819467,158.942458,52.71951082,0.040126936,0
23-01-23 1:00,37.25303918,60.64837345,63.30851798,42.38186111,0.017962381,0
23-01-23 2:00,59.98668721,95.91667674,146.5544271,22.73389562,0.034116074,1
23-01-23 3:00,27.83784798,49.35964605,126.7203157,95.69346436,0.006985301,0
23-01-23 4:00,49.01316956,51.15288108,80.09989612,83.01537531,0.019047893,1
23-01-23 5:00,33.30131724,78.12527009,168.6962213,47.43271153,0.000759249,0
23-01-23 6:00,40.64734869,29.86859739,102.5926324,38.50751907,0.020508347,0
23-01-23 7:00,50.7132267,36.72600943,108.3849268,35.87823792,0.04409689,0
23-01-23 8:00,37.83411068,84.85389429,137.5189953,5.415477177,0.021138159,1
23-01-23 9:00,44.3795498,37.44953119,116.0513192,59.2210678,0.033112294,0
23-01-23 10:00,66.10701736,26.76334857,305.7971981,71.33480447,0.024594854,1
23-01-23 11:00,41.67942619,104.4761617,118.2397764,53.50460388,0.011849344,1
23-01-23 12:00,63.23376299,33.64392085,178.7213196,47.86395107,0.017118147,0
23-01-23 13:00,34.33063476,63.91735729,159.2222165,53.38796119,0.043049918,0
23-01-23 14:00,58.22775514,61.45794819,172.7934854,30.8533342,0.03300765,1
23-01-23 15:00,73.7016494,12.82625265,177.9227264,38.25978559,0.011262741,0
23-01-23 16:00,19.03435903,54.4935301,209.7458813,45.92467432,0.003575687,0
23-01-23 17:00,38.68161322,69.7182899,167.0788408,68.87298912,0.023437902,0
23-01-23 18:00,58.98909415,67.62879972,164.3594559,90.17521057,0.011705675,0
23-01-23 19:00,46.99554664,80.1984588,153.6753342,44.42883013,0.017255489,1
23-01-23 20:00,55.70493736,52.08790667,141.4638412,27.15509202,0.003075274,0
23-01-23 21:00,41.30502031,75.72408715,98.00088466,50.89498185,0.039901545,1
23-01-23 22:00,51.3063446,46.23685142,146.2179562,112.4255673,0.018476569,1
23-01-23 23:00,47.68907687,33.36431175,165.4284706,28.80701862,0.020883523,0
24-01-23 0:00,68.88044587,35.27385252,176.1057028,74.50016017,0.008754435,0
24-01-23 1:00,53.88104262,32.50233092,161.4628139,88.75338573,0.015792672,0
24-01-23 2:00,55.17801549,82.73020107,135.7659199,41.3884606,0.022004346,1
24-01-23 3:00,43.99148814,31.63485568,146.4520547,33.95493036,0.011316138,0
24-01-23 4:00,42.92366647,65.86746158,117.2362413,65.36564263,0.016686001,0
24-01-23 5:00,43.69873377,54.52166544,170.165155,59.20470559,0.047946075,1
24-01-23 6:00,56.07237463,57.86018505,136.4728719,68.81748773,0.001187269,0
24-01-23 7:00,43.86246072,91.42489048,161.4806722,114.7435482,0.023055176,1
24-01-23 8:00,54.43059232,51.08135312,218.5598306,54.25987749,0.009283414,0
24-01-23 9:00,85.43830045,73.4047175,108.6842085,24.45857905,0.046742456,0
24-01-23 10:00,63.8257288,60.79094689,189.4297336,51.67932272,0.01720635,0
24-01-23 11:00,45.21593836,56.8422676,152.0822537,56.21396891,0.006535125,0
24-01-23 12:00,69.46112372,116.2341386,300.8359414,86.49636499,0.016689702,1
24-01-23 13:00,44.04539491,32.84802238,136.7619445,45.1970388,0.02596088,0
24-01-23 14:00,23.58208359,89.56455988,196.3473092,40.27531364,0.087522199,1
24-01-23 15:00,35.89494335,74.43084224,150.9610051,21.36066902,0,0
24-01-23 16:00,25.4379836,50.27489144,74.79530468,64.5843021,0.00512778,0
24-01-23 17:00,44.85085947,98.19770711,119.0836343,167.3366537,0.045994291,1
24-01-23 18:00,50.27661492,26.31295412,209.6808203,44.58386564,0.002687523,1
24-01-23 19:00,77.95700175,49.45126086,124.0799432,61.91166371,0.020154389,1
24-01-23 20:00,55.01079211,36.81251757,40.81120894,37.20454117,0.012967087,0
24-01-23 21:00,46.76149711,68.90847194,148.0432283,22.89295014,0.010983644,0
24-01-23 22:00,63.12899734,38.48402142,88.8881729,61.42158103,0.017333869,0
24-01-23 23:00,21.72208972,69.37565945,158.3428638,50.70709082,0.01500911,0
25-01-23 0:00,53.58973259,56.13697307,261.3830362,7.433752132,0.040265124,1
25-01-23 1:00,62.15721106,50.27823751,201.6434692,98.02729529,0.046545816,0
25-01-23 2:00,30.0074236,68.38816219,260.2088561,60.9181885,0.027366069,1
25-01-23 3:00,68.46448396,54.46718226,116.7972732,51.86377041,0.01639003,0
25-01-23 4:00,55.19202593,38.91635703,141.1750837,39.98477182,0.024335938,0
25-01-23 5:00,43.94314534,128.0137299,91.26781951,60.62514271,0.034824608,1
25-01-23 6:00,59.89214088,50.12548695,110.0547773,61.89617373,0.039037371,1
25-01-23 7:00,89.21643892,20.80689437,97.22439094,60.51621088,0.026331554,0
25-01-23 8:00,52.76106916,43.37962282,78.57496393,80.12165354,0.051443834,0
25-01-23 9:00,53.78492225,35.79617485,246.559425,87.41496355,0.011276068,0
25-01-23 10:00,43.32059894,78.37283281,45.51026882,112.2070372,0.042137802,0
25-01-23 11:00,37.97456991,66.9098965,246.8973653,31.17985995,0.032758126,1
25-01-23 12:00,63.14449482,68.61142669,237.1946599,36.65089885,0.011356295,1
25-01-23 13:00,37.89162213,52.43490316,182.7357985,59.42091185,0.023885402,0
25-01-23 14:00,51.07861528,54.25069965,87.79605445,32.34367623,0.025095453,0
25-01-23 15:00,43.06329493,52.41683165,66.13372403,35.69545108,0.017788001,0
25-01-23 16:00,57.41411906,58.30483163,117.5292495,62.558269,0.0176232,0
25-01-23 17:00,55.11626198,78.58867507,191.414682,74.95560972,0.002578056,0
25-01-23 18:00,66.6395883,67.22700369,150.1915337,86.78217524,0.010396992,1
25-01-23 19:00,42.60987074,70.87753869,91.31462873,45.29594059,0.01635651,0
25-01-23 20:00,46.02470845,70.86507573,229.6730444,62.22235609,0.011822409,1
25-01-23 21:00,36.27652267,79.74664882,272.2968412,56.24573735,0.008505858,1
25-01-23 22:00,43.5329976,66.17569654,136.1456353,50.44237149,0.040355206,1
25-01-23 23:00,55.80186306,67.72896744,156.9052838,31.59738374,0.0183696,0
26-01-23 0:00,61.92786102,87.08482148,69.35670337,29.08866425,0.068752177,1
26-01-23 1:00,37.01790902,46.69746483,125.1311283,68.00023529,0.023712809,0
26-01-23 2:00,63.80030326,43.12784887,183.4657925,31.26027986,0.039888252,1
26-01-23 3:00,72.17232189,37.20526148,172.9340728,15.04935091,0.016799992,0
26-01-23 4:00,56.37245197,63.89139244,119.8171193,49.20899326,0.010726644,0
26-01-23 5:00,81.67429971,26.22610777,133.3110377,92.73418056,0.024412856,1
26-01-23 6:00,38.99191174,70.02561563,123.2493136,3.562305959,0.045763343,1
26-01-23 7:00,32.87934478,57.72482971,133.061211,43.04114621,0.018598643,0
26-01-23 8:00,26.48304199,85.75854457,177.5269413,68.24811698,0.027747283,1
26-01-23 9:00,74.67881325,46.56694579,50.25614526,14.3880069,0.024319979,0
26-01-23 10:00,60.24367926,55.79232349,145.3863224,44.80320989,0.018460798,0
26-01-23 11:00,49.16931959,85.45528048,172.6083682,25.40865732,0.019257386,1
26-01-23 12:00,54.27791183,91.91544491,116.2974238,27.86377041,0.007015261,1
26-01-23 13:00,34.38438989,46.41071118,121.4202458,40.42536605,0.019822952,0
26-01-23 14:00,92.66798244,63.86697251,123.0674784,25.7056863,0.031733082,1
26-01-23 15:00,51.95501584,66.31282233,121.4363099,24.20796658,0.024993731,0
26-01-23 16:00,51.65288914,68.05614682,150.3679438,48.52973141,0.023048656,0
26-01-23 17:00,61.41323655,54.58933012,158.1625226,120.5589217,0.033177108,1
26-01-23 18:00,57.44650836,89.37196648,45.19081759,70.66610774,0.023232957,1
26-01-23 19:00,53.40838442,25.67269573,193.3625399,78.3268486,0.020223236,1
26-01-23 20:00,38.76773303,51.42229108,132.3796658,71.83844315,0.033383949,1
26-01-23 21:00,57.29430777,69.7075083,293.2282783,34.0217354,0.022241572,1
26-01-23 22:00,81.77238365,69.91530284,84.04212376,58.06065575,0.016382407,1
26-01-23 23:00,71.99145579,91.15287514,100.3062499,81.0571546,0.028150155,0
27-01-23 0:00,76.43604303,87.3163494,137.5652212,72.76686558,0.019440227,0
27-01-23 1:00,42.59310632,54.1259269,176.8511222,54.97732547,0.015733534,0
27-01-23 2:00,36.1352454,89.83179399,50.91000103,63.81250742,0.022559224,0
27-01-23 3:00,48.12901855,45.7699068,102.3056881,129.7690936,0.022757212,0
27-01-23 4:00,50.83897895,80.84846202,189.0554672,73.10007517,0.005995967,1
27-01-23 5:00,67.61012786,102.9379595,96.13588745,42.41899233,0.025664815,1
27-01-23 6:00,27.47746708,87.72796002,246.8884822,48.16551928,0.059773035,0
27-01-23 7:00,75.28277897,62.23795912,122.868337,26.97992059,0.007205135,0
27-01-23 8:00,47.65484802,53.19776152,98.64240785,125.2016319,0.012716535,1
27-01-23 9:00,43.7790114,31.40446981,190.3746544,97.81393742,0.087666057,0
27-01-23 10:00,35.84278964,66.6659847,265.9826887,52.10109914,0.008873583,0
27-01-23 11:00,27.91570053,38.44600241,177.0650812,118.7884321,0.04554664,0
27-01-23 12:00,63.02516857,44.28776596,238.3089311,67.00979057,0.016497621,1
27-01-23 13:00,51.10514503,37.12115153,271.6563452,39.78572547,0.02097309,0
27-01-23 14:00,32.31458563,50.64970266,97.48277306,75.12628214,0.01795293,1
27-01-23 15:00,32.25104744,59.41381573,213.9329282,60.44283665,0.027354873,0
27-01-23 16:00,45.07598087,65.85820361,68.70886752,73.0524314,0.002210809,0
27-01-23 17:00,77.82095573,47.93027299,177.6396612,21.39594107,0.023084246,1
27-01-23 18:00,46.1735174,84.1700093,145.5731493,31.71197317,0.014034313,1
27-01-23 19:00,29.71229444,55.69271373,236.9539389,93.85840699,0.000603951,0
27-01-23 20:00,46.37424369,44.38858885,231.5107612,100.928581,0.041703401,1
27-01-23 21:00,45.9835246,64.8289499,187.5593778,91.38545026,0,1
27-01-23 22:00,16.81989792,107.0179191,169.186099,120.2333548,0.068222603,1
27-01-23 23:00,49.18852493,67.20687081,183.3236746,65.43426991,0.031013145,1
28-01-23 0:00,46.5893128,52.57752813,153.8835733,63.44848468,0.003780996,0
28-01-23 1:00,60.92779877,31.42301881,146.1977357,29.671668,0.046780982,1
28-01-23 2:00,81.15298007,55.46455391,252.6473265,36.49776424,0.009683137,0
28-01-23 3:00,68.16762421,65.01627746,262.3363613,12.15302143,0.010213148,1
28-01-23 4:00,46.03897077,52.0861297,141.2667041,42.27290946,0.000914957,0
28-01-23 5:00,34.62651096,29.18718159,165.1911015,11.24943675,0.008415889,0
28-01-23 6:00,95.22257773,43.22331904,155.143457,80.52961786,0.009731603,1
28-01-23 7:00,50.89178333,93.71883088,64.85427859,60.16253276,0.035098426,1
28-01-23 8:00,50.2091334,93.1985594,129.6519098,11.66185429,0.042762126,0
28-01-23 9:00,49.63870571,42.55977097,265.3358338,45.36155236,0.00476605,1
28-01-23 10:00,53.01050898,74.80679507,106.511991,110.8063965,0.024548215,0
28-01-23 11:00,47.85543375,37.33352223,308.9867307,46.90572217,0.000715537,1
28-01-23 12:00,41.72415799,92.44879825,231.5011749,28.03096003,0.024615312,1
28-01-23 13:00,42.09617058,65.24016374,176.060839,14.92649833,0.068617055,1
28-01-23 14:00,49.50977372,81.29519993,186.9399765,15.35571977,0.001026198,1
28-01-23 15:00,42.14393891,28.39535749,97.72219022,64.2500369,0.00685398,0
28-01-23 16:00,39.81546237,74.9191672,133.8452807,39.7179208,0.033223191,1
28-01-23 17:00,51.60778081,59.838933,252.5532328,41.59473712,0.035666173,1
28-01-23 18:00,46.24035512,78.9791852,113.8577942,39.81038,0.007599234,0
28-01-23 19:00,74.82188974,80.46769839,223.0767384,46.55300299,0.050091637,0
28-01-23 20:00,17.2630938,61.38796992,75.31242626,23.83871211,0.00894625,0
28-01-23 21:00,67.56398999,47.92407196,83.72860071,58.20239194,0.055176963,1
28-01-23 22:00,70.24400619,77.28550903,290.5281235,20.50462307,0.02815733,1
28-01-23 23:00,23.19809357,58.74218336,149.2610191,32.81783201,0.045187404,1
29-01-23 0:00,44.97712088,42.81414634,118.0836498,78.33601034,0.026345791,0
29-01-23 1:00,44.56635533,41.94682333,246.3136771,59.8297156,0.031806231,1
29-01-23 2:00,30.86841375,32.25256933,237.1762753,68.55252494,0.032874985,0
29-01-23 3:00,38.93774849,49.67448125,212.6338941,117.6322205,0.042248193,1
29-01-23 4:00,34.57474103,84.98042759,116.3300819,48.51932555,0.019477988,1
29-01-23 5:00,79.35450836,63.78186095,132.5615817,50.53788813,0.008031019,1
29-01-23 6:00,64.91066995,49.29585891,170.0594766,43.60157281,0.018755668,0
29-01-23 7:00,70.69017878,77.87366432,196.2931016,39.50449463,0.010656815,1
29-01-23 8:00,61.34589153,43.55751693,119.7711099,27.79911078,0.011454319,0
29-01-23 9:00,34.33898133,62.01599327,160.8459764,52.12282096,0.054691299,1
29-01-23 10:00,42.40731752,56.27616278,167.1409449,59.2543937,0.031127016,1
29-01-23 11:00,57.58010588,77.27230993,240.3577682,60.77545529,0.030225678,1
29-01-23 12:00,33.16167925,30.60967821,200.5694264,51.62152378,0.040613989,1
29-01-23 13:00,61.20334321,43.23010165,69.44760438,75.7276472,0.031024126,1
29-01-23 14:00,46.45287532,29.62261442,136.9219332,50.73851682,0.060331175,1
29-01-23 15:00,44.51817852,54.64955453,97.12687067,40.2700369,0,0
29-01-23 16:00,61.1698636,87.64131247,187.4418037,29.40321672,0.007024091,1
29-01-23 17:00,56.86131956,49.76882392,212.8103571,18.47359233,0.010262074,1
29-01-23 18:00,44.71580409,49.66683442,156.4091308,92.90881692,0.003666324,1
29-01-23 19:00,68.73399264,79.44606812,133.6734132,33.98966647,0.021845019,0
29-01-23 20:00,34.952748,84.15223797,154.3518188,29.4289004,0.022635659,0
29-01-23 21:00,59.61841078,58.15177484,163.3193382,40.08455881,0.06331124,0
29-01-23 22:00,59.24828797,75.08226358,112.4521372,43.27278129,0.036911131,1
29-01-23 23:00,45.45262241,39.12370127,82.74209668,99.01697991,0.012652326,0
30-01-23 0:00,54.99835808,91.78568091,47.0847304,42.11936399,0.028642926,1
30-01-23 1:00,32.79858154,112.0482403,238.8333866,136.6387161,0.000781887,1
30-01-23 2:00,64.71423122,71.35303047,182.5011669,51.60460212,0.022336793,0
30-01-23 3:00,47.26065675,22.74569341,173.4454236,114.1198019,0.021444247,1
30-01-23 4:00,42.43239405,48.74459603,238.6792999,74.74556072,0.008007781,1
30-01-23 5:00,66.83555874,73.43266407,80.99044893,59.41697955,0.016902283,0
30-01-23 6:00,39.93094468,51.41532893,59.59755748,96.91501753,0.010358225,1
30-01-23 7:00,30.85684378,89.14390338,174.9002998,81.83394398,0.007688197,1
30-01-23 8:00,29.07365678,72.870196,168.8455096,67.07542972,0.032156834,1
30-01-23 9:00,59.45739733,45.91267593,59.77786401,124.0535762,0.039749496,1
30-01-23 10:00,32.43305904,60.67912255,173.2455987,38.28536809,0.028940215,0
30-01-23 11:00,79.40121535,42.42790911,125.9471359,28.09671777,0.013566132,1
30-01-23 12:00,23.10548894,56.21572341,103.4653431,34.4660955,0.010716074,0
30-01-23 13:00,78.32480973,48.81490244,129.8280464,103.0182138,0.013984947,1
30-01-23 14:00,53.20979038,86.74009574,33.17083489,92.58311444,0.016625084,0
30-01-23 15:00,48.55865675,111.1525137,115.1374519,37.6961527,0.00832818,0
30-01-23 16:00,42.12315051,33.01749507,108.9577745,7.766865869,0.040192819,1
30-01-23 17:00,56.14635135,25.16059931,186.6810818,44.98099063,0.016886364,0
30-01-23 18:00,49.43689583,54.94154342,140.2608371,27.74850596,0.033993222,1
30-01-23 19:00,67.76680327,31.57164968,192.3782252,38.38351894,0.003480602,0
30-01-23 20:00,51.72646269,60.97364695,30.87845491,26.97510913,0.01040799,0
30-01-23 21:00,52.27711704,76.56901634,101.7808761,17.53338654,0.035965965,0
30-01-23 22:00,44.67803066,94.72566986,186.6046121,107.7194853,0.036265983,0
30-01-23 23:00,49.14905845,64.29012539,131.2683447,34.31050154,0.005097756,0
31-01-23 0:00,54.71176846,55.99970369,207.1301044,91.30358605,0.025124654,1
31-01-23 1:00,27.27215004,24.32492707,56.75186813,44.61274249,0.025594372,0
31-01-23 2:00,31.5948226,60.55091663,198.9015658,25.56604933,0.010173285,1
31-01-23 3:00,61.70140292,61.50465528,112.5047925,63.50416163,0.026094311,0
31-01-23 4:00,52.59217657,74.03049181,107.2395991,40.68235497,0.002206256,0
31-01-23 5:00,47.27409982,45.87468295,217.8334859,44.95114496,0.007747116,0
31-01-23 6:00,50.27684881,51.14780154,230.718906,53.68564155,0.030659579,1
31-01-23 7:00,55.33453862,32.23868864,221.0923518,31.67374818,0.020474615,1
31-01-23 8:00,42.19494531,19.75788515,302.3514857,17.35584038,0.021322613,1
31-01-23 9:00,38.93118736,38.56470979,238.8039738,48.72614535,0.017290639,1
31-01-23 10:00,52.97603419,30.72204265,104.0815297,76.88535458,0.029455234,1
31-01-23 11:00,36.28162163,67.24102096,158.9727512,29.89881892,0.030388565,0
31-01-23 12:00,56.29046165,49.52187916,128.2660859,53.92016979,0.034543378,1
31-01-23 13:00,27.36003687,49.13156908,301.5213502,94.43733404,0.022058085,0
31-01-23 14:00,66.49649589,40.7809296,226.3787979,47.78005102,0.014238002,0
31-01-23 15:00,57.31231062,7.79034483,138.4090457,52.17459602,0.012018539,0
31-01-23 16:00,53.90599724,95.0870277,209.493716,51.38945405,0.006441228,1
31-01-23 17:00,65.70604633,40.4951307,82.09747422,34.3381711,0.014042082,0
31-01-23 18:00,77.75592179,51.594314,166.0171442,28.12639664,0.011400957,1
31-01-23 19:00,66.2444976,32.62233135,96.65803583,28.20436087,0.053320424,1
31-01-23 20:00,25.77570447,81.8275101,61.57104918,59.61125652,0.006537234,1
31-01-23 21:00,32.44366271,63.04286547,202.7264975,70.6699206,0.039826154,1
31-01-23 22:00,41.01811959,43.67064839,211.7401701,72.07152819,0.015931244,1
31-01-23 23:00,50.3920465,51.99394426,179.8300501,40.96631273,0.016824326,0
01-02-23 0:00,58.03285617,99.46621014,138.7654216,80.91868422,0.026901865,1
01-02-23 1:00,39.64054689,58.47562874,80.47456953,57.96751304,0.003340146,0
01-02-23 2:00,52.83638329,56.23313633,85.5081799,51.78356893,0.009120279,0
01-02-23 3:00,39.23985939,41.56028744,95.05702334,0,0.004763056,0
01-02-23 4:00,41.20118698,25.59795244,135.7230385,31.56923513,0.014349656,0
01-02-23 5:00,30.87877899,56.67760642,224.2101349,18.91376893,0.007932785,0
01-02-23 6:00,37.00386094,66.9940982,223.0220057,66.85650123,0.046278889,0
01-02-23 7:00,31.55178219,84.90490274,63.27117581,52.4029273,0.011687373,1
01-02-23 8:00,36.31422981,20.36517777,109.5563512,26.64780478,0,0
01-02-23 9:00,66.91478798,38.27173975,108.1017276,57.88697366,0.014984611,0
01-02-23 10:00,36.66037492,48.31032742,31.01312654,20.49168239,0.03487524,1
01-02-23 11:00,96.41516631,59.92692035,187.3055167,27.17424676,0.054057621,1
01-02-23 12:00,57.64313106,56.98584464,134.9785789,33.75770974,0.01648611,0
01-02-23 13:00,52.80670625,57.4667498,143.0053989,64.37864978,0.012531156,0
01-02-23 14:00,37.86141138,68.81983082,244.9851546,90.86135302,0.019769395,1
01-02-23 15:00,60.99508212,42.25475234,155.5661042,36.3800065,0.027157713,0
01-02-23 16:00,41.69679151,80.92590064,124.1925183,88.30815662,0.005760993,0
01-02-23 17:00,51.84503361,69.3843228,187.7184881,51.19183006,0.016268062,0
01-02-23 18:00,94.95530092,53.43696147,222.9067479,56.07073772,0.019214808,1
01-02-23 19:00,48.56832901,97.46342743,169.056581,48.41709912,0.020739146,1
01-02-23 20:00,68.55992907,96.31838306,195.9242437,45.18395432,0.01774999,1
01-02-23 21:00,39.94681071,80.89624307,141.0291615,61.56145449,0.007654552,1
01-02-23 22:00,49.47639684,10.27783528,144.924095,70.15225603,0.025764122,0
01-02-23 23:00,79.69774443,96.89744836,157.1404365,30.23232888,0.019292796,1
02-02-23 0:00,40.98858182,77.63739064,106.3330876,45.37499226,0.019254555,0
02-02-23 1:00,80.47169815,108.1730948,116.4323131,100.0913155,0.006195151,1
02-02-23 2:00,61.11719183,88.28373435,247.5087915,54.52390382,0.031472527,1
02-02-23 3:00,41.87936724,96.88194464,299.6885821,57.41392646,0.007528779,0
02-02-23 4:00,59.88605563,79.60980337,264.7229348,83.269261,0.053701621,0
02-02-23 5:00,65.5341789,91.05101719,77.8024754,38.22262566,0.005303851,1
02-02-23 6:00,59.71379706,107.8413928,73.3548766,49.15444442,0.033938375,0
02-02-23 7:00,28.91223487,64.61799344,84.08739421,72.42282917,0.000392558,0
02-02-23 8:00,39.62167084,30.6910219,158.507575,85.577192,0,1
02-02-23 9:00,46.34848594,53.68511941,28.93456556,7.653126059,0.012047026,0
02-02-23 10:00,48.8890389,68.41694394,115.2800258,33.21132295,0,0
02-02-23 11:00,59.69531532,61.5810515,249.823276,28.0310672,0.033273058,1
02-02-23 12:00,52.69709266,36.15307381,217.1935433,46.95037038,0.019652571,1
02-02-23 13:00,31.75297918,29.73815227,119.7366485,29.48715574,0.048305151,1
02-02-23 14:00,55.84751817,45.25956711,124.0420666,67.92574583,0.017408767,0
02-02-23 15:00,59.53160113,77.94119546,187.3831856,54.3994345,0.02406777,0
02-02-23 16:00,58.71022206,96.93334587,213.7026631,74.60173171,0.015924672,0
02-02-23 17:00,67.37979786,80.50806418,118.3843328,76.54987143,0.008308375,1
02-02-23 18:00,63.20425848,83.88320173,135.6816882,68.36062392,0.013988007,1
02-02-23 19:00,57.09854753,58.3126697,116.546594,41.9435021,0.005085265,0
02-02-23 20:00,48.95243756,27.96854532,77.42560792,52.63955988,0.026648977,0
02-02-23 21:00,27.84437722,50.75120647,136.5557396,39.11536664,0.015358751,0
02-02-23 22:00,56.6288451,54.66638588,132.0299674,21.46912458,0.018426187,0
02-02-23 23:00,53.15844948,49.93248954,80.74508427,76.57382995,0.089100042,0
03-02-23 0:00,54.14743762,61.15307947,192.8845821,47.9195849,0.014038551,0
03-02-23 1:00,32.47885829,69.56209206,181.6091357,19.20822904,0.025315474,0
03-02-23 2:00,34.95283514,79.00477132,196.3866367,64.2886838,0.019142626,0
03-02-23 3:00,66.90642373,54.27550884,105.5351952,44.55173641,0.042541581,1
03-02-23 4:00,49.4082373,25.45750229,49.63395494,11.2332779,0.02398592,0
03-02-23 5:00,60.68695366,50.20932423,180.5185859,21.31816453,0.015878247,0
03-02-23 6:00,50.42557757,60.92078424,111.1392295,33.95728902,0.072447162,1
03-02-23 7:00,50.44722752,87.92185519,99.09298001,55.39574744,0.008462219,1
03-02-23 8:00,64.95463359,48.55964393,80.91527743,71.56342612,0.017011294,0
03-02-23 9:00,42.52563124,71.15746765,133.247157,70.54872607,0.037183539,1
03-02-23 10:00,51.45105086,66.21807238,263.5107245,66.1619051,0.008917886,1
03-02-23 11:00,43.27956911,60.92480208,119.9422802,49.14448303,0.034008279,1
03-02-23 12:00,43.67134356,80.84003809,89.01333379,101.9540602,0.013018135,1
03-02-23 13:00,45.45800555,46.7774015,193.2959405,68.96624037,0.039071229,1
03-02-23 14:00,53.38134999,48.41734374,160.979952,55.70062662,0.038495839,1
03-02-23 15:00,43.04797092,59.75029516,44.49229424,65.12776889,0.018583009,0
03-02-23 16:00,70.41326533,47.17160472,194.0288609,40.50181172,0.006995268,0
03-02-23 17:00,37.38121269,71.05537284,310.2114858,48.57874046,0.014196149,0
03-02-23 18:00,47.23184635,45.7859265,30.49598054,10.95474688,0.019763598,0
03-02-23 19:00,43.59739753,64.82920875,81.93018977,40.7800297,0.036579417,1
03-02-23 20:00,73.79841326,57.91142373,28.63604684,103.2888179,0.025437596,1
03-02-23 21:00,52.98695543,64.58273502,145.3274982,53.7754276,0.029474554,0
03-02-23 22:00,66.54237125,50.66247393,217.7843292,52.70267457,0.025955355,1
03-02-23 23:00,29.92348403,53.05161712,156.6605793,77.9567328,0.035687764,1
04-02-23 0:00,54.07706983,62.0300213,248.6256433,59.32975247,0.016913918,1
04-02-23 1:00,64.13590489,64.30481579,206.0482759,32.19357522,0.022719805,0
04-02-23 2:00,51.24103049,59.91178626,273.7680408,50.59311684,0.020456416,0
04-02-23 3:00,67.11745406,100.1750006,230.5897072,25.48568927,0.013568125,1
04-02-23 4:00,42.50826059,40.66686417,125.7902369,54.69144455,0.039257972,0
04-02-23 5:00,73.12647181,58.6579035,154.197118,31.16172614,0.038794386,0
04-02-23 6:00,89.76840444,30.66825298,100.2352903,75.79255796,0.043654401,1
04-02-23 7:00,44.68907341,68.02137799,135.9032031,38.02502093,0.009530519,0
04-02-23 8:00,43.51593468,38.44548499,153.8874184,31.42281188,0.025982148,0
04-02-23 9:00,73.9130936,54.27166952,144.7365478,47.21739346,0.04105767,1
04-02-23 10:00,76.18863035,52.39429696,244.7007126,59.53532902,0.050822436,0
04-02-23 11:00,42.4304822,66.0170634,130.0185618,24.18965173,0.002689802,0
04-02-23 12:00,43.8737547,48.84975743,96.95730965,37.78349166,0.019953846,0
04-02-23 13:00,45.85263343,48.03016366,100.1866504,52.66223497,0.017079949,0
04-02-23 14:00,31.64078951,93.24551142,193.5187052,88.83290486,0.05304577,0
04-02-23 15:00,37.0641422,66.09736999,74.11663385,5.965316142,0,0
04-02-23 16:00,35.94618718,48.6900992,137.6687196,66.51435739,0.00653355,0
04-02-23 17:00,39.07254962,54.82686919,243.5423068,40.85222852,0.049089269,0
04-02-23 18:00,49.48092973,98.61324338,168.801086,38.36865951,0.013146392,1
04-02-23 19:00,53.56807753,55.14449134,145.370559,34.3636278,0.004258035,0
04-02-23 20:00,75.66155917,46.23784431,147.7633371,41.2998704,0.051051363,1
04-02-23 21:00,36.02140018,46.31891044,92.01223248,66.67667201,0.003241245,0
04-02-23 22:00,65.73372656,48.92065374,100.8371601,37.44475737,0.03948625,0
04-02-23 23:00,46.83595856,48.04568914,138.0297208,99.71758282,0.002339099,1
05-02-23 0:00,49.26049101,35.58364311,167.3960987,66.7642989,0.003162189,0
05-02-23 1:00,60.57767373,38.28753675,214.6533064,55.06688202,0.023322431,1
05-02-23 2:00,34.41967441,43.61593056,155.8364434,45.93132096,0.00858594,0
05-02-23 3:00,55.88238341,72.94792579,245.5283738,83.99361417,0.02457986,1
05-02-23 4:00,52.52448946,52.21202977,265.78484,88.75533798,0.058574816,1
05-02-23 5:00,57.62927721,55.71397848,203.4989004,25.01187179,0.017591866,0
05-02-23 6:00,54.42114816,89.09153392,235.5648147,33.93053022,0.053993672,0
05-02-23 7:00,92.85800088,89.71071543,93.9694846,67.07402166,0.025504163,1
05-02-23 8:00,40.84061252,54.19476792,86.09901573,76.04913719,0.038035035,1
05-02-23 9:00,42.31700344,47.34884943,183.9831145,42.76209963,0,0
05-02-23 10:00,41.04119622,42.96782306,76.96744932,33.09255162,0.031395526,1
05-02-23 11:00,41.97639804,75.26819856,132.3576546,51.98385548,0.028423399,0
05-02-23 12:00,40.84545544,55.76400567,201.7679158,93.45920623,0.014627842,0
05-02-23 13:00,69.24900828,52.10767475,250.3215459,51.03090793,0.061107607,1
05-02-23 14:00,73.32539604,43.90611898,134.4992754,23.19411956,0.012838429,0
05-02-23 15:00,41.76455693,44.72558498,111.9130471,52.77560614,0.002023441,0
05-02-23 16:00,38.2074822,66.87487789,170.6450252,71.40678541,0.034345683,0
05-02-23 17:00,57.29346597,34.97136316,89.81850793,47.49639929,0.003301742,0
05-02-23 18:00,42.02160463,82.37688815,139.3502374,86.2031215,0.021242986,0
05-02-23 19:00,59.89457995,49.21674764,149.500381,73.89530954,0.046823537,1
05-02-23 20:00,53.08502307,56.89123154,148.2556991,48.4674694,0.028721095,0
05-02-23 21:00,29.5613185,34.60472797,155.5784643,51.08418471,0.016225392,0
05-02-23 22:00,75.60735037,59.74054467,102.0213118,14.13224381,0.014751849,1
05-02-23 23:00,80.16334171,53.26695217,107.7340508,84.6496143,0.045048758,0
06-02-23 0:00,41.18367962,58.95206952,106.6543299,42.08781133,0.004945938,0
06-02-23 1:00,44.3347891,94.15477749,64.49233781,40.4809777,0.034203012,1
06-02-23 2:00,54.36969988,63.77902385,172.0654829,37.1606768,0.069533499,1
06-02-23 3:00,55.12871319,44.25938196,210.7185625,62.04315705,0.029580959,1
06-02-23 4:00,60.31184465,45.8212459,203.5740387,25.60451865,0.016361664,0
06-02-23 5:00,84.19399037,73.0290266,134.0073738,28.30146865,0.017515816,1
06-02-23 6:00,47.37710191,89.80246551,103.2585495,48.69514912,0.01300621,1
06-02-23 7:00,38.66281982,66.03949509,199.8436909,35.51472357,0.010854858,1
06-02-23 8:00,31.21273311,75.1744555,192.3820247,58.71798398,0.021926025,0
06-02-23 9:00,39.57030812,73.36216233,163.8724206,36.2966761,0.03225685,0
06-02-23 10:00,49.5041928,92.82096839,277.2751837,97.50832866,0.05355615,0
06-02-23 11:00,80.13880588,24.75995914,148.3525948,68.77908761,0.000179506,1
06-02-23 12:00,42.50375197,74.67936939,134.3403308,68.41297341,0,0
06-02-23 13:00,53.40690032,82.11006183,125.9705402,35.97389233,0.054052748,1
06-02-23 14:00,49.75392627,34.57507391,67.06317863,127.5038759,0.020923982,1
06-02-23 15:00,69.23817767,42.57758033,193.957971,39.60291666,0.021788117,0
06-02-23 16:00,94.28937387,43.21930921,143.4739275,33.6833184,0.028774625,0
06-02-23 17:00,42.31879006,45.4921086,183.4308818,69.16702022,0.017114995,0
06-02-23 18:00,42.89795933,50.23201891,285.4724626,54.9950454,0.063306236,1
06-02-23 19:00,66.75268509,65.18294326,126.4941361,31.5496509,0.028594946,0
06-02-23 20:00,60.69334835,79.30325658,36.67216376,119.3614133,0.013439434,1
06-02-23 21:00,81.11093783,84.46152566,181.4554703,77.2453706,0.014653963,1
06-02-23 22:00,59.09989491,43.45863694,160.5957642,50.10018066,0.017765307,0
06-02-23 23:00,44.73970944,43.33152176,107.4405648,127.3237429,0.009377987,1
07-02-23 0:00,59.20869559,90.22933931,175.7760692,72.24159693,0.055594901,1
07-02-23 1:00,67.85977734,74.20903922,202.8387046,49.70290065,0.022029432,1
07-02-23 2:00,62.98042373,61.75046155,96.21330254,122.6508143,0.005382205,1
07-02-23 3:00,57.86643741,70.2761416,131.711564,67.77740097,0.026975799,0
07-02-23 4:00,67.13791524,59.37545298,255.3819176,66.51671176,0.049237222,1
07-02-23 5:00,68.90668603,71.42906198,108.0230446,40.78910279,0.040349056,0
07-02-23 6:00,72.64274834,53.11201061,154.1935289,51.24266222,0.009574968,0
07-02-23 7:00,60.15147283,65.75328776,30.31691625,40.23868131,0.005944977,0
07-02-23 8:00,47.52115725,31.701157,70.55985272,92.21191071,0.048948903,1
07-02-23 9:00,52.2222302,46.26610066,159.9937142,17.53528807,0.001926187,0
07-02-23 10:00,69.55329838,46.47028149,235.7969625,89.74356695,0.02634742,0
07-02-23 11:00,38.41334883,52.34806115,76.003894,30.37562652,0.011873258,0
07-02-23 12:00,55.66601964,41.83086187,154.6936127,48.56203452,0.046195263,0
07-02-23 13:00,44.25463324,49.22258706,127.3646144,42.88104845,0.006461645,0
07-02-23 14:00,50.43199861,31.63747962,215.0182645,37.80786367,0.009159585,1
07-02-23 15:00,70.8112171,71.97431832,82.78556276,68.67201022,0.031014628,1
07-02-23 16:00,52.90300487,58.27742882,177.9896537,49.87035045,0.03462679,1
07-02-23 17:00,50.69870458,28.55223972,111.7082011,34.6449959,0.047299059,1
07-02-23 18:00,31.45136661,43.51398335,164.2383523,53.92103212,0.028237814,0
07-02-23 19:00,61.75069788,67.23858076,154.3366997,34.05144203,0.025958172,0
07-02-23 20:00,60.09891255,49.03884838,134.6441641,37.42321999,0.040087792,1
07-02-23 21:00,87.12849185,46.09282044,181.2330654,19.29381305,0.003705961,0
07-02-23 22:00,45.47805392,58.44189988,152.7397293,39.35060973,0.008246937,0
07-02-23 23:00,53.33528178,67.39263714,141.8054312,63.0878275,0.004378791,0
08-02-23 0:00,53.80294748,32.93126097,128.4861631,50.93225773,0,0
08-02-23 1:00,76.15015805,72.00666012,154.8860284,105.2599601,0.035602213,0
08-02-23 2:00,48.57964825,44.15454509,164.1735418,135.8008823,0.04900696,1
08-02-23 3:00,54.2631759,59.62399478,94.04903232,39.04103625,0.029823311,1
08-02-23 4:00,59.48798581,59.25805893,128.8908285,31.25031151,0.026514555,0
08-02-23 5:00,52.83395981,49.34830956,90.73138273,82.07486994,0.021381055,1
08-02-23 6:00,43.50279875,40.07496425,147.519187,58.71729975,0.020891424,0
08-02-23 7:00,52.94902082,54.1230077,115.0843818,82.26748804,0.055744922,1
08-02-23 8:00,67.25716138,98.09448441,201.7385867,60.44796614,0.051986882,0
08-02-23 9:00,35.65600417,34.18606269,194.7608056,45.25437875,0.011666293,1
08-02-23 10:00,52.01222605,99.83445843,97.43700425,45.38967994,0.041429165,1
08-02-23 11:00,39.98835693,54.64703804,149.8558229,61.38130668,0.044205315,1
08-02-23 12:00,69.35383588,60.74467646,192.3535067,44.85585984,0.031675328,1
08-02-23 13:00,29.47229478,38.95048354,139.227628,84.94908093,0.026651948,0
08-02-23 14:00,41.92856592,44.69562702,107.6682093,22.52981587,0.026026773,0
08-02-23 15:00,55.80046692,49.81827452,88.88485231,84.77602521,0.00287687,1
08-02-23 16:00,75.93372592,39.68062257,207.770361,13.69387239,0.002270205,1
08-02-23 17:00,49.01806918,55.67819296,211.3089179,53.69072118,0.034373298,1
08-02-23 18:00,41.98025361,51.70115918,137.2627283,42.0526996,0.006026435,0
08-02-23 19:00,81.75610796,104.0044902,201.4053998,18.98911127,0.003561776,1
08-02-23 20:00,30.37653575,37.5537858,27.76092103,11.23055457,0,0
08-02-23 21:00,21.85265829,62.17231887,243.5465738,26.1757486,0.013067579,1
08-02-23 22:00,56.79382947,65.29691359,140.3387397,51.14836934,0.026409762,0
08-02-23 23:00,42.72124508,39.24164759,158.9816386,36.03327396,0.027899592,0
09-02-23 0:00,35.72442421,75.13097542,130.5840319,27.22700132,0.035780058,1
09-02-23 1:00,61.12711557,51.87312934,248.9197139,89.29301945,0.014195835,0
09-02-23 2:00,53.71644949,16.97782658,90.45518297,23.75022029,0.021750992,0
09-02-23 3:00,41.85700524,74.50994412,255.1979699,68.36153434,0.035679313,1
09-02-23 4:00,32.43461337,38.41557684,175.7091164,30.14602183,0.028069475,0
09-02-23 5:00,63.84804171,39.64347464,191.2427778,25.71193116,0.01166831,0
09-02-23 6:00,60.17577924,75.15575765,130.0749687,35.99789759,0.025063681,0
09-02-23 7:00,48.5221979,52.89039051,78.50492495,66.6507889,6.38E-05,0
09-02-23 8:00,81.10962314,80.53667374,213.3520246,21.35611105,0.020001969,1
09-02-23 9:00,35.09380991,87.61024097,170.0448729,57.43427309,0.011252831,0
09-02-23 10:00,29.44434948,47.08040141,246.2255768,28.75017938,0.051215453,1
09-02-23 11:00,40.10011573,77.6024105,138.1142756,32.30961896,0.007229315,0
09-02-23 12:00,49.31828784,44.9914047,124.8525685,60.49758077,0.021907699,0
09-02-23 13:00,53.70930583,114.3756443,248.3162485,118.5091536,0.013690369,1
09-02-23 14:00,46.43965397,46.16818702,291.4254211,29.71443112,0.012003244,0
09-02-23 15:00,55.40477395,83.12711941,150.5847227,69.55169876,0.026464448,1
09-02-23 16:00,32.79325957,78.78756296,106.3525195,42.47555766,0.013833429,0
09-02-23 17:00,73.74092529,66.78771153,204.5999334,38.80755767,0.059921455,1
09-02-23 18:00,48.77448114,46.59303581,134.5108733,80.22793991,0.000103565,0
09-02-23 19:00,68.00778745,56.85503447,189.6086222,31.04652193,0.031293862,0
09-02-23 20:00,55.25834086,21.73156227,134.1985958,25.14310135,0.018664854,0
09-02-23 21:00,57.05992179,64.78836734,262.4277152,62.13968017,0.019202542,1
09-02-23 22:00,58.87114396,67.52526827,109.2176193,97.49960098,0.025107794,0
09-02-23 23:00,56.91607135,62.83022094,181.4185564,70.43734381,0.038950576,1
10-02-23 0:00,60.05393394,10.82139479,120.8891046,20.76365921,0.02445196,0
10-02-23 1:00,71.7039344,35.82438807,132.8813156,35.75257817,0.039029265,0
10-02-23 2:00,52.98643812,45.12954954,125.2652608,77.36879418,0.020748892,0
10-02-23 3:00,61.13774269,66.252435,199.4362554,97.02748401,0.006662393,1
10-02-23 4:00,48.66201708,66.20169252,212.4580395,55.87470974,0.018597537,1
10-02-23 5:00,73.67569583,56.46876458,186.7251124,36.52700912,0.04243453,1
10-02-23 6:00,40.31162202,73.94546161,143.3209959,99.27860504,0.013935078,1
10-02-23 7:00,80.25749294,40.02867024,158.8791546,48.15185298,0.006192533,1
10-02-23 8:00,49.3992434,73.37351526,210.9430221,35.95579773,0.031062443,1
10-02-23 9:00,30.58549086,70.3076543,213.2636944,32.42824786,0.025725706,1
10-02-23 10:00,51.93797696,68.14247075,29.82293276,24.40874787,0.00944876,0
10-02-23 11:00,40.2480565,56.22685903,133.4307437,144.9270449,0.016434025,1
10-02-23 12:00,63.31633481,103.4730547,136.2855776,91.5813104,0.017192278,1
10-02-23 13:00,40.63655837,70.72197244,194.5156792,34.88482985,0.020102233,0
10-02-23 14:00,43.50632816,41.07145839,145.8535739,102.2933113,0.031599193,0
10-02-23 15:00,25.22725321,65.3068984,198.0523097,64.18578796,0.014009317,1
10-02-23 16:00,43.41998622,76.65149777,89.56475616,62.52703522,0.032634544,1
10-02-23 17:00,19.51700109,48.16852701,166.6591773,33.59828883,0.012318004,0
10-02-23 18:00,28.7502058,84.65448823,211.1250747,37.93980081,0.05499066,1
10-02-23 19:00,61.98445029,68.24163245,70.89389974,48.94479853,0.055552212,1
10-02-23 20:00,62.40448427,19.03876205,345.0131377,12.45142369,0.008497794,1
10-02-23 21:00,56.56287756,66.42781647,232.9396266,38.54047797,0.004897533,0
10-02-23 22:00,36.43040071,51.72067727,150.0845924,50.11230125,0.038521997,1
10-02-23 23:00,49.28660603,71.71361934,102.3420533,87.88249196,0.024325647,1
11-02-23 0:00,49.94597489,81.16582414,139.241107,35.72670398,0.029739705,0
11-02-23 1:00,33.96633842,64.15553533,155.2797845,72.28215771,0.01081003,0
11-02-23 2:00,74.81118098,99.12989442,178.7065107,11.22455885,0.017933368,0
11-02-23 3:00,63.93019895,56.29505965,257.303201,83.26163268,0.014839385,0
11-02-23 4:00,46.73436256,73.70677025,121.6038642,29.92319981,0.02514483,0
11-02-23 5:00,50.40401043,77.87569287,187.069219,53.30773737,0.004723935,0
11-02-23 6:00,53.16916551,57.96994901,79.24541618,60.65392217,0.018440251,0
11-02-23 7:00,23.54265825,77.2639946,125.1763487,55.38701527,0.004638483,0
11-02-23 8:00,46.35343592,48.04232121,174.3962965,47.36471178,0.012548398,0
11-02-23 9:00,40.23533879,51.3939093,196.0709687,23.58618093,0.018470865,1
11-02-23 10:00,35.9789425,35.02167735,106.3271252,30.13532618,0.028891407,0
11-02-23 11:00,45.86251298,65.15700899,123.6163029,77.88942843,0.030490558,1
11-02-23 12:00,80.19697475,66.98896817,254.0841438,36.13614301,0.033911611,0
11-02-23 13:00,60.02332249,86.85051873,230.7194786,47.4496201,0.002871358,0
11-02-23 14:00,41.75856059,77.55279385,163.2893025,19.37680777,0.045019126,1
11-02-23 15:00,58.91659276,54.14095607,40.22516717,73.67577869,0.010930508,1
11-02-23 16:00,72.94852719,37.34038763,344.7805043,22.23603048,0.011832171,1
11-02-23 17:00,64.72445269,69.37089766,148.756661,75.41603382,0.024516637,1
11-02-23 18:00,50.89801133,85.17647554,131.0507479,26.82027484,0.014948687,0
11-02-23 19:00,40.71447553,76.71434097,118.989664,78.45038039,0.026181967,1
11-02-23 20:00,60.9608655,84.53816527,174.3728527,50.25513457,0.029657197,1
11-02-23 21:00,56.05711153,55.6176656,175.0580884,36.96769457,0.009536501,0
11-02-23 22:00,64.2292692,50.52760156,214.8364022,97.69390122,0.017161649,1
11-02-23 23:00,59.93102024,45.33960701,97.26666152,48.29284821,0.017605385,0
12-02-23 0:00,66.84485163,58.83086082,131.0549884,41.34741708,0.03808722,0
12-02-23 1:00,42.25794856,58.35885805,301.6478033,75.20743441,0.013206524,0
12-02-23 2:00,71.49643811,64.40430366,164.3395603,19.56383199,0.012637186,0
12-02-23 3:00,53.00303967,57.30983015,139.3958146,5.98055787,0.006785222,0
12-02-23 4:00,85.43562078,57.22060223,96.46875375,82.9722522,0.007929423,1
12-02-23 5:00,40.13716258,44.59430537,183.1567112,31.19065153,0.003862716,0
12-02-23 6:00,79.05302737,81.10396883,220.8166299,73.85827645,0.010233875,0
12-02-23 7:00,53.00783043,61.61566183,209.2511492,51.16045219,0.053115389,1
12-02-23 8:00,40.65307536,56.38232341,134.2268133,24.96487781,0.032486576,1
12-02-23 9:00,42.97585799,45.14196141,173.361287,66.2884363,0.045332383,0
12-02-23 10:00,45.29741277,34.69081348,271.2453864,40.250464,0.007505947,0
12-02-23 11:00,56.54240595,90.03340354,223.8108766,26.54847819,0.000217273,1
12-02-23 12:00,58.11588927,72.10884902,104.6792959,27.03326288,0.025362405,0
12-02-23 13:00,41.72363164,29.85338905,30.90496202,15.68722159,0.059965042,1
12-02-23 14:00,49.63527426,76.89956757,169.0767252,60.56290922,0.012941281,0
12-02-23 15:00,86.72337767,80.64856184,203.7367742,29.23990505,0.021660161,1
12-02-23 16:00,78.89755296,62.6351027,89.04192922,49.13556369,0.002277759,1
12-02-23 17:00,56.73523339,97.39126646,149.4511184,45.55600683,0.02045369,1
12-02-23 18:00,50.57149644,64.62156359,133.9360316,29.12066992,0.018047061,0
12-02-23 19:00,51.81487742,33.25778928,156.583149,18.88517776,0,0
12-02-23 20:00,59.57917389,67.86857162,117.7366463,132.6018424,0.006630818,1
12-02-23 21:00,35.70421615,65.23280537,240.6494492,48.79375307,0.005873576,1
12-02-23 22:00,46.20559462,47.87671681,159.3794238,105.55875,0.002210983,0
12-02-23 23:00,27.7554117,72.53819018,99.69746873,83.19465272,0.009978568,1
13-02-23 0:00,56.14772594,29.15069057,212.3918054,42.28030892,0.028916868,1
13-02-23 1:00,60.12680168,82.27373734,80.57729692,54.62236053,0.011071841,1
13-02-23 2:00,42.98567222,42.71609081,240.1804534,53.86712976,0.042332911,1
13-02-23 3:00,76.08723578,40.77130968,217.8344067,106.3082458,0.014590629,1
13-02-23 4:00,33.11601652,57.6291139,248.4498082,72.81171416,0.025538746,1
13-02-23 5:00,30.17877059,69.37362982,140.2598532,31.77324921,0.028702133,0
13-02-23 6:00,53.4171559,63.48271198,120.4696507,59.16137833,0.051600443,1
13-02-23 7:00,66.80288939,45.23147147,155.293718,72.04862321,0.010080681,0
13-02-23 8:00,78.09452784,49.75631444,144.7654783,24.76114838,0.027664798,1
13-02-23 9:00,43.32731082,38.13178815,111.7603701,63.08628435,0.007542279,0
13-02-23 10:00,67.34376484,55.35744365,117.2375355,89.0682455,0.056450372,1
13-02-23 11:00,49.42385586,84.30895142,127.9070714,30.76896175,0.006607836,1
13-02-23 12:00,47.44039069,59.91050557,85.08822136,33.56929342,0.026580442,0
13-02-23 13:00,64.03575395,79.15558864,195.1305109,83.05190194,0.052247116,1
13-02-23 14:00,60.21036831,93.74071767,146.7478388,41.52054227,0.005150645,1
13-02-23 15:00,28.83912988,48.17025977,131.2969294,28.34281124,0.030583977,1
13-02-23 16:00,74.32827665,56.13417605,88.00018312,74.39204324,0.007072357,1
13-02-23 17:00,72.60602246,112.6661677,85.55548158,65.41963835,0.073517674,1
13-02-23 18:00,41.00788817,93.46040349,293.4812074,52.38657832,0.000469916,0
13-02-23 19:00,56.09371344,29.0749103,113.1571201,81.90862398,0.002629733,0
13-02-23 20:00,57.65451862,68.35494037,190.3944942,84.17951198,0.005829087,1
13-02-23 21:00,53.9780573,60.01176031,160.3233542,47.95000618,0.006130738,0
13-02-23 22:00,42.04825845,78.38005244,29.18608654,111.0520537,0.029147836,0
13-02-23 23:00,40.37672743,45.18793593,281.3054562,97.10612007,0.058511432,1
14-02-23 0:00,49.61734195,43.42563751,195.563074,12.20485977,0.042485035,1
14-02-23 1:00,68.96622864,46.4881224,105.5565202,27.43049013,0.023906567,0
14-02-23 2:00,58.44950345,48.48015392,148.2319214,8.876728084,0.020153602,0
14-02-23 3:00,44.57814,78.11893775,86.09977401,42.19844462,0.011401229,0
14-02-23 4:00,62.17099956,37.28762968,284.1492673,24.12069361,0.026715982,1
14-02-23 5:00,15.38605575,47.5065802,98.21444833,31.6313834,0.016789936,0
14-02-23 6:00,68.55114814,27.2315878,118.9489514,80.83222032,0.023138204,0
14-02-23 7:00,26.93089735,82.67090376,107.5959888,15.36754859,0.009792341,1
14-02-23 8:00,44.69474931,89.11490836,155.0624776,53.29388761,0.005103918,1
14-02-23 9:00,34.45861225,53.2919235,246.9113851,53.13779865,0.020409456,1
14-02-23 10:00,32.25597799,53.87622407,281.0470686,47.9606318,0.020053951,1
14-02-23 11:00,68.75992064,69.82577509,126.0179285,53.32077624,0.011530482,0
14-02-23 12:00,43.20322639,94.22526794,174.4996655,9.142202144,0.009498452,1
14-02-23 13:00,55.31762317,68.83126981,155.1593393,31.72727265,0.029869953,1
14-02-23 14:00,49.29839286,46.08146635,94.43076146,95.71757664,0.027900105,1
14-02-23 15:00,57.38318036,29.93560577,336.6223765,24.37572405,0.060589124,0
14-02-23 16:00,51.15822997,38.44760836,246.3151544,99.99804515,0.047815779,0
14-02-23 17:00,32.40118568,61.54565009,162.0343294,20.7668876,0.0051743,0
14-02-23 18:00,65.93654987,46.88230326,263.8812477,18.81954347,0.01705603,0
14-02-23 19:00,42.83744682,64.15134044,234.5718856,28.92317832,0.003751481,1
14-02-23 20:00,29.07421873,48.84718311,155.1565415,82.05155925,0.000720592,0
14-02-23 21:00,43.76155518,39.45843575,171.010239,37.24172314,0.069588342,1
14-02-23 22:00,74.76367681,37.36044093,258.2270367,58.99309267,0.050258577,0
14-02-23 23:00,63.47620314,96.47087212,96.23664077,51.85719024,0.011113096,1
15-02-23 0:00,44.89177629,79.85419156,271.4131119,48.64734382,0.044531971,0
15-02-23 1:00,44.88311538,100.8329156,136.2345189,86.72308306,0.048078181,0
15-02-23 2:00,45.27892334,71.77628938,259.2401314,71.07366832,0.000337121,1
15-02-23 3:00,85.46410194,51.24751934,149.6735016,25.34610323,0.035780238,0
15-02-23 4:00,55.87490647,90.41700617,171.7842567,43.33854818,0.012858712,0
15-02-23 5:00,56.63556053,59.30721221,147.8627901,102.7047427,0.026569806,0
15-02-23 6:00,66.51573581,64.71083381,118.4569194,58.29540394,0.095335606,0
15-02-23 7:00,53.63885765,59.10343893,133.5591468,19.12464925,0.05290592,1
15-02-23 8:00,46.18147065,11.14137811,247.6061523,20.26926986,0.017997921,1
15-02-23 9:00,47.09330553,97.56219695,37.49688072,74.63070873,0.048810243,1
15-02-23 10:00,48.93110785,70.67271018,81.77484812,69.04118748,0.000329755,0
15-02-23 11:00,49.44305195,67.08945916,107.8158734,29.51260419,0.028817922,0
15-02-23 12:00,61.44388791,58.70842712,89.58041542,70.36760713,0.029274323,0
15-02-23 13:00,50.78188666,63.47204721,258.0539562,97.65896904,0.032785096,0
15-02-23 14:00,61.52636264,47.99225554,238.0953194,92.82252818,0.012639888,1
15-02-23 15:00,48.79576646,73.51842154,189.1049981,97.82807498,0.026549292,0
15-02-23 16:00,51.18571135,35.11369389,112.57801,64.81292271,0.035893631,1
15-02-23 17:00,24.01979571,63.95936927,244.1349226,45.65319356,0,1
15-02-23 18:00,64.58457153,72.26609003,65.8748196,40.42396863,0.015241075,0
15-02-23 19:00,55.3173814,55.88715233,311.4024528,49.5662347,0.007994923,1
15-02-23 20:00,65.96617583,67.99453802,110.0229454,30.40166788,0.031909519,1
15-02-23 21:00,14.94446454,40.65609358,134.0347734,41.40481861,0.047740728,0
15-02-23 22:00,85.68692948,41.11686984,124.2720262,86.75578482,0.011333448,1
15-02-23 23:00,47.92564084,65.05511203,89.84014375,17.54055332,0.006136664,0
16-02-23 0:00,67.85081141,74.9401872,292.5559335,18.60424647,0.021915805,1
16-02-23 1:00,35.48281543,25.90050307,203.0400429,72.83260837,0.005538311,1
16-02-23 2:00,59.56710043,71.37119165,234.8311207,41.61354011,0.016530888,1
16-02-23 3:00,35.3084509,49.0353703,82.50486942,12.98322756,0.015020322,0
16-02-23 4:00,41.03255331,56.00683345,161.5050452,48.47793173,0.030291202,1
16-02-23 5:00,82.37398633,34.56158601,184.1931185,45.02195724,0.025341174,0
16-02-23 6:00,47.17612377,43.20391584,167.3621373,39.78038957,0.022660498,0
16-02-23 7:00,53.30877015,81.68872905,85.55545858,68.55322893,0.054227447,0
16-02-23 8:00,63.80803382,60.69175086,224.1589531,22.00234205,0.024533934,1
16-02-23 9:00,57.68092885,52.18143252,157.6855267,50.32514123,0.013838361,0
16-02-23 10:00,52.27890942,57.5740989,95.78648563,44.85921582,0.015538366,0
16-02-23 11:00,55.60761157,70.63244063,54.69856867,50.94992294,0.009523609,0
16-02-23 12:00,91.82764025,69.54143752,190.1249226,15.69675271,0.006814679,1
16-02-23 13:00,49.13903797,58.43287657,339.1818832,37.75326338,0.003561338,0
16-02-23 14:00,53.05692653,84.74398076,92.73105535,50.49540224,0.042007169,1
16-02-23 15:00,66.8636906,81.79241197,160.8272538,64.40755216,0.010054982,1
16-02-23 16:00,67.80507658,68.93712726,226.8053052,106.3874528,0.025354055,1
16-02-23 17:00,69.21449553,61.15132111,80.31883463,72.09736813,0.0154719,0
16-02-23 18:00,59.98892963,74.45184953,121.3848529,62.16687237,0.019534978,0
16-02-23 19:00,34.16138654,66.74776188,100.679315,86.63681425,0.042454589,1
16-02-23 20:00,77.16957156,83.9647467,217.3598226,42.68136307,0.022920125,1
16-02-23 21:00,34.11892686,80.10460492,243.3872211,96.0922823,0.00779119,0
16-02-23 22:00,54.6311202,40.17192958,160.0915217,81.74013449,0.011928868,1
16-02-23 23:00,39.25479431,38.96374743,101.6427181,39.44947625,0.035977658,1
17-02-23 0:00,49.04203853,46.01138595,123.5019493,109.2036899,0.028431241,0
17-02-23 1:00,55.03952088,81.9281826,112.9790131,61.7726364,0.037311152,1
17-02-23 2:00,54.92362869,30.62463615,94.65102272,119.2515632,0.016354626,0
17-02-23 3:00,56.50682844,68.52365527,143.6850832,57.8553148,0.003510114,0
17-02-23 4:00,76.8097331,67.81056115,187.9092082,36.89904901,0.028876444,1
17-02-23 5:00,57.00870789,86.44323499,182.0832044,32.57892141,0.024236855,0
17-02-23 6:00,46.39726293,63.83589557,149.4858838,41.48607385,0.02469768,0
17-02-23 7:00,65.39077159,34.49892,153.5853956,36.69676018,0.003619748,0
17-02-23 8:00,69.25689738,41.23408874,144.9429785,86.63400051,0.010986168,1
17-02-23 9:00,33.09290372,37.27376416,79.02082547,49.27816241,0.007627713,0
17-02-23 10:00,59.31788789,49.13725227,160.1622902,17.46464075,0.026868347,0
17-02-23 11:00,61.00923435,56.20924656,115.5671139,55.46122041,0.027505237,0
17-02-23 12:00,45.62509149,37.56310888,76.6830513,53.18508665,0.019309867,0
17-02-23 13:00,72.52817144,94.12817184,173.9936336,38.94358878,0.038290016,0
17-02-23 14:00,47.77168287,34.80364726,114.0121545,56.90461702,0.05051805,0
17-02-23 15:00,51.89941625,90.98616354,164.5458512,48.9031011,0.026022848,0
17-02-23 16:00,47.43387649,86.99534078,207.2883026,67.04910981,0.032088145,0
17-02-23 17:00,50.23392842,80.07477475,96.02780169,65.36627581,0.012215029,0
17-02-23 18:00,34.75769276,46.1528694,155.8084981,59.52203369,0.009971884,0
17-02-23 19:00,30.47298331,67.36737737,56.51435596,22.58968238,0.03921465,0
17-02-23 20:00,76.46002235,35.62272171,259.8752642,116.4461139,0.008299646,0
17-02-23 21:00,38.0129233,80.37367518,76.1407144,18.36363194,0.032610706,0
17-02-23 22:00,36.11197355,58.45453021,119.4140068,46.83196874,0.056381282,0
17-02-23 23:00,22.33623728,51.65559005,244.3963086,26.2325193,0.031736826,1
18-02-23 0:00,40.8238459,36.54768539,135.6723231,60.37970586,0.018724731,0
18-02-23 1:00,31.9042197,17.17942636,83.76521192,53.51761155,0.003944219,0
18-02-23 2:00,77.32644119,39.80849267,197.6179176,45.86629386,0.022692848,1
18-02-23 3:00,66.16698689,85.22624184,196.0192894,94.85522227,0.039200363,1
18-02-23 4:00,40.15129572,51.78391016,112.8314034,81.39868752,0.017232721,1
18-02-23 5:00,88.86000414,56.48710239,118.8453796,42.14312977,0.039474252,1
18-02-23 6:00,65.69034578,74.4112688,123.9244252,72.04326361,0.026240112,0
18-02-23 7:00,45.23304468,102.8097066,137.318156,96.46167937,0.024916087,0
18-02-23 8:00,18.7559432,90.45855376,53.18934468,81.17250868,0.015232452,1
18-02-23 9:00,89.61255646,40.99911796,138.8584964,46.65020187,0.00306349,1
18-02-23 10:00,31.08732464,24.86638864,280.5887366,17.82964834,0.013740384,1
18-02-23 11:00,28.02635583,117.9035686,98.81845014,58.43238641,0.013633739,1
18-02-23 12:00,66.38420677,115.3713082,115.574439,68.05637773,0.03020045,1
18-02-23 13:00,92.5486779,64.01079766,84.42960069,32.53650801,0.019757101,0
18-02-23 14:00,72.68030351,35.74095742,190.5085737,50.56515654,0.040850447,1
18-02-23 15:00,58.7766303,81.61946525,233.8859382,47.94841595,0.024739127,1
18-02-23 16:00,59.27504785,57.74983331,232.1287662,90.46998832,0.012693509,1
18-02-23 17:00,63.5295515,57.64654352,81.34452077,106.6553076,0.008954055,0
18-02-23 18:00,61.95990145,79.98372064,182.7357338,83.52374891,0.011438188,1
18-02-23 19:00,54.29693998,67.18957939,251.9432121,47.88306725,0.022649843,1
18-02-23 20:00,51.57387443,37.20712237,183.4124831,82.64466392,0.014452233,1
18-02-23 21:00,49.06502098,53.33860535,181.2738602,67.48248355,0.006253136,0
18-02-23 22:00,39.25899377,74.53989629,121.8570192,48.14434043,0.039147884,1
18-02-23 23:00,45.86865235,71.10583267,164.047554,115.4440486,0.022506578,1
19-02-23 0:00,27.47175056,65.60532709,236.4407821,33.18355266,0.024621924,1
19-02-23 1:00,48.53457628,80.90879966,171.1593873,66.19184254,0.008868149,1
19-02-23 2:00,36.14844577,52.60020202,81.33196695,73.10360237,0.006589214,0
19-02-23 3:00,34.66406962,63.79994961,122.7452394,43.06049576,0.017483186,0
19-02-23 4:00,52.73077417,6.204640289,234.3541132,64.91636124,0,1
19-02-23 5:00,72.81770466,50.86062387,170.9292069,76.31932641,0.034301339,1
19-02-23 6:00,64.61805448,76.91728256,157.5264346,56.29539851,0.010222573,0
19-02-23 7:00,28.90896309,52.03032795,117.2156284,62.48214526,0.015931722,0
19-02-23 8:00,36.1349418,50.53527675,232.7640569,52.66912524,0.027377489,1
19-02-23 9:00,64.99661825,39.75642439,270.4824812,71.84611777,0.016557222,1
19-02-23 10:00,36.22797058,82.58079842,238.5232008,44.43282696,0.005401305,1
19-02-23 11:00,46.6809628,71.96894669,252.6483999,42.49670899,0.050892606,0
19-02-23 12:00,58.5533388,78.35567044,128.352881,50.51527201,0.002525111,0
19-02-23 13:00,36.41252416,28.21922876,120.2404462,83.79493787,0,1
19-02-23 14:00,51.59173659,56.66916542,140.3750895,15.4757552,0.036288383,0
19-02-23 15:00,31.7692416,54.2353621,152.419755,29.74662474,0.003038919,0
19-02-23 16:00,41.34112838,54.22607489,251.7256419,122.4316391,0.044752921,1
19-02-23 17:00,54.8989895,47.63265648,231.0236726,57.10689641,0.026456345,0
19-02-23 18:00,28.64272303,52.91149254,185.3940324,40.32113386,0.024768333,0
19-02-23 19:00,56.80113906,78.92538482,72.84060049,71.76666421,0.011866927,0
19-02-23 20:00,49.70581866,25.31862203,61.5951412,32.22312717,0.00883745,0
19-02-23 21:00,58.59259447,102.0613552,165.3758555,10.69544082,0.014404635,0
19-02-23 22:00,53.40884955,70.51181698,209.6656302,59.2476477,0.008273048,1
19-02-23 23:00,72.32298556,59.11371818,145.0650449,33.33253919,0.043698074,1
20-02-23 0:00,51.89404872,80.27703933,291.6826871,52.56558411,0.009771047,1
20-02-23 1:00,43.743306,32.67320654,89.37750644,58.56053439,0.028870719,0
20-02-23 2:00,51.84941922,46.70402193,83.23868976,53.61349526,0.039114651,0
20-02-23 3:00,58.44464318,57.47940481,111.1300544,16.03711065,0.008230506,0
20-02-23 4:00,50.73528836,91.47390047,109.0657524,50.65909311,0.026450926,0
20-02-23 5:00,50.61052305,59.02681469,184.5547277,61.70806119,0.008094986,0
20-02-23 6:00,39.96291701,69.75497191,124.7100546,20.87901624,0.017313922,0
20-02-23 7:00,40.49592386,48.14024617,67.63483173,18.94432593,0.013292879,0
20-02-23 8:00,30.92822247,70.57920625,210.4931264,26.70282605,0.010323864,1
20-02-23 9:00,79.30466993,99.44173043,58.58758931,70.34209119,0.022599272,1
20-02-23 10:00,32.88924722,82.39267062,89.93391195,12.02190381,0.00499637,1
20-02-23 11:00,40.08653965,58.29937687,64.37989902,72.80992021,0.037457997,1
20-02-23 12:00,39.74000002,74.86973962,163.2024752,60.26251684,0.006204568,0
20-02-23 13:00,64.22475529,72.6281448,161.8356645,43.761373,0.004543123,0
20-02-23 14:00,45.66275014,71.02328771,291.8151781,19.56105103,0.016154216,0
20-02-23 15:00,70.27299137,85.20568099,212.124641,31.99139303,0.014456236,1
20-02-23 16:00,40.35123026,85.02383828,252.5729488,71.38172314,0.026068178,1
20-02-23 17:00,54.26275018,57.35392343,168.5378764,86.15620474,0.021378908,1
20-02-23 18:00,38.1675989,74.09747339,94.66813588,27.40705734,0.001907139,0
20-02-23 19:00,86.7789017,52.17514923,158.1051945,82.45814459,0.038705011,0
20-02-23 20:00,33.59641372,41.89357365,189.1320889,68.55815532,0.01579332,0
20-02-23 21:00,54.74329953,54.44957146,196.9600304,49.8292103,0.024038257,1
20-02-23 22:00,59.90832635,58.40688635,121.8132804,33.18691234,0.069782946,1
20-02-23 23:00,56.37821615,29.2480763,181.9826279,36.47929254,0.045547878,0
21-02-23 0:00,47.25501663,79.17724192,96.90899899,105.542206,0.023501436,1
21-02-23 1:00,48.06954292,13.37330112,91.3257192,54.5565698,0.003686845,0
21-02-23 2:00,50.65909152,127.1481694,87.73330867,88.55235797,0.003817574,1
21-02-23 3:00,47.81657956,94.92292321,151.5427629,56.21400036,0.042643751,1
21-02-23 4:00,65.3872497,54.62100512,84.70901868,39.2973581,0.014055316,0
21-02-23 5:00,88.04425696,60.19808686,124.5359224,65.62573853,0.017390453,1
21-02-23 6:00,41.94842032,66.50009728,211.3238343,117.9146334,0.005608799,1
21-02-23 7:00,31.32931551,48.1482968,92.03404249,35.1417423,0.02772997,0
21-02-23 8:00,48.68356299,64.1006553,120.0064817,75.3521917,0.042171075,1
21-02-23 9:00,95.35054033,57.00710446,154.507741,54.87160557,0.051340417,1
21-02-23 10:00,38.59077429,58.03360396,165.7961502,20.06535703,0.013432118,0
21-02-23 11:00,77.27345598,63.86007451,120.2900846,19.70239176,0.03156566,0
21-02-23 12:00,77.98019223,35.00394915,202.8936469,39.31327425,0.018505735,0
21-02-23 13:00,42.00263632,60.83331285,188.9950723,59.04945955,0.036409128,0
21-02-23 14:00,58.85848793,63.47247543,229.0366762,74.27394146,0.019936572,0
21-02-23 15:00,77.07762491,62.73074539,144.939833,18.13047712,0.008851534,0
21-02-23 16:00,44.45682173,55.53742851,119.5267232,67.59548016,0.04635097,1
21-02-23 17:00,46.98773956,85.83709377,110.1314175,47.08253527,0.021605756,0
21-02-23 18:00,41.61313898,52.76090154,169.7548153,50.08287748,0.014747216,0
21-02-23 19:00,35.80838026,64.85135965,127.2812425,65.75468787,0.022939299,0
21-02-23 20:00,40.68239815,89.76771955,116.3706143,102.7992844,0.009841672,1
21-02-23 21:00,33.13892578,58.34255192,123.1878148,57.86764004,0.027161337,0
21-02-23 22:00,50.51241371,64.57272036,110.0739408,21.60378115,0.016974805,0
21-02-23 23:00,39.04326031,57.98985763,162.676476,45.427698,0.009178378,0
22-02-23 0:00,53.56144453,88.28139167,73.68589858,73.48174776,0.074979341,1
22-02-23 1:00,29.08237657,54.68741713,169.4894315,74.47599037,0.006927236,1
22-02-23 2:00,55.07268521,89.42094458,195.0306069,67.97557564,0.026026967,1
22-02-23 3:00,63.19770495,57.84074989,115.7195773,38.02961645,0.020918422,0
22-02-23 4:00,24.06894717,43.05935233,292.2926647,21.41720569,0.006745993,1
22-02-23 5:00,55.75076687,74.95915844,151.103195,65.78025208,0.014944085,0
22-02-23 6:00,69.92220604,53.74120922,67.04281502,24.06719196,0.003926509,0
22-02-23 7:00,33.31861611,73.60805093,132.8969038,68.76606822,0.065874961,1
22-02-23 8:00,77.88608419,13.85698036,153.9395638,68.77418437,0.015928082,1
22-02-23 9:00,56.46086207,60.10935114,179.2699034,38.96388663,0.01717525,0
22-02-23 10:00,39.92186388,50.66514427,134.3082151,47.22636173,0.062474692,1
22-02-23 11:00,49.16657403,39.36734613,92.9165043,55.08536536,0.008853184,0
22-02-23 12:00,58.68663263,48.84105237,88.75760669,35.76362441,0.045737029,1
22-02-23 13:00,51.14585769,48.44593692,111.7131968,21.1851183,0.030533687,1
22-02-23 14:00,58.37159791,58.99575226,117.00572,49.02413253,8.54E-05,0
22-02-23 15:00,37.03753597,34.09051679,86.79311282,51.63850298,0.014475673,0
22-02-23 16:00,52.56909545,66.79179304,107.4212682,89.58353387,0.02755757,1
22-02-23 17:00,30.79287123,91.49032475,193.8254711,32.28473301,0.020572945,1
22-02-23 18:00,48.34398032,66.01787967,269.3293727,80.13745656,0.020616553,1
22-02-23 19:00,37.2584344,77.97045465,200.6406915,25.2705682,0.011391311,1
22-02-23 20:00,39.50805516,84.782912,241.8479569,21.80881023,0.010118602,1
22-02-23 21:00,70.06932397,88.25963923,216.575845,42.74999351,0.015350837,1
22-02-23 22:00,67.56060959,104.5190406,206.2352824,29.13320403,0.062921154,0
22-02-23 23:00,59.50812106,49.89056199,129.5723715,21.57211555,0.007948816,0
23-02-23 0:00,34.80845571,45.68616517,158.9260652,109.949519,0.012982276,1
23-02-23 1:00,45.35398756,77.37350625,124.7728149,39.32076585,0.02046404,0
23-02-23 2:00,69.66807153,75.62605217,136.59385,123.8089625,0.003011997,1
23-02-23 3:00,52.14583739,77.19168955,154.2883243,28.10014102,0.027470909,0
23-02-23 4:00,90.16923261,105.0290138,197.6529444,16.04372995,0.004368794,1
23-02-23 5:00,56.05446651,60.238962,177.5329275,87.28453039,0.006150411,1
23-02-23 6:00,52.91761961,69.22170187,140.0428033,33.41767378,0.005702339,0
23-02-23 7:00,45.45880603,40.8535884,153.4896786,53.52949608,0.001825222,0
23-02-23 8:00,52.02094674,111.6811381,178.2188242,21.62238931,0.045119215,1
23-02-23 9:00,47.73619951,53.10245038,194.3846444,49.05152929,0.029161585,1
23-02-23 10:00,61.12304805,53.6699611,68.90688013,21.35342248,0.03731059,0
23-02-23 11:00,65.26581407,52.89860552,89.62779163,48.16870197,0.035373203,0
23-02-23 12:00,38.82793752,47.08102297,226.5637281,38.82552267,0.01739502,1
23-02-23 13:00,31.80368687,45.47993959,146.2178825,55.91576294,0.019530281,0
23-02-23 14:00,25.82856958,49.41360932,124.5742587,66.81675335,0.039302241,1
23-02-23 15:00,57.87792509,34.11638329,133.9478748,56.20135868,0.054268216,0
23-02-23 16:00,34.66691878,44.43341003,133.9356613,61.8864925,0.004618926,0
23-02-23 17:00,22.34157901,106.6259112,186.7388788,47.30984749,0.079370066,1
23-02-23 18:00,55.9796724,76.26054075,88.11517735,39.68553958,0.004142395,0
23-02-23 19:00,93.61003936,80.72993553,151.5522928,62.4160018,0.013248927,1
23-02-23 20:00,49.90897318,86.80011533,165.7458017,47.25106645,0.021201551,1
23-02-23 21:00,63.2804284,103.5629003,175.7089144,48.18337842,0.022737049,0
23-02-23 22:00,51.23413642,27.5070332,164.2270099,60.41822731,0.062991223,1
23-02-23 23:00,48.52643437,36.44137329,183.8410948,27.37221347,0.039262381,1
24-02-23 0:00,64.63084883,44.09076071,116.1743758,91.87164099,0.027116656,1
24-02-23 1:00,45.73014115,50.4666434,96.45928355,43.9526216,0.039784632,1
24-02-23 2:00,54.08238336,53.82355574,339.7840027,53.15080362,0.02589067,1
24-02-23 3:00,54.92895657,50.91315479,131.7155197,48.89295975,0.010561915,0
24-02-23 4:00,40.42498805,64.67763177,138.6757363,67.59679972,0.02847775,0
24-02-23 5:00,65.86478327,60.74307185,195.1218093,58.82467439,0.021094542,0
24-02-23 6:00,47.40621457,45.60420451,265.0405869,48.75937853,0.008645525,1
24-02-23 7:00,39.23497335,21.4129944,117.7460579,92.51551837,0.044988561,1
24-02-23 8:00,58.33549047,40.62843959,93.55983738,0.700629046,0.019137608,0
24-02-23 9:00,37.33022499,48.91848293,81.62308526,85.69957836,0.005838555,0
24-02-23 10:00,50.42351154,54.9029042,264.7970634,75.54577431,0.007377633,1
24-02-23 11:00,49.86329821,38.19120621,91.58431004,14.21525231,0.029418599,0
24-02-23 12:00,67.46760267,50.05440068,148.2823099,75.82278234,0.040094841,1
24-02-23 13:00,57.34581191,38.16796355,94.65021185,79.82274614,0.028402403,0
24-02-23 14:00,49.62522197,57.38153938,72.06416432,64.9908219,0.028488966,0
24-02-23 15:00,62.93523621,39.1923696,132.2394405,18.31507488,0.009004697,0
24-02-23 16:00,72.78579026,43.25396089,96.66499634,68.46436214,0.021512035,0
24-02-23 17:00,58.67830693,35.08661448,109.6433227,78.22325792,0.015045153,1
24-02-23 18:00,50.15539647,56.81182909,299.5283146,36.67709845,0.016994577,0
24-02-23 19:00,32.04337082,42.93069444,177.6392267,61.61214364,0.018248816,0
24-02-23 20:00,35.15776217,80.27585616,213.4226578,41.54407006,0.010747574,1
24-02-23 21:00,45.51479155,68.76992726,205.621603,74.48610201,0.033721673,0
24-02-23 22:00,41.22882209,58.54042969,143.7572299,42.45719219,0.00690909,0
24-02-23 23:00,47.23038872,44.20677923,123.677716,36.50667224,0.004281256,0
25-02-23 0:00,50.85295809,68.20811997,165.9302239,49.02221909,0.009286387,0
25-02-23 1:00,58.22596573,75.22032025,160.6984271,21.85878823,0.036475482,1
25-02-23 2:00,48.94748841,63.02699663,116.390899,46.59306532,0.025771623,0
25-02-23 3:00,57.53420851,97.53552843,158.2166522,59.44565189,0.001007985,1
25-02-23 4:00,50.97127317,69.96928338,108.8478033,74.01946913,0.030626587,1
25-02-23 5:00,24.27046966,80.43776879,139.4602663,56.40985684,0.01923093,1
25-02-23 6:00,36.79232007,62.83163331,129.7192729,20.34200142,0.013844502,0
25-02-23 7:00,47.85944789,74.8737372,80.3556889,89.29269015,0.016303983,1
25-02-23 8:00,33.31794023,44.21988461,36.22028134,92.09161643,0.003997635,0
25-02-23 9:00,59.35884543,50.68882796,96.5995856,52.85219554,0.02286189,0
25-02-23 10:00,75.3044606,67.51971696,282.2853034,32.89770808,0.004539236,1
25-02-23 11:00,69.76680823,67.3596372,131.2203055,37.55740448,0.014767416,0
25-02-23 12:00,46.8439148,71.04635293,202.1107696,45.03620416,0.014785431,1
25-02-23 13:00,74.58315647,84.92454751,44.30178155,57.19967973,0.034096832,1
25-02-23 14:00,52.25211387,33.12141965,93.08196552,42.66600182,0.020640647,0
25-02-23 15:00,45.05733739,40.96083315,76.35225166,30.75079913,0.032791127,1
25-02-23 16:00,41.17522287,64.90008086,137.6018011,78.71489478,0.00515752,1
25-02-23 17:00,45.55444261,45.57541774,336.5674276,56.63073529,0.01831006,1
25-02-23 18:00,44.32802896,133.7776824,180.0358533,27.01316006,0.02932877,0
25-02-23 19:00,52.58528502,71.22906209,273.2263945,57.53734675,0.044506708,0
25-02-23 20:00,52.43439372,58.36425576,134.4861328,54.12537722,0.005666263,0
25-02-23 21:00,50.04569958,49.57370812,246.4815463,33.59547715,0.008666376,0
25-02-23 22:00,56.74498751,50.26242578,305.3689044,84.16067577,0.028850536,0
25-02-23 23:00,69.27733267,60.63431658,143.2362029,53.42681545,0.053577192,0
26-02-23 0:00,65.14496509,62.37043051,118.0407941,44.72523376,0.024819259,0
26-02-23 1:00,29.93145245,50.72217912,78.05657043,47.9338639,0.005936667,0
26-02-23 2:00,18.21369614,54.37572105,131.2568433,61.68910626,0.006120099,0
26-02-23 3:00,64.88775237,90.94062761,155.1587846,48.21104597,0.022212073,1
26-02-23 4:00,31.3651769,91.9498852,301.6832367,48.00587002,0.026104809,1
26-02-23 5:00,46.67903846,65.38799527,79.12587218,80.05797129,0.016606508,0
26-02-23 6:00,33.8174691,34.53201221,153.7502256,20.57550432,0.00622805,0
26-02-23 7:00,26.21742693,71.74354476,56.35602617,23.41032729,0.04126199,1
26-02-23 8:00,58.41512281,96.26362214,124.4200823,71.23510019,0.0147853,1
26-02-23 9:00,61.96364396,91.57985354,170.0440122,127.9052353,0.02926452,1
26-02-23 10:00,41.68470823,76.23201491,183.612896,74.21711908,0.001061687,1
26-02-23 11:00,17.84786578,92.90581266,188.8956316,107.0310432,0.043546786,1
26-02-23 12:00,42.10471627,61.12534454,175.7853318,39.70674575,0.010449932,0
26-02-23 13:00,56.03057046,73.78193238,188.297709,35.29058782,0.046939478,0
26-02-23 14:00,30.0035059,46.39889616,152.871248,62.03859695,0.030930142,1
26-02-23 15:00,52.78401966,66.26570322,91.09649865,76.56956301,0.003264054,1
26-02-23 16:00,49.77058665,90.57171108,54.84324084,22.37172477,0.024109278,0
26-02-23 17:00,59.02495114,48.1432383,117.6252166,44.8059269,0.054736826,1
26-02-23 18:00,51.80800499,43.02281515,141.6952633,49.32676059,0.011505838,0
26-02-23 19:00,36.35082905,62.06152386,237.804807,34.41083892,0.054783339,0
26-02-23 20:00,69.38035588,55.31715735,143.7731195,36.89273448,0.026618108,0
26-02-23 21:00,47.64718803,74.26419129,137.9462717,73.20903007,0.046835401,1
26-02-23 22:00,49.59117745,50.78971625,174.9872324,62.40392256,0.022628079,0
26-02-23 23:00,36.8719697,100.516784,133.5616896,71.87385957,0.018062495,1
27-02-23 0:00,43.54726539,35.4116986,204.6007449,58.76232093,0.059520107,1
27-02-23 1:00,37.51083513,88.68620688,297.2149206,30.45631475,0.033103693,0
27-02-23 2:00,47.43571944,44.81565772,315.7213417,61.11462487,0.016400977,1
27-02-23 3:00,78.60557312,27.12269355,156.1215405,28.91712012,0.027321231,1
27-02-23 4:00,31.3035956,65.08025517,171.7367516,42.49773696,0.011919624,0
27-02-23 5:00,28.40015942,54.75047013,263.6352274,27.31521745,0.021761059,0
27-02-23 6:00,74.23189704,38.5450527,140.7623052,35.84735688,0.043418484,1
27-02-23 7:00,46.90396124,28.93162765,195.2173207,52.28653045,0.017488932,1
27-02-23 8:00,40.41156725,59.82452832,86.78402301,39.19062785,0.008302024,0
27-02-23 9:00,66.67997207,81.92096118,131.1522791,30.26086728,0.007334464,0
27-02-23 10:00,41.28253709,72.79727924,230.2767696,82.32868605,0.021194148,1
27-02-23 11:00,80.72445718,61.19566309,108.2076027,47.0531136,0.009035576,1
27-02-23 12:00,60.62847156,70.39974154,142.095184,37.63792291,0.003234384,0
27-02-23 13:00,42.91938642,59.42961413,66.4807132,26.45478574,0.00513243,0
27-02-23 14:00,87.01360193,33.04195801,299.4991571,13.71322242,0.042944173,1
27-02-23 15:00,41.28116672,33.18963589,238.5106938,44.59673929,0.017782851,0
27-02-23 16:00,61.68213612,55.79537707,161.9685116,21.2429928,0.020934231,0
27-02-23 17:00,54.57896475,56.6649952,183.2649704,69.32189924,0.007337253,0
27-02-23 18:00,71.22064973,78.95689353,175.6840436,50.73988906,0.011710501,0
27-02-23 19:00,75.86098517,76.76365323,248.0173987,96.24448443,0.01131001,1
27-02-23 20:00,50.4810865,73.25707228,119.1899183,55.72614323,0.015801497,0
27-02-23 21:00,39.26637043,54.23190062,198.9840214,33.41764973,0.001716479,0
27-02-23 22:00,57.11115652,33.86560505,224.3034891,13.6030957,0.040996974,0
27-02-23 23:00,40.29356758,68.90819781,234.8199764,72.11513561,0.019738007,0
28-02-23 0:00,84.25453692,71.44225979,39.4178605,22.58809324,0.023355894,0
28-02-23 1:00,52.06667186,18.39846311,114.7001245,40.29613279,0.037137458,0
28-02-23 2:00,44.65363657,43.5230784,92.5340887,100.2599205,0.035509318,1
28-02-23 3:00,52.8043114,46.2041923,159.4835278,66.39448568,0.011790859,0
28-02-23 4:00,31.6078549,62.50636438,48.38437836,60.20262158,0.030767621,1
28-02-23 5:00,36.36982326,44.09751289,47.25600739,76.28329571,0.030566007,1
28-02-23 6:00,69.44720217,59.20135542,313.8868106,75.14446359,0.025355227,1
28-02-23 7:00,40.57809591,55.64525369,190.8948278,97.02183566,0.040355862,0
28-02-23 8:00,35.39235787,56.69585393,157.6509371,36.03337615,0.03471027,1
28-02-23 9:00,58.33778746,45.72555101,173.5230873,41.00856902,0.033225113,1
28-02-23 10:00,69.19145666,47.19376671,159.2748017,29.49276449,0.047436476,1
28-02-23 11:00,61.30119352,39.06485713,218.302666,49.1857665,0.020461015,1
28-02-23 12:00,65.93282628,68.19809314,112.8721519,46.74663825,0.020934314,0
28-02-23 13:00,39.22081248,72.48239252,161.8723772,15.36576613,0.03512054,1
28-02-23 14:00,30.69438557,44.70780108,164.5241518,34.93523967,0.017240276,0
28-02-23 15:00,74.77400751,95.40196147,91.14684711,92.19108255,0.028401561,0
28-02-23 16:00,45.2639247,53.54183071,239.5955556,56.28412839,0.011979444,1
28-02-23 17:00,46.30042196,95.64610016,123.3369703,69.420351,0,1
28-02-23 18:00,71.68701181,47.13382031,219.7997355,47.02997635,0.030638344,1
28-02-23 19:00,58.65284196,23.60239292,157.261275,13.5060278,0.002416347,0
28-02-23 20:00,57.04615024,68.68879896,268.1106485,46.83374356,0.010280432,1
28-02-23 21:00,87.16227033,65.31210921,91.4206294,79.29780909,0.035137446,1
28-02-23 22:00,40.76134226,60.7240441,89.26278485,24.57544338,0.035383689,1
28-02-23 23:00,64.77848922,47.13181179,98.31573258,70.35017464,0.042948142,1
01-03-23 0:00,50.85844737,59.27577612,158.4375781,16.14290136,0,0
01-03-23 1:00,54.101026,49.65563073,260.5985236,50.50600401,0.024999087,0
01-03-23 2:00,75.26324213,53.787782,264.7960348,64.50246228,0.016076241,1
01-03-23 3:00,57.8754335,78.73679465,37.64269208,42.48942958,0.038741168,1
01-03-23 4:00,58.36420385,63.9194658,165.9808196,130.1511351,0.050160675,1
01-03-23 5:00,67.23788205,73.36704018,25.90284792,38.39994949,0.004197136,0
01-03-23 6:00,44.65889955,55.21140587,203.4819404,36.54329009,0.020254879,1
01-03-23 7:00,38.11612786,52.99309954,227.3874055,55.23775203,0.035401943,0
01-03-23 8:00,35.41948834,37.77264977,147.4944504,32.83562491,0.014934755,0
01-03-23 9:00,24.3712094,52.43462178,155.291166,20.19892233,0.057073466,1
01-03-23 10:00,85.07109471,6.80129717,154.6349669,26.17289243,0.014060021,1
01-03-23 11:00,34.66894321,48.12788166,104.6644748,70.67330077,0.015467135,0
01-03-23 12:00,46.73014881,58.29069735,178.0998309,42.65547543,0.006283047,0
01-03-23 13:00,45.9244261,72.31373872,135.8582979,101.2411497,0.022533805,1
01-03-23 14:00,54.70559934,54.46604627,213.3358878,39.55316215,0,1
01-03-23 15:00,62.90148539,67.48245973,142.9757831,69.27723376,0.016219932,0
01-03-23 16:00,63.64751695,21.35165602,100.6342206,63.55392807,0.045134362,1
01-03-23 17:00,41.59381772,58.81127175,68.16173979,39.2204505,0.003504607,0
01-03-23 18:00,47.52110396,28.9615358,54.34437447,30.34669217,0.001963868,0
01-03-23 19:00,54.31855069,36.81562225,242.3679187,15.70233968,0.041597437,1
01-03-23 20:00,46.33148038,56.12206991,122.645592,64.74584728,0.044727526,1
01-03-23 21:00,76.69374344,89.2448184,171.8486818,84.26397247,0.003822666,1
01-03-23 22:00,57.60568068,68.00203372,280.5313213,17.83537183,0.056731163,0
01-03-23 23:00,61.56321215,60.38334949,116.7252216,41.15056497,0.027480272,0
02-03-23 0:00,60.38263061,59.59043398,113.1450252,34.66138192,0.040079493,1
02-03-23 1:00,68.97914876,45.77769254,141.8446909,64.69625258,0.009211256,0
02-03-23 2:00,52.74809219,49.02022525,151.8447415,42.10772057,0.050476834,1
02-03-23 3:00,32.22929388,69.24887238,289.34906,88.32534703,0.015927238,1
02-03-23 4:00,56.15506974,33.78626476,262.5745519,40.8334446,0.015299539,1
02-03-23 5:00,40.6539124,72.98170472,191.1176312,23.67634569,0.028416112,0
02-03-23 6:00,42.35018537,52.0677582,253.1931622,38.93920217,0.014188649,0
02-03-23 7:00,59.13928304,78.3590153,139.0518838,41.42044829,0.002606343,0
02-03-23 8:00,70.10759104,81.56851355,169.2347821,63.9828421,0.022160368,1
02-03-23 9:00,50.31952613,29.06405091,131.7008601,41.08057307,0.015211947,0
02-03-23 10:00,54.72787302,48.29415825,79.34227947,61.58346766,0.009482483,0
02-03-23 11:00,78.43075989,43.13180999,233.9380577,32.11248935,0.044465157,0
02-03-23 12:00,53.66925979,26.86168675,184.9273921,42.89358604,0.075446908,1
02-03-23 13:00,95.79400174,39.91598865,151.131552,32.22297953,0.00782837,1
02-03-23 14:00,58.80244584,120.2059679,149.845796,30.9843662,0.023276006,1
02-03-23 15:00,26.68884411,73.35696129,69.47366999,86.74644073,0.014101229,1
02-03-23 16:00,61.86764791,105.7770371,94.64053984,33.65599163,0.072324705,0
02-03-23 17:00,55.86265749,78.44217358,171.6875669,41.6723677,0.028593166,0
02-03-23 18:00,71.00975348,45.24679053,118.6102196,79.38870693,0.037409032,1
02-03-23 19:00,60.5508934,52.20142874,136.6773287,70.43754119,0.043099505,1
02-03-23 20:00,47.9423303,72.87654549,143.5247133,99.1108638,0.022133282,1
02-03-23 21:00,33.13443263,69.47474779,110.1402837,62.76933953,0.017122083,0
02-03-23 22:00,46.90834186,48.37580337,95.12630024,36.07145354,0.051224383,1
02-03-23 23:00,37.96557823,31.71026248,64.82583085,114.1241485,0.034261545,1
03-03-23 0:00,41.62915573,132.8776119,140.9714132,65.56847259,0.008612246,0
03-03-23 1:00,59.1751006,57.06574173,190.9590934,46.20440847,0.009986064,0
03-03-23 2:00,77.83714862,53.31864198,63.48206527,51.44654561,0.014221038,1
03-03-23 3:00,56.07583856,62.39929079,148.5004807,54.57846514,0.04257886,0
03-03-23 4:00,33.49189037,54.99107538,168.0457025,44.24794272,0.050088302,1
03-03-23 5:00,56.86671156,62.59990064,94.02684102,21.28254586,0.068317457,1
03-03-23 6:00,69.38139921,89.51024298,251.0187872,98.60669045,0.010167528,1
03-03-23 7:00,41.22509163,57.40775041,126.7854475,49.45557828,0.022302278,0
03-03-23 8:00,48.0077031,37.61092412,143.7327906,54.68842573,0.014077256,0
03-03-23 9:00,50.22053866,56.64467339,140.0767033,114.9096497,0.017182219,0
03-03-23 10:00,38.84259067,50.57106611,58.14045092,34.31850467,0.037472086,0
03-03-23 11:00,60.14447403,92.94310996,219.1524889,67.67611615,0.01927225,1
03-03-23 12:00,48.20040623,86.65078016,95.75817367,32.07574452,0.046248167,1
03-03-23 13:00,56.46899413,62.27536745,135.5531195,58.33469282,0.012538917,0
03-03-23 14:00,37.4752597,35.59929513,189.4970046,55.15945735,0.033511756,1
03-03-23 15:00,43.62949526,36.51048023,254.1118971,71.64017771,0.013503994,1
03-03-23 16:00,61.35755519,60.31793156,89.50175478,84.58323289,0.000730591,1
03-03-23 17:00,44.54650728,67.23245207,123.2908615,36.51950681,0.006786698,0
03-03-23 18:00,78.88686191,52.34343418,247.867652,91.43777383,0.0220323,0
03-03-23 19:00,44.1651663,50.26228298,180.2723008,93.82482209,0.061820427,1
03-03-23 20:00,53.42075411,48.0783325,194.6510359,43.93784346,0.013280261,1
03-03-23 21:00,64.85858814,59.50954775,90.93353407,49.83556546,0.017378859,0
03-03-23 22:00,30.73627536,18.47832525,127.1622036,38.37439312,0.028554046,0
03-03-23 23:00,26.68831549,38.69152131,139.6792979,42.64385266,0.011487177,0
04-03-23 0:00,29.44278247,47.42172139,100.7974782,24.25816958,0.012961923,0
04-03-23 1:00,70.53288017,87.54466304,62.16449898,71.25207994,0.021169433,1
04-03-23 2:00,42.02667522,43.90335249,119.6574927,11.35376782,0.013586709,0
04-03-23 3:00,94.91737287,63.8386841,245.6475916,34.03045242,0.001009305,0
04-03-23 4:00,41.85466137,64.8343802,153.7193506,48.85234153,0.010865443,0
04-03-23 5:00,52.80232873,89.7831275,247.2252352,87.56335256,0.030973094,1
04-03-23 6:00,75.50975239,88.90527811,161.3810981,37.26076069,0.031588009,1
04-03-23 7:00,84.115802,58.79739754,105.7144344,61.24546293,0.046736301,1
04-03-23 8:00,85.17235065,50.35394904,239.6450504,47.99507242,0.044817688,1
04-03-23 9:00,69.58564241,46.72051642,163.5408781,76.30772172,0.008028011,1
04-03-23 10:00,66.40964194,55.02483954,215.6657307,59.81283769,0.009740274,0
04-03-23 11:00,59.23899242,51.16787699,90.07743979,72.82297758,0.010254888,0
04-03-23 12:00,62.28126211,72.08593056,221.3963559,37.14372355,0.017636382,1
04-03-23 13:00,42.03601995,69.09149668,223.6607254,27.7341171,0.011193075,1
04-03-23 14:00,38.39646616,72.95316799,168.6142365,59.58255758,0.017298947,0
04-03-23 15:00,49.94939453,88.82365114,103.4741092,38.52043539,0.008327031,0
04-03-23 16:00,47.47619347,104.3256736,147.1371491,50.76085541,0.034396363,0
04-03-23 17:00,43.40699492,62.6412427,190.4477579,58.23386367,0.007527456,0
04-03-23 18:00,60.93076719,84.90197008,164.9907648,85.67469121,0.007024299,1
04-03-23 19:00,65.24218617,52.80063347,189.7354739,71.52034622,0.029135581,0
04-03-23 20:00,51.33391907,86.99150898,219.4132199,34.3660807,0.033121951,1
04-03-23 21:00,74.34604636,83.98189484,111.9949825,25.30767183,0.016550082,0
04-03-23 22:00,34.17811732,82.70208952,85.81297183,101.4299783,0.036169232,1
04-03-23 23:00,47.1326121,61.98874037,147.6622799,17.94794311,0.034653213,1
05-03-23 0:00,39.76149943,46.63453251,130.0434359,39.30170529,0.061206405,0
05-03-23 1:00,25.48590969,33.63196715,202.8207283,67.38014314,0.03333836,1
05-03-23 2:00,48.76662581,59.16162311,89.77113138,99.02564645,0.056058876,1
05-03-23 3:00,48.18860983,95.71845457,220.0209422,45.36637635,0.021002372,0
05-03-23 4:00,74.99227627,53.63726287,245.5943513,50.68581777,0.048270879,0
05-03-23 5:00,59.86009865,77.41229393,150.0190608,30.42133343,0.048787993,1
05-03-23 6:00,35.68615629,78.79136036,153.8181411,53.21349772,0.017779196,0
05-03-23 7:00,81.24904774,54.16330617,105.5631095,25.21471305,0.010405617,0
05-03-23 8:00,69.80642872,90.24238718,117.8505789,32.9316587,0.012585696,0
05-03-23 9:00,59.07030329,11.60858536,125.4793905,70.84785019,0.027158971,0
05-03-23 10:00,46.65403356,36.56492151,252.6762105,39.72454615,0.005570166,1
05-03-23 11:00,36.5289351,42.02929553,145.5390683,75.45525981,0.013357921,1
05-03-23 12:00,44.55543624,43.7938836,77.85303817,46.23301515,0.043455767,1
05-03-23 13:00,67.51660285,67.23113113,166.3508814,21.40016728,0.032003346,1
05-03-23 14:00,81.82046013,66.21697675,205.739665,83.30436415,0,1
05-03-23 15:00,75.53025351,68.50664487,148.4156638,22.307096,0.004005492,0
05-03-23 16:00,42.90623243,73.0506811,254.7773688,36.0417569,0.068524553,1
05-03-23 17:00,34.4592817,41.40185209,202.2214101,45.12716212,0.043047216,0
05-03-23 18:00,52.13314264,36.64423199,91.03348093,78.18078916,0.011692577,1
05-03-23 19:00,26.60078731,68.55831726,117.3599181,37.66943824,0.002831376,0
05-03-23 20:00,54.95195308,47.36091515,164.4462126,29.40848504,0.004691691,0
05-03-23 21:00,47.80774773,30.71961185,62.52029208,54.14621437,0.028924312,0
05-03-23 22:00,43.22664249,81.81349455,171.7011112,44.78820091,0.063355591,0
05-03-23 23:00,28.62253186,92.21660403,58.52013418,38.97059694,0.061593783,1
06-03-23 0:00,57.96778667,96.33750374,220.2490872,55.55273164,0.002237386,1
06-03-23 1:00,42.29325759,63.97961998,211.6434785,24.25602616,0.015530102,1
06-03-23 2:00,33.81995287,73.7322605,183.0776604,15.84819102,0.008490829,0
06-03-23 3:00,15.16595702,91.58204111,110.4984716,117.1907521,0.022247471,0
06-03-23 4:00,49.58803349,47.14738973,160.8114905,52.63721656,0.004018196,0
06-03-23 5:00,79.72464967,85.17463874,119.4952457,54.44553899,0.012160659,1
06-03-23 6:00,77.6786704,65.89708555,91.94952598,32.28478766,0.008380248,1
06-03-23 7:00,43.35249314,80.44024817,129.5170427,74.86006073,0.029200159,1
06-03-23 8:00,41.32947846,63.95989936,196.5670446,37.51668806,0.012557497,0
06-03-23 9:00,57.25136314,89.74181309,152.7499052,3.63416462,0.014474476,1
06-03-23 10:00,36.0209919,64.76894332,253.296726,36.78874692,0.028957809,1
06-03-23 11:00,54.61795685,32.13973052,201.3798027,43.20225301,0.054373958,1
06-03-23 12:00,62.07808317,93.6525957,193.7714174,45.83469519,0.067281926,0
06-03-23 13:00,69.90936349,41.4485762,64.97395851,45.14352536,0.027920045,0
06-03-23 14:00,48.50771969,88.66945473,132.6654842,35.12487917,0.018606352,1
06-03-23 15:00,46.98637674,58.11711516,90.27405612,33.11153395,0.046257478,0
06-03-23 16:00,37.60111462,86.77073345,138.7632603,42.81690719,0.042761452,0
06-03-23 17:00,38.28052581,85.76169063,109.554033,16.98587248,0.036441746,0
06-03-23 18:00,46.65410931,69.31053693,127.2552034,12.5566424,0.002213502,0
06-03-23 19:00,55.64544002,71.06715392,223.0790688,52.48023189,0.04370987,1
06-03-23 20:00,64.53840626,69.14312338,181.0582955,52.90786413,0.026116146,0
06-03-23 21:00,38.59741217,23.79291534,219.0303286,74.30505064,0.008096874,1
06-03-23 22:00,74.6184477,62.50593766,65.33042418,43.80680812,0.010604235,0
06-03-23 23:00,46.00665399,38.43105117,153.6435849,24.43355744,0.030328801,1
07-03-23 0:00,49.67994715,63.63888758,216.0261725,12.79551892,0,0
07-03-23 1:00,39.35015011,37.95768302,257.757059,30.12244526,0.01803966,1
07-03-23 2:00,19.51333694,37.22217589,67.62394162,61.0985624,0.01080632,0
07-03-23 3:00,64.04221721,97.56734667,128.7735172,92.26954741,0.009607824,0
07-03-23 4:00,61.59559739,84.17397172,221.056916,51.36091101,0.013311987,1
07-03-23 5:00,45.85923184,59.91303146,138.2044311,24.07865401,0.00289547,0
07-03-23 6:00,51.00934851,63.93135084,98.07205741,30.32476574,0.040162823,1
07-03-23 7:00,58.00528154,54.88595699,67.54003606,30.94325714,0,0
07-03-23 8:00,29.0033617,72.45454252,96.10636169,40.34476519,0.022794575,0
07-03-23 9:00,42.34410658,46.48843256,61.55797879,81.79160529,0.008594137,1
07-03-23 10:00,62.54482658,82.34982509,153.6742843,84.28488786,0.063541012,1
07-03-23 11:00,32.75890061,54.78125576,210.8396183,45.78261891,0.020364527,1
07-03-23 12:00,54.48954524,51.44762034,80.72942162,54.67729675,0,0
07-03-23 13:00,31.49158712,60.45668057,166.5066565,31.96934846,0.029646177,0
07-03-23 14:00,57.21400667,48.11009843,207.116338,16.02364956,0.006099944,0
07-03-23 15:00,49.46664808,67.06437747,149.8307736,104.302921,0.038668244,0
07-03-23 16:00,28.38167354,49.14852345,64.89762324,8.119662036,0.031028307,1
07-03-23 17:00,68.82770808,70.16826721,175.0331784,14.21492107,0.05006714,0
07-03-23 18:00,39.52075113,87.75414517,146.6024837,104.5913684,0.023097451,0
07-03-23 19:00,38.50272246,45.67038011,140.3654217,50.41621333,0.035119395,0
07-03-23 20:00,53.04876596,57.28349032,117.616858,25.65518046,0.02068955,0
07-03-23 21:00,68.548928,70.00718401,155.4694065,68.46584352,0.011608614,0
07-03-23 22:00,35.79456668,51.131953,183.4231051,71.11916689,0.04045958,1
07-03-23 23:00,50.92900215,70.07412215,333.7066994,22.01101196,0.004854529,0
08-03-23 0:00,56.6161311,72.12607792,157.0964652,37.53063817,0.019423039,0
08-03-23 1:00,60.87697949,84.50868142,258.1476081,74.20956703,0.011872751,0
08-03-23 2:00,52.67775495,47.82504494,173.1276249,31.57936134,0.035600872,0
08-03-23 3:00,44.62929185,41.53495769,143.8389149,57.29294259,0.007541722,0
08-03-23 4:00,38.27105226,53.6827806,159.4166187,91.71057396,0.013960111,1
08-03-23 5:00,51.29957901,41.08201776,82.59731544,7.359830219,0.020708401,0
08-03-23 6:00,35.06739688,72.33244962,169.67757,41.81814326,0.050443528,1
08-03-23 7:00,14.71403139,37.62772182,49.30587278,56.74626015,0.01233046,0
08-03-23 8:00,56.73898152,117.1577932,100.5485121,14.83308836,0.01406787,1
08-03-23 9:00,64.37612081,89.73362863,156.9375864,37.60117992,0.003881716,1
08-03-23 10:00,20.13946316,60.26432839,233.1774541,79.38539836,0.00717092,1
08-03-23 11:00,35.87359553,79.34384416,251.6941418,33.88030077,0.027119361,0
08-03-23 12:00,59.67066591,29.64584136,135.5515645,19.50151401,0.020516181,0
08-03-23 13:00,85.09571965,122.5419594,159.8778198,82.10713742,0.020776592,0
08-03-23 14:00,50.31233799,48.12802308,217.3364712,61.7052876,0.056954927,1
08-03-23 15:00,39.60994416,57.49133375,77.51197069,48.29281628,0.001633094,0
08-03-23 16:00,47.29000449,26.19213352,176.2796423,47.56924718,0.073202038,0
08-03-23 17:00,72.51343146,70.56674641,102.3691354,78.8791563,0.043017389,1
08-03-23 18:00,40.72780703,38.60276879,139.4380778,57.62344893,0.015105735,0
08-03-23 19:00,38.65082776,62.15027183,122.5752609,67.39074879,0.026718914,0
08-03-23 20:00,42.99188848,49.0145889,178.3471031,34.12478476,0.010473311,0
08-03-23 21:00,36.60890631,39.10967535,186.2109844,13.09487547,0.025413461,0
08-03-23 22:00,51.85510275,44.0789046,210.4565446,66.70817246,0.068262974,1
08-03-23 23:00,77.00975697,64.81801907,172.4898813,81.15932491,0.010912454,1
09-03-23 0:00,54.95056931,35.55201824,160.9051507,44.53723504,0.01644939,0
09-03-23 1:00,46.27837976,45.11603329,286.500913,74.55824985,0.009609826,1
09-03-23 2:00,45.70798478,74.58863837,68.66958156,41.95678302,0.011528237,0
09-03-23 3:00,28.99570337,124.8114296,273.226173,47.75719998,0.014043383,1
09-03-23 4:00,64.02652954,70.37150183,132.3901111,103.0237397,0.006078154,0
09-03-23 5:00,48.83850067,41.99955889,187.6362274,42.96695048,0.015990681,0
09-03-23 6:00,47.3253743,52.49276165,130.2825953,41.60446188,0.020876542,0
09-03-23 7:00,108.0925495,60.66486593,109.0525366,13.74098217,0.014037191,1
09-03-23 8:00,54.57054693,52.84522273,181.6949649,68.6804319,0,0
09-03-23 9:00,39.28832403,80.18749258,221.6492078,33.76559016,0.017602359,1
09-03-23 10:00,43.78641686,64.63788522,180.9054163,53.74565089,0.019250358,0
09-03-23 11:00,68.54561318,80.30119401,117.8811005,42.42177169,0.061162661,1
09-03-23 12:00,51.71188634,53.54499275,453.9604746,39.45137555,0.020431257,1
09-03-23 13:00,30.49447387,90.47093086,233.5303275,47.09834345,0.037595341,1
09-03-23 14:00,64.63341585,56.5453789,213.5606612,48.98369825,0.013732465,1
09-03-23 15:00,40.42425524,41.01982739,128.6872381,83.55146235,0.045826559,1
09-03-23 16:00,81.6087112,112.8348141,113.2721318,94.93842869,0.007563795,1
09-03-23 17:00,67.36722481,26.67128298,132.9799172,67.53816799,0.028844869,0
09-03-23 18:00,43.49026844,45.30508912,224.6045497,86.63946116,0.035564488,1
09-03-23 19:00,70.85624835,47.422161,93.97501065,73.54239047,0.032540966,1
09-03-23 20:00,51.02243703,122.1118323,90.08361709,63.09928188,0.06867703,1
09-03-23 21:00,63.51882807,102.8411451,185.4683901,92.73089627,0.011674612,1
09-03-23 22:00,57.50595816,94.72022296,170.561096,22.42445181,0.048616883,1
09-03-23 23:00,38.02096976,53.22017082,105.4157016,34.29391048,0.042496869,0
10-03-23 0:00,40.7609089,119.7792476,88.94412785,31.49909978,0.020798803,1
10-03-23 1:00,66.51023155,67.93891688,252.2738487,42.73780611,0.05957682,1
10-03-23 2:00,45.09044454,81.95509632,173.0774895,68.55888686,0.017719507,0
10-03-23 3:00,44.10820513,63.82203865,75.93438883,25.85278082,0.020358559,0
10-03-23 4:00,36.58542045,58.96487241,79.18920616,63.32840102,0.019912352,0
10-03-23 5:00,56.53342215,54.8077366,128.1896472,36.35739861,0.004492034,0
10-03-23 6:00,85.19188283,55.66348353,199.0249556,41.68475904,0.033923935,1
10-03-23 7:00,35.12663281,73.33371775,189.312263,55.1308909,0.030785891,1
10-03-23 8:00,50.36387843,67.91344931,228.4140864,100.5109894,0.018358004,1
10-03-23 9:00,73.17767523,59.3405869,70.17999233,33.71363866,0.057520137,1
10-03-23 10:00,48.81172188,95.11799787,164.2910622,48.01691002,0.013577963,0
10-03-23 11:00,56.99021719,10.90062121,251.3187174,26.53207827,0.001299839,1
10-03-23 12:00,35.19277709,71.09760971,243.9582709,33.51493261,0.061290458,1
10-03-23 13:00,56.60805343,75.84523612,173.2047721,26.36339832,0.039244775,0
10-03-23 14:00,47.227859,86.05950597,329.8303023,56.29938642,0.031192451,1
10-03-23 15:00,65.75761356,58.64401219,190.3076899,61.17538189,0.014914544,0
10-03-23 16:00,69.22067641,64.43116755,221.6955878,68.59234408,0.025824546,0
10-03-23 17:00,95.54929449,82.16305737,152.7898486,32.86272089,0.004599608,0
10-03-23 18:00,59.03047221,94.64986036,104.8485786,63.47259548,0.01654978,0
10-03-23 19:00,54.99308799,53.82422713,99.89537182,52.86587684,0.007990847,0
10-03-23 20:00,52.95354978,65.71340555,161.5488554,48.56619362,0.024395846,0
10-03-23 21:00,44.82723204,99.47646908,137.0495232,23.58782122,0.037333877,0
10-03-23 22:00,55.19182896,22.16266794,58.23076726,53.90179739,0.006530553,0
10-03-23 23:00,45.65624084,46.22391149,92.20141582,54.72654235,0.033175098,1
11-03-23 0:00,52.55529374,94.00556822,130.7080616,52.57425714,0.02331567,1
11-03-23 1:00,71.5000263,84.73375288,198.6285727,60.48139076,0.0323446,0
11-03-23 2:00,35.91498946,71.38077293,148.9969323,68.81228087,0.016300422,0
11-03-23 3:00,68.39750155,50.8813244,145.5271463,26.16638284,0.03275116,1
11-03-23 4:00,71.49151811,42.64821732,94.16194001,44.72346942,0.010319535,0
11-03-23 5:00,48.24291227,48.10877586,151.4511,63.6922387,0.001573883,0
11-03-23 6:00,22.67444473,96.10266681,242.8839793,43.50623682,0.003078843,1
11-03-23 7:00,41.25211776,47.39511385,159.8686662,76.74706961,0.012714061,1
11-03-23 8:00,71.13711305,62.14531218,69.42486655,52.2788589,0.00200032,0
11-03-23 9:00,49.65750201,45.02425228,81.17768118,12.59210157,0.052016926,1
11-03-23 10:00,36.00907147,78.76365673,188.8793389,73.09964571,0.018695284,0
11-03-23 11:00,42.6831739,49.12208712,136.2821874,47.11355883,0.037243548,0
11-03-23 12:00,63.31594243,57.96481516,145.3721089,15.15285847,0.034451523,1
11-03-23 13:00,58.49992112,28.89963831,113.9567731,43.88370401,0.020102798,0
11-03-23 14:00,46.47310706,30.02370264,182.9838064,23.11713513,0.114105675,1
11-03-23 15:00,44.63219397,60.16122538,131.7359517,70.52990234,0.092555644,0
11-03-23 16:00,44.27710221,34.80576197,138.5456206,49.10782922,0.048082374,1
11-03-23 17:00,37.01468778,110.8539041,101.1460256,29.46628238,0.007975082,0
11-03-23 18:00,76.84007396,23.08283096,212.7027952,72.24362514,0.049087652,1
11-03-23 19:00,45.26908345,44.15673949,136.4725988,62.09387901,0.001195578,0
11-03-23 20:00,69.73885268,60.35113659,190.2096318,44.27263661,0.048200644,0
11-03-23 21:00,75.13414331,52.5321914,83.94849218,23.51460296,0,1
11-03-23 22:00,65.97128812,38.64165119,276.4058006,31.06744144,0.015201895,1
11-03-23 23:00,43.7119914,41.25995399,239.625984,30.76925446,0.043731932,1
12-03-23 0:00,56.21894934,40.66835762,52.52160848,70.33420431,0.026608337,0
12-03-23 1:00,49.63765133,54.1021584,103.7375301,16.45381491,0.002901352,0
12-03-23 2:00,37.26114914,106.7055516,181.2209571,48.82582297,0.022811784,1
12-03-23 3:00,54.97059817,61.64579456,77.96706135,43.93081706,0.0266161,0
12-03-23 4:00,33.70453796,86.93979063,141.8792719,79.10549862,0.023402378,1
12-03-23 5:00,69.22577316,71.03204079,177.7565747,55.98091286,0.01398115,0
12-03-23 6:00,43.24660977,85.25214452,138.6593725,64.23960728,0.035874796,1
12-03-23 7:00,53.05786005,12.96044979,185.4195019,37.69400931,0.042251053,0
12-03-23 8:00,54.32957009,53.74542359,109.5511191,23.77111493,0.017604283,0
12-03-23 9:00,46.18345718,90.01274841,39.95675838,42.18090444,0.05124253,1
12-03-23 10:00,59.14461664,48.4838705,217.1695099,71.24100377,0.017573081,1
12-03-23 11:00,43.10197863,101.6714039,216.7017013,71.17363225,0.012882725,0
12-03-23 12:00,63.82861844,94.46458821,344.0864688,39.79152769,0.047234175,1
12-03-23 13:00,31.6219661,50.4783804,41.28087658,30.70404458,0.046357319,0
12-03-23 14:00,51.91166549,49.81332639,200.3095,26.9327342,0.011231864,1
12-03-23 15:00,82.84338065,40.25537252,50.21162253,46.64033542,0.009512812,1
12-03-23 16:00,35.99569289,47.37310448,278.292442,53.46971796,0.057569321,1
12-03-23 17:00,40.29316369,36.39454335,181.9197614,93.34066753,0.018389027,1
12-03-23 18:00,57.97271902,69.28085333,95.94145821,53.12890037,0.020052604,0
12-03-23 19:00,52.72597635,32.60313073,202.4163873,66.47427593,0.016154927,0
12-03-23 20:00,55.38239296,73.22513367,117.2698397,32.31569114,0.046385739,1
12-03-23 21:00,57.577111,73.78137691,169.3175052,51.04774204,0.068099158,0
12-03-23 22:00,59.92369337,29.2541076,163.1270637,53.56082731,0.02113448,0
12-03-23 23:00,67.87693137,96.1490973,277.2632434,46.54598329,0.076219693,0
13-03-23 0:00,56.31523119,71.18148694,283.1966057,49.45595826,0.012050315,1
13-03-23 1:00,46.43934044,76.58672914,114.8112697,53.203255,0.015715098,0
13-03-23 2:00,60.5409609,44.9313901,222.8491261,62.72010957,0.032128542,0
13-03-23 3:00,82.10778039,73.65099514,172.9329789,83.32846208,0.00893057,1
13-03-23 4:00,48.02808551,85.55740575,73.68139455,8.759425598,0.031871038,1
13-03-23 5:00,36.3317678,57.94380905,109.39413,81.5646716,0.012510595,1
13-03-23 6:00,67.83183765,108.0519119,328.7546028,16.01039032,0.002446962,0
13-03-23 7:00,48.20877417,60.92826987,173.1342587,58.00507396,0.001228902,0
13-03-23 8:00,22.13044977,85.90859017,218.483579,125.5376877,0.015133875,1
13-03-23 9:00,63.42944866,66.28196619,137.0170072,48.94192182,0.027204986,0
13-03-23 10:00,42.25665348,72.81020539,118.002854,54.59769916,0.003779477,0
13-03-23 11:00,48.65019704,29.0920497,151.7084918,42.53229042,0.022953147,0
13-03-23 12:00,55.0899159,67.99864982,133.7933648,68.0172758,0.023001489,0
13-03-23 13:00,52.89378532,45.37580547,70.05051771,59.44879892,0.017402039,0
13-03-23 14:00,61.14509914,43.30022072,93.33213075,34.46993851,0.007753849,0
13-03-23 15:00,43.65735282,101.1890108,197.2493851,47.18040348,0.024016932,1
13-03-23 16:00,57.95986453,55.57937137,127.0763843,25.79178804,0.017783405,0
13-03-23 17:00,46.17416431,40.4405834,151.6105196,47.06890565,0.038599353,1
13-03-23 18:00,61.62799814,52.6516991,165.0138237,40.04331442,0.004329142,0
13-03-23 19:00,59.6091894,35.22730139,170.15363,53.46945408,0.021862403,0
13-03-23 20:00,36.84346503,93.19561083,229.5490526,33.7640858,0.004503265,1
13-03-23 21:00,67.4690889,46.11666192,88.57430652,44.7771506,0.016375428,0
13-03-23 22:00,42.24780514,71.53553624,187.5919242,50.21955026,0.006076321,0
13-03-23 23:00,62.77382438,91.23677913,200.6096389,51.97889045,0.007847736,0
14-03-23 0:00,55.64420967,49.87202275,217.4471586,57.08278756,0.019938506,0
14-03-23 1:00,80.95167438,71.59704288,73.67066689,45.73681149,0.011909779,1
14-03-23 2:00,46.69794731,39.95980877,166.3157982,32.18931927,0.049920699,0
14-03-23 3:00,44.88227028,120.3338441,274.9242466,52.07203988,0.043037926,1
14-03-23 4:00,49.70908303,80.97919446,143.8639168,45.62452473,0.034818915,1
14-03-23 5:00,45.54422124,56.01091065,181.6210216,78.76583713,0.034407753,1
14-03-23 6:00,62.63903558,44.66639961,202.4288284,82.74115553,0.022135129,1
14-03-23 7:00,28.36780086,57.62556521,92.21766514,21.34580328,0.045984214,0
14-03-23 8:00,35.30501035,53.03372523,284.7915244,66.57150292,0.015554699,0
14-03-23 9:00,35.12315926,106.7328243,182.7158061,72.44972057,0.067385163,1
14-03-23 10:00,65.1576984,36.51667387,184.0882249,21.78800323,0.007588111,0
14-03-23 11:00,78.5853987,62.85808702,62.69729891,65.49418672,0.005761532,1
14-03-23 12:00,48.44417136,59.61540503,203.4468585,74.80707859,0.003518272,1
14-03-23 13:00,47.49617493,57.55506146,183.1893549,28.96432026,0.00493768,0
14-03-23 14:00,51.05568975,57.73674661,267.3399428,44.25903151,0.001894708,0
14-03-23 15:00,68.77813573,57.58272164,131.1272403,54.76214375,0.023563056,0
14-03-23 16:00,36.94968682,79.47775393,94.12416826,65.2377187,0.035848186,1
14-03-23 17:00,53.63235451,73.34496646,110.1527631,28.22005214,0.020549695,0
14-03-23 18:00,65.57897486,69.06037425,119.9688784,82.94116094,0.003592438,1
14-03-23 19:00,57.76750792,10.09386057,87.5829978,11.62105825,0.013146925,0
14-03-23 20:00,52.87966544,66.43050781,240.6220788,88.35054556,0.035588071,1
14-03-23 21:00,66.01778467,29.34328597,243.5578061,64.66506955,0.014879885,0
14-03-23 22:00,16.75898043,74.19931806,137.993025,35.61551166,0.009138137,0
14-03-23 23:00,60.62764474,94.22565845,126.378067,73.85173845,0.00265408,1
15-03-23 0:00,40.61667975,41.83585698,56.30822788,27.09867242,0.013772237,0
15-03-23 1:00,25.89172335,54.60539855,196.4037509,52.91303225,0.010239781,1
15-03-23 2:00,57.92936709,47.95237109,269.743192,56.13327557,0.01864041,0
15-03-23 3:00,72.49181598,88.2335048,112.6114328,56.0706493,0.028302882,0
15-03-23 4:00,47.95716437,62.00913104,142.7827989,31.1224378,0.015719829,0
15-03-23 5:00,65.20108811,100.7756007,178.2748708,38.33634837,0.023059376,1
15-03-23 6:00,76.78361505,68.94562707,275.6178596,53.21681444,0.028220449,1
15-03-23 7:00,71.45271682,65.17962693,162.7254771,33.41587583,0.004860347,0
15-03-23 8:00,77.2889516,61.43932068,162.4435269,57.00737972,0.060848116,0
15-03-23 9:00,61.68266558,78.1815007,161.4003371,35.77830291,0.009786303,0
15-03-23 10:00,51.13719482,28.03791982,73.11977419,78.00000081,0.029065391,1
15-03-23 11:00,28.53680728,61.80314845,72.13480331,96.39307653,0.005695632,1
15-03-23 12:00,46.36960943,58.53638444,103.4174391,42.82885044,0.021798676,0
15-03-23 13:00,38.06236589,76.02314408,219.4613448,75.54709759,0.022412302,0
15-03-23 14:00,87.27713305,56.11111412,129.7149693,44.82760612,0.054803421,1
15-03-23 15:00,47.39264863,39.80503072,118.5826296,29.21993024,0.016440431,0
15-03-23 16:00,51.86325153,60.15444522,117.5979875,39.90076327,0.045857376,1
15-03-23 17:00,58.57641676,39.01916431,141.5101416,52.16121006,0.02490043,0
15-03-23 18:00,50.65593787,25.12944542,273.7647744,14.90571147,0.059924614,0
15-03-23 19:00,78.29896364,76.06263277,140.6873273,66.81575819,0.001024672,1
15-03-23 20:00,41.0479518,72.66326148,104.5659938,52.17271998,0.028412168,0
15-03-23 21:00,52.95698389,70.13617075,151.5816759,78.01686357,0,1
15-03-23 22:00,39.41420379,89.90793057,278.1746361,66.3129327,0.019081005,1
15-03-23 23:00,31.94212176,46.69773143,120.0904513,53.04187073,0.039463156,0
16-03-23 0:00,41.19772506,33.01873454,84.55582395,41.48398212,0.049399295,0
16-03-23 1:00,49.44581977,58.53673094,120.1939992,95.02886651,0.033454692,0
16-03-23 2:00,43.74476703,52.88362839,158.1472141,118.3718596,0.015604284,1
16-03-23 3:00,40.09313212,43.37598306,195.8571131,41.86633183,0.029613558,0
16-03-23 4:00,30.88296685,58.33273161,219.0131109,79.3164639,0.079258456,1
16-03-23 5:00,48.76032295,47.71738321,91.20381808,33.82974377,0.021223105,0
16-03-23 6:00,29.69337779,26.50026215,95.9968077,36.3439755,0.038147356,1
16-03-23 7:00,61.97852452,51.0272448,130.4230997,40.7914317,0.013683394,0
16-03-23 8:00,51.24339261,38.07314428,195.5919982,68.52343834,0.040564292,0
16-03-23 9:00,30.26118388,64.94510075,80.77522581,26.59348341,0.036959708,0
16-03-23 10:00,45.4574741,46.86884248,114.255144,95.95627299,0.011349962,1
16-03-23 11:00,39.28339317,85.19784776,115.0615877,76.08561955,0.034249512,1
16-03-23 12:00,54.88949002,97.53976696,214.1806489,67.85068724,0.035237348,1
16-03-23 13:00,71.90356409,74.95934741,184.6906541,42.91361452,0.033481629,1
16-03-23 14:00,25.38868475,31.0369735,211.3826388,72.80133873,0.019346744,1
16-03-23 15:00,51.73862219,95.00753847,244.4197257,2.598946661,0.044197479,1
16-03-23 16:00,47.62365058,96.81447186,131.4574009,61.60571612,0.007663451,1
16-03-23 17:00,60.52079865,60.39513036,84.24671558,54.07996892,0.020156254,0
16-03-23 18:00,53.24340223,90.40664981,84.55782428,13.51803834,0.021819672,0
16-03-23 19:00,39.2859179,48.87134029,55.39011371,60.65144903,0.042858311,0
16-03-23 20:00,45.31598638,26.0331462,122.5898752,65.81975224,0.007338619,0
16-03-23 21:00,38.69326931,44.90107543,126.8718487,13.96565665,0.024031903,0
16-03-23 22:00,67.29789844,100.8010404,202.9435301,24.55599375,0.012849847,1
16-03-23 23:00,50.32012892,32.02230061,151.0588551,114.3948365,0.021787182,1
17-03-23 0:00,82.13238631,59.98994726,120.7970041,45.44534428,0.026738376,1
17-03-23 1:00,49.09376753,60.71877047,142.8308138,77.24619011,0.0044483,1
17-03-23 2:00,39.87573864,49.62225474,91.54095267,81.97909584,0.045018514,0
17-03-23 3:00,29.58561537,50.98111352,220.3966625,60.31397899,0.02739442,0
17-03-23 4:00,26.20421755,61.52506173,104.586257,78.53537368,0.008474025,1
17-03-23 5:00,28.74744754,48.66863057,86.55095533,10.57068269,0.014890343,0
17-03-23 6:00,54.07825641,33.17014711,205.1312084,44.39619614,0.050605013,0
17-03-23 7:00,57.8896765,64.58502891,187.8632503,1.455297374,0.027172411,0
17-03-23 8:00,28.78230351,84.26887196,60.09621155,15.49418764,0.007354903,1
17-03-23 9:00,64.22666829,79.39525744,207.8237689,37.24403307,0.009305559,1
17-03-23 10:00,42.9874322,43.97906248,106.9502179,34.69359838,0.031167767,0
17-03-23 11:00,52.22344337,36.07257072,127.4581922,51.04040166,0.033580888,0
17-03-23 12:00,76.78256478,54.1531986,161.8986159,49.48501654,0.026200861,1
17-03-23 13:00,64.2569105,96.61057703,188.7288277,53.39722186,0.015591441,1
17-03-23 14:00,46.04414899,74.18275498,179.0331586,54.4593116,0.034921699,1
17-03-23 15:00,37.4263402,75.52660761,146.9012455,58.65558074,0.015301573,0
17-03-23 16:00,22.3530785,79.87476408,124.5417237,28.78318314,0.00851643,0
17-03-23 17:00,39.72988171,69.10166456,176.7833487,33.45616373,0.05293787,0
17-03-23 18:00,46.8776224,62.55459913,142.6848542,49.08212849,0.028537503,0
17-03-23 19:00,36.16683051,74.56642047,282.390482,49.4677928,0.009291036,0
17-03-23 20:00,48.04837389,48.97795793,188.7138163,26.46351634,0.022202157,0
17-03-23 21:00,51.15868446,33.29733518,97.40270194,80.54829661,0.020438946,1
17-03-23 22:00,46.67772049,75.96702248,121.5186133,69.69602501,0.014768647,0
17-03-23 23:00,40.67246464,88.29049365,153.025946,30.7244212,0.023900435,1
18-03-23 0:00,52.55826448,38.39279328,241.3455798,44.92109886,0.007730048,1
18-03-23 1:00,56.82442128,78.27368352,250.1413671,112.3532401,0.036267983,1
18-03-23 2:00,34.83298399,99.53354006,126.1831163,54.0917809,0.019901535,0
18-03-23 3:00,73.15471588,59.95283733,96.87789857,60.36185101,0.00201976,0
18-03-23 4:00,48.53089764,43.82564548,90.41706088,35.88901874,0.016505725,0
18-03-23 5:00,50.28309965,62.60609254,166.159119,42.46631486,0.011284011,0
18-03-23 6:00,61.12478402,48.89341814,325.8310522,94.63546835,0,0
18-03-23 7:00,53.55263173,47.61920173,185.4371162,52.87086756,0.017579807,0
18-03-23 8:00,65.20551895,69.37833807,65.62380994,48.24188696,0.03981317,0
18-03-23 9:00,54.38930276,30.17960337,107.7872353,50.19120231,0.018309832,0
18-03-23 10:00,41.18851892,32.80488873,113.340976,133.0714903,0.032834709,0
18-03-23 11:00,55.55323768,60.40566669,102.6789714,50.99994149,0.020136137,0
18-03-23 12:00,34.15221653,59.53226719,126.6594057,31.3151645,0.01332289,0
18-03-23 13:00,51.6401808,67.39169074,173.9058942,34.90468187,0.009900099,0
18-03-23 14:00,49.50265437,104.6544385,195.414413,71.34763987,0.004411971,0
18-03-23 15:00,46.92155977,62.21117953,225.3869033,20.40964682,0.037383372,1
18-03-23 16:00,48.08845922,73.09833004,184.4113908,61.87364961,0.03329396,1
18-03-23 17:00,25.31362015,40.94130511,50.77782895,33.47629725,0.015779672,0
18-03-23 18:00,42.07022541,77.01128332,90.62582122,13.89583388,0,0
18-03-23 19:00,51.40129369,49.36142285,140.269085,28.37981923,0.028221933,0
18-03-23 20:00,52.42339995,61.50748889,159.3351391,50.69061957,0.007979431,0
18-03-23 21:00,35.64098908,57.73195091,208.290897,90.718661,0.022364224,0
18-03-23 22:00,70.58763395,83.29301259,152.7102003,75.33574714,0.002466375,0
18-03-23 23:00,37.75763614,35.06455022,153.1846307,42.91650619,0.021497375,0
19-03-23 0:00,65.48170527,19.87175667,165.2016207,77.14011984,0.017950659,1
19-03-23 1:00,56.59041045,55.58624364,134.4513578,41.46237981,0,0
19-03-23 2:00,40.72420009,70.1684387,155.4756154,19.78917907,0.05374071,1
19-03-23 3:00,79.78139215,63.23243584,227.9694998,50.52852496,0.015107119,0
19-03-23 4:00,33.52021641,88.15377991,144.7978151,19.15516172,0.016053313,1
19-03-23 5:00,64.632157,69.47176844,148.1171814,71.66418901,0.02941247,0
19-03-23 6:00,66.00989975,48.63607244,147.9076801,72.09533038,0.01919702,0
19-03-23 7:00,40.39042833,19.2775451,241.2161646,30.3237928,0.026221124,1
19-03-23 8:00,72.82593911,55.10091873,88.11336012,53.70353357,0.005618713,0
19-03-23 9:00,46.31182554,83.17218861,279.9122241,53.45675904,0.017785742,1
19-03-23 10:00,54.41374845,51.99754876,84.7793797,74.08004496,0.000387401,1
19-03-23 11:00,53.97259504,60.59592859,111.6792586,23.52387852,0.016367074,0
19-03-23 12:00,48.00340772,69.11488204,199.8739524,66.06534396,0.04938575,0
19-03-23 13:00,62.81953415,40.22508805,220.7641084,22.28241251,0.002708202,1
19-03-23 14:00,62.53195516,73.6705883,74.10016838,71.24178544,0.014757101,0
19-03-23 15:00,26.82938446,98.39980922,88.87011772,79.95541233,0,1
19-03-23 16:00,71.26640711,56.41571629,167.8283554,34.60527306,0.020127338,0
19-03-23 17:00,27.82649979,38.20182684,329.5040253,84.93704724,0.02811075,1
19-03-23 18:00,66.55434473,58.60803198,237.2104493,18.08191523,0.026576773,1
19-03-23 19:00,68.17004152,20.70976071,134.8632473,81.11683739,0.011456846,1
19-03-23 20:00,34.8257113,67.24522426,33.91754359,92.168875,0,1
19-03-23 21:00,44.00655406,69.8045901,155.1426641,59.0041443,0.004759463,0
19-03-23 22:00,34.63701279,99.39999765,173.4311041,45.22654647,0.044839801,1
19-03-23 23:00,46.82237559,55.98256033,126.9602871,58.10331393,0.036381478,1
20-03-23 0:00,45.47437086,68.82848251,101.1721384,35.99961329,0.018563598,0
20-03-23 1:00,62.30277853,43.02567564,160.0998303,136.2816626,0.022675709,0
20-03-23 2:00,71.3715402,52.70559091,96.43581233,36.3687746,0.006726101,0
20-03-23 3:00,72.88319046,31.46039175,288.0644252,88.14166677,0.045647326,1
20-03-23 4:00,41.88351249,55.96633245,258.5996385,33.11756882,0.010045136,1
20-03-23 5:00,46.90544569,53.72832829,193.7166337,97.56959703,0.027570042,1
20-03-23 6:00,27.58239126,66.41747584,155.6551985,112.4566135,0.004043545,1
20-03-23 7:00,38.56137557,47.48777512,111.3546443,60.09673699,0.017243966,0
20-03-23 8:00,65.40371317,61.76067204,148.7033936,57.41294888,0.044650783,0
20-03-23 9:00,76.84385021,53.16573222,268.5798415,28.83065467,0.007539117,0
20-03-23 10:00,33.00838406,53.20335061,208.8182379,26.57949218,0.033674328,1
20-03-23 11:00,41.46405001,61.697296,162.9797107,57.71412447,0.006211908,0
20-03-23 12:00,49.60461091,60.85344495,212.8707673,92.83378783,0.008009754,1
20-03-23 13:00,54.28090766,76.8537337,185.8868124,37.19651568,0.019856637,0
20-03-23 14:00,38.51140506,57.4883284,175.7095616,119.8230847,0.038378495,0
20-03-23 15:00,56.54074344,52.8360373,217.0542295,35.86318571,0.015495774,0
20-03-23 16:00,43.11693352,56.25208065,183.9181333,55.89266051,0.031045111,1
20-03-23 17:00,49.7834248,45.75817075,208.0821306,55.96190658,0.042233301,0
20-03-23 18:00,58.4926902,52.63617103,160.2429653,47.49256831,0.009445633,0
20-03-23 19:00,50.09637529,108.8427416,134.5046157,11.43600484,0.002575741,1
20-03-23 20:00,43.64464429,42.08321981,117.5427153,35.672927,0.014690926,0
20-03-23 21:00,48.36786725,54.26469102,110.9649623,55.11054985,0.045231679,1
20-03-23 22:00,48.68236362,52.08795927,65.13628024,47.62801202,0.008978721,0
20-03-23 23:00,44.58674271,54.90103685,97.99356012,67.11932796,0.039329565,1
21-03-23 0:00,46.18503446,53.20855373,96.50788659,70.63929959,0.016006711,0
21-03-23 1:00,76.53538033,65.98100468,119.8353201,44.17095147,0.057352236,1
21-03-23 2:00,58.72842235,28.47337119,262.283905,28.71805736,0.071052513,1
21-03-23 3:00,45.65510385,83.39418792,140.3013324,95.89980578,0.039695145,0
21-03-23 4:00,60.94006151,73.88448029,165.461138,21.62527613,0.001788257,0
21-03-23 5:00,45.10414311,36.21679136,167.5306996,36.18049149,0,0
21-03-23 6:00,68.97309098,20.07244477,264.346286,30.91829752,0.020990064,1
21-03-23 7:00,55.68126823,40.9134899,116.0137008,70.33303749,0.036972443,1
21-03-23 8:00,48.40198159,54.99233483,136.3894664,88.12919001,0.028769193,0
21-03-23 9:00,56.91620433,124.1729893,143.4302091,45.74817378,0.009993273,1
21-03-23 10:00,28.9045096,71.85108846,228.7836974,55.90281109,0.002848689,1
21-03-23 11:00,34.3680929,26.94168788,244.8463266,61.27083135,0.037470189,1
21-03-23 12:00,33.51658182,46.23067147,181.0128675,104.8633948,0.06010074,0
21-03-23 13:00,52.16457915,58.88678618,236.177229,15.09735221,0.010626031,1
21-03-23 14:00,78.98933322,65.42388766,161.2931929,70.26714618,0.03524633,1
21-03-23 15:00,88.44820254,34.98312078,139.3910483,59.83843136,0.081972742,0
21-03-23 16:00,59.97787573,57.19253875,232.0065982,41.14157773,0.017072455,1
21-03-23 17:00,57.76351231,45.70208701,181.9027307,58.47494004,0.017374405,0
21-03-23 18:00,26.22794295,38.64849463,107.2753655,70.16720711,0.029895612,0
21-03-23 19:00,42.15438786,65.55259343,218.3078998,65.59930406,0.015692943,1
21-03-23 20:00,38.80384696,77.14974946,137.2300256,117.9398897,0.046808363,0
21-03-23 21:00,41.07273777,78.72289246,129.980195,53.23579436,0.014025547,0
21-03-23 22:00,47.50611506,72.55699289,210.5975138,50.67480125,0.019506108,1
21-03-23 23:00,43.14151085,49.92630448,144.4953381,45.56613811,0.003162827,0
22-03-23 0:00,24.22813058,75.77141703,175.217641,64.74182771,0.016397163,0
22-03-23 1:00,61.77802359,66.63341517,194.0002081,49.20162666,0.006924376,0
22-03-23 2:00,35.05963221,62.83969018,104.7440567,50.33075207,0.025896305,0
22-03-23 3:00,53.64594202,47.71569716,174.94182,50.44670021,0.001681291,0
22-03-23 4:00,85.41305897,49.93593015,245.268535,46.68914416,0.038558741,1
22-03-23 5:00,37.05449915,61.55981458,95.7097799,35.89462769,0.008338059,0
22-03-23 6:00,18.44804211,120.1668449,179.3338136,60.97710269,0.058095405,1
22-03-23 7:00,45.79173509,66.46221263,102.2863669,43.11756722,0.047569046,1
22-03-23 8:00,67.72650664,47.72536853,220.0968746,66.47179517,0.029431076,1
22-03-23 9:00,83.21033656,43.55912994,219.3878164,52.80599913,0.002488401,1
22-03-23 10:00,33.06854829,50.03565274,128.6081197,40.7839485,0.011136512,0
22-03-23 11:00,57.69719847,112.8340725,317.3965434,96.46684272,0.008069375,0
22-03-23 12:00,43.23685697,51.85471924,226.5117993,47.47358896,0.009445885,1
22-03-23 13:00,48.42199974,80.27790248,197.1815531,66.73430089,0.052687326,0
22-03-23 14:00,96.65770194,52.31748991,193.2029482,33.97035556,0.0176276,1
22-03-23 15:00,29.71436488,65.58720141,217.3041048,11.66994547,0.010772533,1
22-03-23 16:00,53.87047874,77.56694162,93.72017237,36.78948498,0.009711554,0
22-03-23 17:00,57.23413448,48.48064946,162.3902076,10.26984326,0.01233915,0
22-03-23 18:00,67.46572682,47.15319149,174.8304083,44.24674038,0.029372962,0
22-03-23 19:00,51.479348,98.96403658,125.9521493,93.18694752,0.001908823,1
22-03-23 20:00,54.71565323,82.13058555,180.3459122,29.82649736,0.021599775,1
22-03-23 21:00,44.27866009,77.54186277,236.0833189,10.65516575,0.027314925,1
22-03-23 22:00,54.10933343,77.4625081,124.706767,94.25873789,0.001268637,1
22-03-23 23:00,44.96989681,69.9678997,146.6162533,38.79401737,0.003347717,0
23-03-23 0:00,59.70992996,108.4804209,102.7535804,49.60728354,0.01924351,0
23-03-23 1:00,44.59245676,60.92496625,57.47316521,71.57115516,0.049285015,1
23-03-23 2:00,55.79871062,72.62235747,202.3236733,63.90044835,0.043583315,0
23-03-23 3:00,49.56191411,32.68855099,148.3956112,70.45261717,0.01137519,0
23-03-23 4:00,68.15874293,43.69666578,152.9872964,74.94304183,0.048506897,1
23-03-23 5:00,49.23173546,36.94575041,94.16898191,15.49388312,0.015192456,0
23-03-23 6:00,26.54815711,89.19019228,138.6124988,20.64244509,0.015071849,0
23-03-23 7:00,70.52126838,16.16984865,225.7522195,83.3941567,0.021530765,1
23-03-23 8:00,37.23436649,51.79426955,150.0513376,32.28986969,0.035545543,1
23-03-23 9:00,40.62091535,10.57558018,151.829095,34.54121117,0.011368665,0
23-03-23 10:00,41.41989297,43.57951354,163.2289253,23.21325065,0.014106541,0
23-03-23 11:00,72.50565147,50.05161836,81.89796158,40.36825115,0.004703085,0
23-03-23 12:00,22.52599114,91.95909489,191.4006825,41.63316354,0.025986083,1
23-03-23 13:00,106.9116939,68.56515731,81.00325166,29.19998043,0.037546793,0
23-03-23 14:00,66.95610812,43.54521521,96.57129081,26.99988118,0.038881832,0
23-03-23 15:00,53.39841932,84.08965609,91.02918673,58.2712158,0.003737339,1
23-03-23 16:00,49.17960334,60.37495433,139.2326623,31.76525726,0.014313485,0
23-03-23 17:00,54.36485225,60.79102094,128.7170435,35.94503723,0.044581058,1
23-03-23 18:00,58.08840501,36.91352647,149.9234441,9.682480359,0.023876414,0
23-03-23 19:00,60.09453694,40.67990274,98.3384223,109.7248666,0.020549165,0
23-03-23 20:00,58.64276331,43.69413503,218.9095826,76.20669824,0.020168864,1
23-03-23 21:00,51.35173492,60.97892471,206.300335,38.36434776,0.029542869,1
23-03-23 22:00,47.07886615,61.64469955,139.3179223,29.9480162,0.024819899,0
23-03-23 23:00,47.75378435,96.00227916,121.4750885,50.27257563,0.011787032,1
24-03-23 0:00,47.11436503,68.30855975,115.8040873,49.58748034,0.03642575,1
24-03-23 1:00,68.29198609,14.13748841,131.1930773,22.98510782,0.005094637,0
24-03-23 2:00,59.25566042,65.61895297,74.24879341,5.752299442,0.04639803,0
24-03-23 3:00,14.5400558,32.70347767,95.54962015,37.67836989,0.008072934,0
24-03-23 4:00,60.26871748,41.11426032,208.196367,18.2480565,0.029666789,1
24-03-23 5:00,52.95896511,43.93386997,169.409825,54.37261193,0.017445233,0
24-03-23 6:00,49.71971867,46.7299218,268.1672739,54.5471783,0.013058763,1
24-03-23 7:00,44.32316979,33.95841654,131.8374095,28.51111141,0.047250131,0
24-03-23 8:00,68.12532021,64.33522946,128.1895742,37.49273433,0.033542226,1
24-03-23 9:00,65.11070333,33.35869664,125.5046064,103.4009903,0.019067204,0
24-03-23 10:00,39.00417487,67.68083743,130.6634156,71.18068585,0.057059612,1
24-03-23 11:00,56.27147587,114.482452,111.36611,39.30727844,0.038555713,1
24-03-23 12:00,36.36926579,34.73425302,167.3773711,123.0582158,0.009058745,1
24-03-23 13:00,31.20907381,54.14670278,151.8240865,24.37454221,0,0
24-03-23 14:00,40.99201611,16.55915098,119.6904204,31.66405003,0.021744025,0
24-03-23 15:00,63.67962459,53.81620192,237.5890487,47.27378588,0.047878169,1
24-03-23 16:00,65.20532303,74.11668821,290.1185933,18.75677127,0.030889093,1
24-03-23 17:00,57.95953795,75.91240521,231.0764896,104.3733498,0.052615505,1
24-03-23 18:00,61.4022007,61.63361606,186.7517653,54.67943498,0.011500929,0
24-03-23 19:00,58.00911433,79.86071608,201.0923666,32.12333617,0.018165638,1
24-03-23 20:00,40.78927471,123.1907358,286.7036413,61.79621325,0.018538849,1
24-03-23 21:00,56.66539525,100.3563795,200.98847,53.71539314,0.024034103,1
24-03-23 22:00,62.64679829,49.43660266,115.4805391,42.66215975,0.03404599,1
24-03-23 23:00,61.88332536,32.68537045,175.4402993,24.16864755,0.054111807,1
25-03-23 0:00,69.24721558,51.71825871,191.4933579,20.28281595,0.059669674,1
25-03-23 1:00,61.12625205,41.45852646,93.7669451,119.0163207,0.054997507,1
25-03-23 2:00,55.39523896,69.78387042,132.6789373,21.67130288,0.032048306,0
25-03-23 3:00,67.19747511,37.28776294,226.039662,101.0983987,0.014875789,1
25-03-23 4:00,49.60288449,58.47868358,55.98245859,31.02187536,0.023767465,0
25-03-23 5:00,37.54958313,78.65169648,81.22964521,71.62326856,0.031771714,0
25-03-23 6:00,47.58058638,57.90059616,139.1612758,62.28571114,0.022215819,0
25-03-23 7:00,39.38134028,41.4706745,172.8555103,67.96381365,0.007884351,0
25-03-23 8:00,40.32819158,86.74137731,76.20696732,69.90789149,0.013243416,0
25-03-23 9:00,47.85310559,25.83725425,142.1721249,17.50229071,0.036149163,1
25-03-23 10:00,38.74163052,53.27747822,230.0976247,34.46368189,0.016238278,1
25-03-23 11:00,45.47541736,59.12774285,154.3189942,21.41346668,0.020388524,0
25-03-23 12:00,25.1815565,60.33446145,213.9843872,54.8400312,0.018763708,1
25-03-23 13:00,53.24489982,63.83928542,115.0964622,22.17011236,0.008112869,0
25-03-23 14:00,50.01808358,73.37819138,103.3159883,12.24746433,0.017347669,0
25-03-23 15:00,38.41130436,59.25832431,207.3781351,44.23225304,0.013303714,0
25-03-23 16:00,60.32328988,52.47397642,173.8972381,9.413114468,0.010366876,0
25-03-23 17:00,64.94258983,51.68981737,84.33407688,56.66929123,0.00642711,0
25-03-23 18:00,28.47085075,47.71909552,103.7955198,23.30415797,0.018420711,0
25-03-23 19:00,39.14087741,77.46874654,262.4738143,31.10522924,0.031037124,1
25-03-23 20:00,39.05444471,47.04990054,97.34411291,8.590491703,0.041696381,1
25-03-23 21:00,36.78487132,78.85772526,213.6333679,99.42106729,0.00352458,1
25-03-23 22:00,63.13015114,60.39952218,121.4853065,19.84748773,0.05344406,1
25-03-23 23:00,47.13017649,49.46120892,149.8015695,41.29745983,0.024944579,0
26-03-23 0:00,46.10224548,73.56019276,168.9327477,14.83751674,0.005778122,0
26-03-23 1:00,23.95752891,45.5172514,45.17340663,31.20332685,0.01402975,0
26-03-23 2:00,59.93502653,74.01278316,71.41741856,103.0021832,0.00053556,1
26-03-23 3:00,32.94688545,64.53512715,155.440534,57.70239561,0.001942167,0
26-03-23 4:00,50.90258137,48.01058623,107.8785059,33.48015055,0.056432713,1
26-03-23 5:00,54.23759204,71.52051327,218.2453766,49.14916649,0.01027825,1
26-03-23 6:00,72.26127075,71.92652473,65.09519065,36.92870295,0.029455038,1
26-03-23 7:00,32.08070485,86.31768918,187.2455207,47.7151102,0.018258033,1
26-03-23 8:00,13.82477132,81.68924733,75.35008281,70.25673999,0.020285907,0
26-03-23 9:00,52.79154383,70.67877968,128.7373054,42.05142789,0.026294766,0
26-03-23 10:00,80.24950824,38.22778205,90.27378989,55.64497559,0,1
26-03-23 11:00,70.11918336,120.4136941,290.6173042,56.0801778,0.046312334,1
26-03-23 12:00,53.1888483,33.47926727,77.04717534,42.16547177,0.018449871,0
26-03-23 13:00,42.86716335,81.28617752,142.4606605,33.22661145,0.012694409,1
26-03-23 14:00,62.75828584,69.33596875,59.96451924,37.69786876,0.028145194,0
26-03-23 15:00,36.34459921,37.41092564,265.3248801,68.94621134,0.010022136,1
26-03-23 16:00,57.37228326,57.41285637,176.0463165,71.39694533,0.023461448,0
26-03-23 17:00,57.83755247,58.35549241,158.6733879,25.43886954,0.017435685,0
26-03-23 18:00,67.02719366,89.97405637,255.1861506,43.67961294,0.032892768,1
26-03-23 19:00,99.01062411,45.78368975,159.3443028,32.8776273,0.016714178,1
26-03-23 20:00,56.0402298,54.60207764,164.0124792,71.91858241,0.006702501,0
26-03-23 21:00,42.62458959,19.12837009,158.3369398,38.88602092,0.026191345,0
26-03-23 22:00,49.61703936,100.9441216,187.1332473,119.5552924,0.015889864,1
26-03-23 23:00,26.59349098,39.23902029,120.6774046,55.58987256,0.000812137,0
27-03-23 0:00,40.06192937,67.02543422,136.8825576,83.74125821,0.023279705,1
27-03-23 1:00,44.02827554,57.8858609,204.5857675,27.72303472,0.012267437,1
27-03-23 2:00,42.41334268,57.95638598,167.797424,50.29346595,0.025890749,0
27-03-23 3:00,52.30853509,77.99091633,142.9380654,66.54333532,0.008512503,0
27-03-23 4:00,38.34007556,99.28618898,74.23612837,27.37062212,0.005063947,0
27-03-23 5:00,68.07216977,65.37624067,257.0930707,50.50980927,0.043060069,1
27-03-23 6:00,50.00310602,74.40032918,111.2842474,79.61569808,0.035623063,1
27-03-23 7:00,49.86058168,67.06897674,217.5501516,42.13542032,0.019894856,1
27-03-23 8:00,45.1890942,82.9212152,161.1699393,30.88263437,0.027579193,1
27-03-23 9:00,52.35194441,50.60019339,79.19742786,104.8259748,0.03493695,0
27-03-23 10:00,63.05726112,84.31789891,237.6763806,24.82532861,0.019837276,1
27-03-23 11:00,37.74496158,85.17031211,166.297536,53.97017137,0.005045362,1
27-03-23 12:00,40.56136998,84.49110675,244.1579681,33.79805766,0.025060555,1
27-03-23 13:00,45.53635907,46.7905876,138.7990938,29.2121192,0.039048892,1
27-03-23 14:00,31.62330469,56.50741602,196.9773307,70.19159275,0.030546495,1
27-03-23 15:00,38.38231554,65.11482342,58.48106645,44.98833724,0.020959412,0
27-03-23 16:00,43.08347322,34.03112893,120.237804,60.6413931,0.030003319,0
27-03-23 17:00,63.88039415,97.30898008,80.16098888,8.878403642,0.016577596,1
27-03-23 18:00,54.00735839,59.74241887,127.418787,63.33738309,0.039977709,1
27-03-23 19:00,52.94132572,66.08340821,180.8238716,33.54287761,0.046999576,1
27-03-23 20:00,63.48749677,48.38230795,114.406847,13.61895518,0.004301347,0
27-03-23 21:00,47.95829418,34.77647734,208.4674698,107.7752184,0.04159088,1
27-03-23 22:00,56.00943555,47.86265056,100.8644211,66.10898994,0.070812874,0
27-03-23 23:00,48.46232844,64.67536365,210.0291515,55.83690038,0.029238143,1
28-03-23 0:00,54.05085242,74.82226462,242.1526059,85.91861363,0.038643452,1
28-03-23 1:00,41.59822779,63.43688711,219.5087948,56.37310368,0.010902657,0
28-03-23 2:00,19.36557176,67.46153066,129.1989809,31.94800276,0.012701852,0
28-03-23 3:00,48.00384346,53.0928263,44.26446811,45.71765073,0.016779529,0
28-03-23 4:00,73.3654343,70.79061385,188.4189478,34.42138683,0.014046707,0
28-03-23 5:00,64.751106,94.43768016,142.2669327,38.24223673,0.004173463,1
28-03-23 6:00,65.41295457,75.54567053,94.59395771,23.30286389,0.017326854,0
28-03-23 7:00,70.06997999,77.98341676,117.0892368,28.57230536,0.035480739,0
28-03-23 8:00,51.33772403,66.30401285,251.9970382,74.76548814,0.004282112,1
28-03-23 9:00,52.9986691,31.82295628,86.67749385,58.63270826,0.022962375,0
28-03-23 10:00,41.11671543,39.6989951,180.5852044,38.18374008,0.022441322,0
28-03-23 11:00,45.35880921,69.8627598,163.9074206,27.46975193,0.015451321,0
28-03-23 12:00,59.61574136,59.7704594,128.4296266,40.35811566,0.02868402,0
28-03-23 13:00,69.5076043,69.52689326,192.7758273,16.4098054,0.026928951,0
28-03-23 14:00,47.92775113,99.42048499,268.0006762,53.21387091,0.014457193,1
28-03-23 15:00,43.4498314,76.03744839,132.0273758,76.31853602,0.040350717,0
28-03-23 16:00,50.00791966,88.81380204,135.1560126,125.9819952,0.029912619,1
28-03-23 17:00,59.37955079,62.00175603,191.200845,26.07007136,0.052603074,1
28-03-23 18:00,30.42689449,44.0258665,212.4491956,75.04563773,0.018950381,0
28-03-23 19:00,20.82973267,58.7898334,142.1161543,33.82015794,0.015162365,0
28-03-23 20:00,42.04503808,44.07165013,131.4736602,25.60883354,0.016794917,0
28-03-23 21:00,33.17945244,96.36661885,40.904829,25.60077973,0.043018362,1
28-03-23 22:00,42.6361035,77.53528969,105.0062302,53.57781279,0.01768718,0
28-03-23 23:00,47.80513424,71.33716232,86.58120701,29.32928972,0.018620744,0
29-03-23 0:00,43.40670798,88.24614065,195.6013306,35.93364109,0.062911817,1
29-03-23 1:00,73.89667496,23.69975717,135.1129976,39.57182673,0.00391121,0
29-03-23 2:00,55.00793361,72.86975635,132.791757,33.14346121,0.026091084,0
29-03-23 3:00,54.59740023,35.05312709,149.4344756,31.66626715,0.019028038,0
29-03-23 4:00,59.72024889,59.8477093,100.1572132,6.973457393,0.016178671,0
29-03-23 5:00,34.2144441,53.59988299,261.5534101,52.19651488,0.007472899,1
29-03-23 6:00,66.66643012,74.55331187,241.2489641,51.70552553,0.010699657,1
29-03-23 7:00,48.86927593,64.87003723,266.8412913,31.97365518,0.013970163,1
29-03-23 8:00,60.50675352,90.96147096,195.5159316,59.39923723,0.028669124,0
29-03-23 9:00,35.07101943,47.90357991,148.1628316,90.77674026,0.035819025,1
29-03-23 10:00,29.10778481,75.64566701,266.5646858,50.59116385,0.001031538,1
29-03-23 11:00,62.93728836,63.44616211,110.2218677,88.56520176,0.005106236,0
29-03-23 12:00,55.78782702,29.67016573,100.1034693,120.9810015,0.029666768,1
29-03-23 13:00,37.28292369,41.97483867,114.5764269,132.4737828,0.031315402,0
29-03-23 14:00,37.71136766,56.88625643,184.3198204,24.52981283,0.003008343,0
29-03-23 15:00,68.14812522,85.21393319,105.8532514,24.62233907,0.036281762,1
29-03-23 16:00,33.57352226,70.06074282,140.4340328,39.48180415,0.019777043,0
29-03-23 17:00,77.33846873,37.52706996,65.27968643,53.26758284,0.0336275,1
29-03-23 18:00,37.30180669,57.08289218,181.4573339,97.2186937,0.008548575,1
29-03-23 19:00,59.98342313,108.4812497,68.99065531,66.86132518,0.003556118,1
29-03-23 20:00,45.17871297,62.35424598,96.95347946,24.26152151,0.015347343,0
29-03-23 21:00,59.41164654,53.28687597,234.9619209,35.83093914,0.015981115,0
29-03-23 22:00,42.13435002,70.68924427,232.1288028,48.95528685,0.015184695,0
29-03-23 23:00,47.58460794,76.90540816,174.2352298,19.42379287,0.014213605,0
30-03-23 0:00,50.61546201,50.73259904,167.6849163,50.34227192,0.055683849,0
30-03-23 1:00,35.97156786,70.93294237,118.5065309,24.52624769,0.001471122,0
30-03-23 2:00,61.66118589,53.25557302,105.2778015,16.90661244,0.008623452,0
30-03-23 3:00,42.56518467,75.88202794,128.1472082,29.01571137,0.013828298,0
30-03-23 4:00,46.62325919,63.60674997,69.14350786,60.7823413,0.020385487,0
30-03-23 5:00,36.07349006,70.46976385,166.1604163,60.5928213,0.032892845,0
30-03-23 6:00,18.1305489,44.92168502,153.0662522,52.44437386,0.036092344,1
30-03-23 7:00,47.17107517,43.76475292,96.8888224,77.74023447,0.040701087,0
30-03-23 8:00,92.0099445,81.19639113,262.8071977,74.49235385,0.028398663,1
30-03-23 9:00,62.38466821,58.34213167,190.1421724,55.23484875,0.001298583,0
30-03-23 10:00,49.71146527,66.10759679,196.1119832,51.6727659,0.001680475,0
30-03-23 11:00,46.12574915,53.70651327,120.9662558,53.28901468,0.042305462,1
30-03-23 12:00,50.33749311,80.08482698,149.9168807,46.3742678,0.040838265,1
30-03-23 13:00,58.50612605,47.79013988,191.5723707,9.824730713,0.031389906,1
30-03-23 14:00,33.68212668,57.17995551,159.6889527,82.25509862,0.00889421,1
30-03-23 15:00,67.95653826,77.43252612,265.5153158,60.412144,0.015151717,1
30-03-23 16:00,61.24249016,86.69610152,137.5124532,24.03017122,0.014095447,1
30-03-23 17:00,61.28857662,49.41254058,119.9924547,91.81139638,0.006754522,0
30-03-23 18:00,56.76939706,106.9139056,192.054465,36.29473203,0.024346097,1
30-03-23 19:00,50.29463468,66.72525611,80.55554182,47.34061741,0.068425663,1
30-03-23 20:00,60.54566078,39.73005554,212.8945072,78.73251089,0.012806904,1
30-03-23 21:00,59.22745598,67.95439214,78.85661959,55.64886797,0.04579326,1
30-03-23 22:00,44.81473416,52.17704909,192.3582839,88.73408197,0.008186044,0
30-03-23 23:00,41.7249924,69.39806141,112.0044545,41.56938892,0.002497391,0
31-03-23 0:00,51.53821913,59.10277379,181.1493039,100.8595308,0.038725375,1
31-03-23 1:00,75.6347657,61.56802237,211.6485615,32.36985956,0.016642613,0
31-03-23 2:00,32.94878021,42.10304282,159.7300531,88.14894404,0.0451882,1
31-03-23 3:00,30.14075142,82.26161771,83.65823309,8.764428848,0.050024878,1
31-03-23 4:00,52.49855875,37.72627102,98.77678225,26.12646637,0.015778006,0
31-03-23 5:00,50.76590509,38.55997659,107.6444685,57.71550492,0.046899338,1
31-03-23 6:00,52.6301723,67.91699777,53.10837591,40.46993396,0.008285538,0
31-03-23 7:00,53.71881113,97.51339371,228.0946041,48.14804657,0.008117131,1
31-03-23 8:00,46.70178543,52.7820278,156.9544662,51.0464774,0.040605708,1
31-03-23 9:00,74.56764464,75.45746207,86.76652956,24.48218186,0.002422205,0
31-03-23 10:00,28.54933387,84.26823242,253.6936143,25.83765634,0.019975065,1
31-03-23 11:00,38.25895195,78.10393928,109.1181604,55.96469316,0.044679356,1
31-03-23 12:00,48.46184014,53.60990183,166.0375,34.67367501,0.04627046,1
31-03-23 13:00,28.0522373,38.87359335,102.5070198,88.92096191,0.013638919,0
31-03-23 14:00,47.39310871,20.9514005,48.2989847,45.31185225,0.039203328,1
31-03-23 15:00,77.6825356,54.5839772,75.8926533,69.51859113,0.005816025,1
31-03-23 16:00,50.31373357,86.82166951,123.1762101,61.65964454,0.010658232,1
31-03-23 17:00,53.51373649,38.28813806,210.9851781,36.05515742,0.023845818,1
31-03-23 18:00,32.68554376,75.43984754,172.378833,12.25688664,0.026472106,0
31-03-23 19:00,41.13448026,41.40098161,158.8807653,83.83579232,0.006529565,1
31-03-23 20:00,44.51282662,62.24440119,48.61453984,28.40206202,0.06020065,0
31-03-23 21:00,45.33521643,75.61507735,239.0590972,40.39511032,0.000535195,1
31-03-23 22:00,70.86726774,46.80299717,164.2801767,46.29719929,0.020876076,0
31-03-23 23:00,58.67638523,63.62377583,142.6219591,48.73251734,0.023249659,0
01-04-23 0:00,34.56346944,51.54153316,228.470737,76.82505997,0.00120425,1
01-04-23 1:00,53.75833628,75.55397378,237.3060337,50.14570321,0.046446026,1
01-04-23 2:00,57.72155114,65.02472179,230.1603623,46.86480494,0.009797294,1
01-04-23 3:00,68.40217541,61.19145084,134.9234044,78.57315652,0.021604363,0
01-04-23 4:00,76.20621916,96.36803106,93.3245062,66.09865911,0.02557144,1
01-04-23 5:00,35.80400334,74.56640313,217.6754935,33.23393049,0.003076471,1
01-04-23 6:00,38.49462724,46.21748936,75.8643391,25.26901194,0.006294229,0
01-04-23 7:00,32.71783419,58.207917,294.454399,31.44294958,0.052337613,0
01-04-23 8:00,46.54446741,58.41476645,151.7546754,48.776774,0.018959695,0
01-04-23 9:00,57.21286575,61.69638788,90.44758644,23.50660565,0,0
01-04-23 10:00,65.7848472,122.5744154,82.11321617,52.29353453,0.015442724,1
01-04-23 11:00,48.8665032,67.99418644,79.94334302,46.82011886,0.019476817,0
01-04-23 12:00,45.30458959,23.46339494,158.8908921,5.830233281,0.023654301,0
01-04-23 13:00,52.29940037,49.04316768,149.6007252,20.77760631,4.49E-06,0
01-04-23 14:00,38.17032014,25.02127899,81.91988587,2.838907315,0.019533639,0
01-04-23 15:00,85.70925289,53.23738694,128.4838777,41.75723142,0.008757495,1
01-04-23 16:00,28.46965857,24.1905881,75.73152169,80.31085706,0.023683121,1
01-04-23 17:00,52.80523776,42.83610503,188.9150226,13.45731363,0.028870505,0
01-04-23 18:00,84.44907542,31.53373883,146.6058034,22.18815681,0.026879892,1
01-04-23 19:00,50.10204391,68.2887323,127.2089741,45.98698359,0.048376995,1
01-04-23 20:00,47.18552931,60.01132705,79.44845489,26.8008858,0.069444915,1
01-04-23 21:00,44.76608589,66.4998877,131.7808353,26.70936527,0.005717515,0
01-04-23 22:00,47.32666593,57.82081733,125.1115027,64.41982518,0.014326041,0
01-04-23 23:00,72.47744005,33.63584657,170.4636204,38.36237839,0.03354541,0
02-04-23 0:00,21.71440444,71.17950505,160.6059937,19.46293049,0.018019494,0
02-04-23 1:00,75.35292444,105.9091367,203.2679116,10.88277566,0,1
02-04-23 2:00,30.66829669,68.84464655,121.1228526,119.8413889,0.017030475,1
02-04-23 3:00,46.07131853,51.32770106,54.49106686,82.02697033,0.044315708,1
02-04-23 4:00,43.74558447,33.06965309,217.8368953,39.32108439,0.003520048,0
02-04-23 5:00,59.174694,42.16747205,96.75490913,52.21960738,0.023673939,0
02-04-23 6:00,28.58213617,69.82170018,88.16927636,38.50271124,0.0003963,0
02-04-23 7:00,57.14619356,84.26285201,147.3163701,63.54311649,0.036191329,0
02-04-23 8:00,84.4624738,65.58026641,169.4401118,30.83368737,0.024040088,0
02-04-23 9:00,31.4106333,77.7573626,118.5134484,37.30578102,0.011878817,0
02-04-23 10:00,52.88158094,75.61245587,118.0728462,62.00719078,0.013836853,0
02-04-23 11:00,40.50848774,71.02208785,126.4782646,92.6875965,0.002756526,0
02-04-23 12:00,56.56968801,46.82243571,250.5732913,70.18446639,0.03916808,1
02-04-23 13:00,50.2875833,63.69776783,149.8326626,85.41547731,0.009127272,0
02-04-23 14:00,40.78920182,43.26368347,95.12403489,42.48238034,0.028755677,0
02-04-23 15:00,57.55610364,60.36646366,95.64263395,35.58916572,0.007385249,0
02-04-23 16:00,80.32089375,67.11234017,134.697396,12.81243584,0.069673368,1
02-04-23 17:00,47.17288738,99.48193256,165.2055793,51.82059674,0.052252298,1
02-04-23 18:00,61.31442063,35.06872531,181.6541809,59.90720574,0.066081164,1
02-04-23 19:00,32.27346058,70.45943465,157.8524049,42.76987482,0.069443723,1
02-04-23 20:00,36.56822489,94.39706118,101.63542,32.3922617,0.011055516,1
02-04-23 21:00,57.30926186,76.79957798,124.5820261,85.72324234,0.008198964,1
02-04-23 22:00,74.46434081,78.53255147,199.1009673,66.99263686,0.064733816,0
02-04-23 23:00,55.46066109,72.85967089,86.25041316,87.99116825,0.017802568,1
03-04-23 0:00,45.40213487,89.79353296,122.1919703,28.8884619,0.035414243,1
03-04-23 1:00,49.98937158,38.93687162,189.4831998,33.79893357,0.011224835,0
03-04-23 2:00,32.80740349,33.7767291,209.3017946,84.42233752,0.011427563,1
03-04-23 3:00,59.43316868,59.86704323,138.1660873,48.82304824,0.035345826,1
03-04-23 4:00,64.01350757,21.62152828,125.3141206,36.74403568,0.000123228,0
03-04-23 5:00,43.42303068,88.11529553,77.85560377,38.26067018,0.034370889,0
03-04-23 6:00,43.1703074,87.87023749,184.5102791,49.72335518,0.029216799,1
03-04-23 7:00,54.05886468,51.1813274,242.8588095,78.09153243,0.01236072,1
03-04-23 8:00,43.63992809,52.42002372,349.8022207,46.06447182,0.020388686,1
03-04-23 9:00,49.0123843,58.48855426,175.0489304,71.63814722,0.022991798,0
03-04-23 10:00,85.90465843,61.09649288,146.8355542,62.33977038,0.023960989,1
03-04-23 11:00,46.35563619,62.69491211,97.58814606,30.3559624,0.032471181,1
03-04-23 12:00,44.75330538,72.19030887,53.7520627,30.34037114,0.00895287,0
03-04-23 13:00,40.70618331,56.41954637,161.2478406,39.35155521,0.084996781,0
03-04-23 14:00,61.71670126,81.14147978,330.0407589,21.94046338,0.016837302,1
03-04-23 15:00,47.3144796,69.66320745,239.1155467,37.93954489,0.017960136,0
03-04-23 16:00,40.68108977,47.80637457,227.2655614,94.70727754,0.062460477,1
03-04-23 17:00,71.56540483,90.71115478,165.7121005,49.21819766,0.000771486,1
03-04-23 18:00,73.30931776,34.24389635,173.2457389,32.60103242,0.062172142,1
03-04-23 19:00,41.35415497,58.07725978,33.76309898,108.903849,0.021521566,1
03-04-23 20:00,25.48587212,81.70765931,201.1454456,29.33271279,0.012360438,1
03-04-23 21:00,66.12778918,45.59971687,115.8050274,28.72858236,0.005846427,0
03-04-23 22:00,40.19927061,66.64440563,109.0965685,85.27204717,0.00452623,1
03-04-23 23:00,62.48447283,71.85295841,130.4234108,67.84497622,0.014881353,0
04-04-23 0:00,24.32975179,43.03975076,128.4519326,46.7992746,0.024679557,0
04-04-23 1:00,64.18569008,58.48584742,108.2377806,72.87393975,0.03112245,1
04-04-23 2:00,33.2993585,56.75015974,150.8681591,57.78608111,0.024468553,0
04-04-23 3:00,61.49547798,48.8701271,116.9776935,24.56634695,0.012617611,0
04-04-23 4:00,50.21429974,116.2817326,156.3305729,7.305619607,0.046815081,1
04-04-23 5:00,36.60090912,44.84826354,70.3215737,36.78201277,0.084228519,1
04-04-23 6:00,44.06013387,82.61836352,136.8963137,80.6543066,0.050615711,0
04-04-23 7:00,60.76580988,51.9826176,88.69270976,39.83900764,0.014638613,0
04-04-23 8:00,51.59963043,38.95180734,112.378161,62.13749825,0.028789509,0
04-04-23 9:00,59.10773324,62.17495526,159.0858071,54.71424085,0.030020459,1
04-04-23 10:00,83.55292615,74.2629444,65.18699917,16.26632238,0.053374157,1
04-04-23 11:00,28.98322764,80.60170789,102.6576623,40.33558004,0.014932206,0
04-04-23 12:00,76.87356514,96.46857574,187.5025969,59.35836638,0.007354518,0
04-04-23 13:00,51.57622922,129.4524629,73.65881456,32.1801413,0.041998477,0
04-04-23 14:00,37.32605204,65.35493433,280.0815657,41.33084782,0.026997461,1
04-04-23 15:00,31.81502996,46.7346012,233.9790884,60.25407465,0.005947874,1
04-04-23 16:00,47.19896066,69.8180036,120.5593994,51.83157533,0.032782681,0
04-04-23 17:00,64.67419061,54.51583204,104.5175891,79.46080354,0.059549637,0
04-04-23 18:00,48.10303197,80.73140864,162.8659223,60.03338294,0.010343754,1
04-04-23 19:00,74.95091318,35.28350259,72.10449085,28.8446977,0.008125626,0
04-04-23 20:00,30.33827553,118.1485381,48.91753264,38.74548474,0.020483732,1
04-04-23 21:00,49.81881192,79.0762375,122.5574873,50.50864292,0.032273214,0
04-04-23 22:00,32.78258767,28.88971992,141.7297665,88.83444166,0.018818223,1
04-04-23 23:00,55.58670639,45.86447603,155.9552005,38.83453881,0.042011567,1
05-04-23 0:00,64.08988009,78.13668433,113.8461476,15.69116391,0.024375222,0
05-04-23 1:00,43.86561358,86.77890319,239.3593122,61.59647018,0.039256788,1
05-04-23 2:00,17.71872196,35.7108927,69.96642693,32.82282993,0.010025569,0
05-04-23 3:00,53.02380257,75.73615165,86.63246069,22.82346546,0.004878355,0
05-04-23 4:00,56.74181884,24.79406154,181.8356346,50.47113598,0.01490633,0
05-04-23 5:00,56.22787557,58.13591817,85.49358629,77.16110539,0.003895609,1
05-04-23 6:00,70.0638905,85.20795595,83.62458687,36.64100313,0.027051831,1
05-04-23 7:00,35.08135079,48.87442407,157.8009729,63.15410406,0,0
05-04-23 8:00,60.66593553,31.76085394,90.8142957,68.44286031,0.01337125,0
05-04-23 9:00,69.30968685,63.10257887,141.788492,71.6757374,0.015669996,0
05-04-23 10:00,26.48456003,47.84943116,109.1977602,33.30186047,0.00654016,0
05-04-23 11:00,54.89695468,73.81524129,100.6008046,25.74342349,0.015379899,0
05-04-23 12:00,42.69149984,42.58384926,45.12404079,28.29038841,0.0200684,0
05-04-23 13:00,48.78380585,44.67007696,158.8395643,71.6512896,0.04514058,1
05-04-23 14:00,55.33602619,23.68562683,81.38352275,68.02106974,0.006597619,0
05-04-23 15:00,42.92896321,63.61216074,139.6546949,28.8196468,0.026100466,0
05-04-23 16:00,40.32096022,56.65983189,119.5669524,116.9606123,0.029818744,1
05-04-23 17:00,50.51345265,37.1623091,137.3491198,26.566579,0.019662648,0
05-04-23 18:00,34.87341465,64.1261099,140.7797054,77.98338749,0.012775469,1
05-04-23 19:00,34.89163928,83.15078642,162.3267171,94.91978512,0.005668038,0
05-04-23 20:00,60.6521473,55.5427775,107.6928453,52.78008035,0.0611907,0
05-04-23 21:00,34.08781721,65.73937622,236.9342972,32.5343283,0.021178078,1
05-04-23 22:00,60.43865986,65.8515848,55.01481811,32.98101395,0.015249831,0
05-04-23 23:00,57.1528601,36.88468913,136.1461163,43.65381881,0.067447726,0
06-04-23 0:00,27.09130793,109.5326201,206.4601295,80.52661437,0.023704819,1
06-04-23 1:00,40.29562407,50.44470291,181.162157,24.32221058,0.080104107,1
06-04-23 2:00,69.33753831,74.42417294,94.77460287,14.17403076,0.003356776,0
06-04-23 3:00,36.24520283,77.04105904,103.4042213,59.44462621,0.016374483,0
06-04-23 4:00,43.24960738,57.09773253,93.15725259,65.55513896,0.00371055,0
06-04-23 5:00,57.14441367,73.29499583,189.6061694,110.8179474,0.01809077,1
06-04-23 6:00,62.36455833,65.25284429,107.0396897,21.17444287,0.01801779,0
06-04-23 7:00,46.29018852,33.24411882,166.3357197,46.68435317,0.013300869,0
06-04-23 8:00,41.39436551,53.187881,166.9379698,83.09553446,0.02087093,1
06-04-23 9:00,73.35868395,47.69925896,331.6803175,53.06537718,0.013953818,0
06-04-23 10:00,79.107267,50.62316686,170.1669618,45.2286097,0.018270573,1
06-04-23 11:00,65.64103385,35.1665697,103.2512268,71.61948951,0.00962099,0
06-04-23 12:00,51.28705132,85.55838743,71.53284135,36.09307729,0.049330345,1
06-04-23 13:00,38.52930765,97.49141645,133.2157737,73.45997231,0.005947985,1
06-04-23 14:00,38.23297181,81.97279723,142.6422235,23.37518223,0.023533115,1
06-04-23 15:00,58.11073257,89.10248047,41.15443394,18.94022552,0.005184885,1
06-04-23 16:00,56.45103038,52.94082818,108.4416416,43.38485074,0.008732279,0
06-04-23 17:00,72.98845751,47.24584061,169.1150451,5.629118922,0.009938874,0
06-04-23 18:00,60.17983671,44.5589687,118.428186,52.139013,0.017943612,0
06-04-23 19:00,29.71304587,74.14759282,216.1683788,15.69127285,0.022899068,1
06-04-23 20:00,66.88580806,64.84566056,67.17357106,57.29979707,0.005966901,0
06-04-23 21:00,36.02521561,58.38728885,195.0541984,54.73967156,0.013896859,0
06-04-23 22:00,44.38786486,89.71423406,212.1292756,48.314797,0.007088781,0
06-04-23 23:00,53.81560324,68.74973468,215.2703428,61.48157426,0.006650643,0
07-04-23 0:00,83.91770108,43.44320956,66.84541326,55.23002653,0.041991826,1
07-04-23 1:00,106.3203718,46.39636984,170.2532105,42.93253298,0.003541104,1
07-04-23 2:00,59.46895876,75.01953157,110.88626,105.8329342,0.021211689,0
07-04-23 3:00,47.28561172,83.50420091,73.97951678,60.29684724,0.055819533,1
07-04-23 4:00,58.30328102,72.0418115,125.1609862,71.08522847,0.043662989,1
07-04-23 5:00,64.10276354,105.2319441,98.3527865,80.28149401,0.027348526,0
07-04-23 6:00,45.29281334,98.34502313,212.6335928,68.04300525,0.019740729,0
07-04-23 7:00,80.15095415,69.55352144,183.6458629,114.3366619,0.033414198,0
07-04-23 8:00,53.50399394,43.44463243,85.94099026,54.23284698,0.026319658,0
07-04-23 9:00,57.71389452,35.06436317,107.883147,49.82611174,0.048833604,1
07-04-23 10:00,60.43231889,52.09008028,127.0759941,35.0265295,0.017914139,0
07-04-23 11:00,56.50153443,76.66847812,145.5061333,43.79018058,0.039024241,0
07-04-23 12:00,63.28792867,103.364548,218.9754256,33.32345388,0.015106678,0
07-04-23 13:00,41.1222037,69.02778076,196.0369767,68.30614575,0.061051926,1
07-04-23 14:00,41.93717454,86.59204813,153.2278449,29.68905662,0.01748904,1
07-04-23 15:00,34.70802584,54.93880643,134.1170738,51.8611401,0.001959892,0
07-04-23 16:00,56.78567979,73.6599137,58.03408003,64.92795167,0.021261396,0
07-04-23 17:00,62.29078963,78.30736812,240.7653988,53.82588898,0.033987477,1
07-04-23 18:00,57.07614899,24.30671045,123.2558348,30.0101185,0.054016707,1
07-04-23 19:00,77.92131141,51.57418262,261.6826841,68.93919483,0.00703853,1
07-04-23 20:00,49.91609103,81.2966043,162.4875839,47.88835588,0.001218271,0
07-04-23 21:00,60.47834024,65.87683435,301.1909198,2.939621024,0.028687583,1
07-04-23 22:00,34.81629766,37.02065638,190.1008506,28.31714938,0.028103146,0
07-04-23 23:00,44.34335064,17.82567225,72.80285439,90.91782054,0.003396221,1
08-04-23 0:00,60.91683914,52.51929768,113.8640708,93.71768003,0.015052341,1
08-04-23 1:00,63.45750606,58.50438722,139.6007048,63.98315927,0.015687199,0
08-04-23 2:00,45.67691235,42.60959773,99.96954876,71.44601691,0.0352025,0
08-04-23 3:00,48.93113767,63.03549363,127.2867481,32.35987503,0.013894167,0
08-04-23 4:00,29.53583451,71.018763,75.77743857,43.69941489,0.013600835,0
08-04-23 5:00,44.77203184,74.75916251,150.3577765,85.46255692,0.02187344,1
08-04-23 6:00,64.14852963,18.85123355,165.1764334,61.19209245,0.003647792,0
08-04-23 7:00,58.95893605,34.99103092,93.29257626,51.63636447,0.061251427,1
08-04-23 8:00,57.76065199,53.74211682,293.8534137,45.43447872,0.037562541,1
08-04-23 9:00,50.74908273,72.50670889,153.9937824,83.49995348,0.010248793,0
08-04-23 10:00,50.10599727,70.63293916,102.9560897,81.8276723,0.005865131,1
08-04-23 11:00,40.53120692,70.24326078,64.08618373,67.50801392,0.006603244,0
08-04-23 12:00,60.97078746,52.1687372,153.7679895,51.67005381,0.03042066,1
08-04-23 13:00,56.49181239,53.28071332,134.1265924,41.46291343,0.006896518,0
08-04-23 14:00,57.62236527,45.50078065,202.6189751,68.76614704,0.016197256,1
08-04-23 15:00,42.38619002,77.01726002,141.1626886,26.09486979,0.001523482,0
08-04-23 16:00,22.33674193,41.94068487,83.9423633,30.03651945,0.029539168,1
08-04-23 17:00,67.66103475,78.93460711,271.1676913,20.03971439,0.030264845,0
08-04-23 18:00,43.04672347,64.42972245,178.3651692,85.45812226,0.017149095,1
08-04-23 19:00,37.80274556,59.05710946,134.5056329,33.54141555,0.02320932,0
08-04-23 20:00,60.88309668,46.85598443,160.4525433,60.58986154,0.034631467,1
08-04-23 21:00,44.27348431,34.28986152,180.9759169,46.90835606,0.02275017,0
08-04-23 22:00,67.0225109,47.02847326,72.94624897,147.6256714,0.034322842,0
08-04-23 23:00,59.63578559,53.23321256,160.0050935,61.63347764,0.005404882,0
09-04-23 0:00,60.72080687,18.66890374,123.0829498,13.84918564,0.026489336,0
09-04-23 1:00,31.37649934,55.91396532,183.2503688,83.53084157,0.023207492,1
09-04-23 2:00,69.647968,80.69315954,107.0258454,40.77088352,0.043566062,1
09-04-23 3:00,53.98700981,72.39418024,114.4001201,45.0979209,0.020488733,0
09-04-23 4:00,44.59720852,49.94900702,270.5202854,34.54401166,0.018470664,1
09-04-23 5:00,52.17138726,60.98896679,236.0228731,55.00510574,0.012017067,1
09-04-23 6:00,26.51148311,48.78452258,25.28329115,54.66276158,0.050530947,1
09-04-23 7:00,56.29678929,63.15717003,230.3262136,35.11299292,0,0
09-04-23 8:00,35.61903308,95.90016246,145.4292961,38.07101955,0.028962614,1
09-04-23 9:00,31.53966261,81.74545975,108.7477521,52.56292997,0.019675127,1
09-04-23 10:00,29.4821897,71.34352048,93.13798471,7.896885291,0.017163345,0
09-04-23 11:00,67.92840104,50.01382015,96.08509387,20.19630811,0.015056201,0
09-04-23 12:00,40.95702151,76.59231764,110.2778808,100.1164232,0.019115679,0
09-04-23 13:00,75.35823634,28.84391479,87.17678069,58.51792332,0.02834376,1
09-04-23 14:00,42.25006126,54.7961003,76.34716263,37.70386366,0.009175636,0
09-04-23 15:00,27.30470183,72.76901835,91.47058572,16.22802013,0.022215133,0
09-04-23 16:00,34.49876023,76.37118086,170.8396175,48.60161041,0.025981274,0
09-04-23 17:00,70.06440466,74.74069214,153.1456884,77.54161267,0.007468909,1
09-04-23 18:00,47.68583157,66.32183218,186.5948866,136.8763792,0.028823606,1
09-04-23 19:00,42.07630951,55.94723784,145.8783148,108.0410432,0.02612924,1
09-04-23 20:00,52.42587922,71.73162258,78.57700707,30.18652665,0.009131595,0
09-04-23 21:00,57.77852696,41.35183439,182.3693887,38.34246324,0.005225315,0
09-04-23 22:00,68.00956235,43.33199699,93.26332335,19.7084492,0.008984776,0
09-04-23 23:00,73.82563847,61.30214496,192.9220542,31.08377309,0.022221011,0
10-04-23 0:00,44.73290379,63.68214663,85.28621653,44.81482756,0.018802392,0
10-04-23 1:00,31.86768717,26.66138742,109.8684555,41.22594381,0.048131842,1
10-04-23 2:00,43.96897602,69.86881134,128.196646,114.0279231,0.014530286,0
10-04-23 3:00,53.97195354,77.12295966,194.8792311,22.3065681,0.008145909,1
10-04-23 4:00,36.47244737,58.38596953,161.1856785,48.8787393,0.031807358,0
10-04-23 5:00,36.55887415,118.3209271,151.252483,11.18710451,0.007200946,0
10-04-23 6:00,55.27500833,46.35796331,289.1887797,58.60073564,0.009222904,1
10-04-23 7:00,49.27258178,52.61274548,55.43559523,21.85788615,0.009370741,0
10-04-23 8:00,50.49303057,51.93771176,91.5707661,81.21301204,0,1
10-04-23 9:00,39.19788515,58.40876699,89.43953127,42.97844089,0.03003388,0
10-04-23 10:00,46.59707378,53.25886893,58.14548825,20.84707296,0.037690389,1
10-04-23 11:00,36.99070974,33.42565243,108.1362804,10.69652015,0.037187929,1
10-04-23 12:00,64.14542938,48.97055834,195.8237313,28.40725679,0.060831374,1
10-04-23 13:00,66.60048121,57.96426009,115.1223175,56.1564319,0.050925913,1
10-04-23 14:00,25.71559169,88.06409776,129.8526601,61.07086244,0.014991135,1
10-04-23 15:00,36.92132754,113.5219219,60.14349407,38.28437173,0.041439088,0
10-04-23 16:00,29.79166098,90.72018765,104.0238695,75.71622658,0.018466356,1
10-04-23 17:00,40.6721721,44.61885934,122.4228245,25.47616343,0.013728834,0
10-04-23 18:00,48.75539235,46.1142247,192.6260962,2.526541902,0.009623449,0
10-04-23 19:00,30.35679297,56.69217827,62.14979477,57.30335097,0.015932885,0
10-04-23 20:00,37.02192832,102.2527123,122.8041511,87.24543693,0.025588224,1
10-04-23 21:00,35.94856982,56.56714258,225.0131675,87.54814583,0.0527982,1
10-04-23 22:00,53.15196969,34.7657569,123.3708894,22.57328117,0.033251092,0
10-04-23 23:00,51.04497369,49.85204791,44.6310122,37.27274232,0.009443816,0
11-04-23 0:00,39.6948418,76.75787672,239.7662301,69.66724664,0.006564557,1
11-04-23 1:00,52.6835787,75.20277219,199.1715,35.50213351,0.030066432,0
11-04-23 2:00,42.09865785,55.85558007,208.8724321,52.66793942,0.036880828,1
11-04-23 3:00,45.99896984,75.05229157,59.25821052,33.62886098,0.04415971,1
11-04-23 4:00,77.90222325,20.01435154,258.2536168,26.32558466,0.015916663,0
11-04-23 5:00,71.90375161,62.1965847,105.2579801,30.00111588,0.028173345,0
11-04-23 6:00,32.19519284,79.18556294,119.7172342,76.63336176,0.035890544,1
11-04-23 7:00,63.13444215,43.55036307,109.0398016,50.34513901,0.003859135,0
11-04-23 8:00,62.82931269,43.48608396,214.563714,86.65008967,0.024675815,1
11-04-23 9:00,34.09455925,26.03003185,138.9565677,63.82303047,0.036923088,1
11-04-23 10:00,62.95206149,97.17945949,181.5012611,97.90382241,0.028947761,1
11-04-23 11:00,75.43421336,45.65469911,154.7783797,72.45941153,0.018729165,1
11-04-23 12:00,34.42193475,65.14906163,144.1140727,70.71331625,0.082194564,0
11-04-23 13:00,37.07926911,73.22933156,96.2043964,47.03135454,0.062069006,1
11-04-23 14:00,66.30055686,95.18295116,282.9619078,152.3961371,0.020150597,1
11-04-23 15:00,54.14613937,56.80367353,71.38702369,52.85555816,0.01707236,0
11-04-23 16:00,58.57627021,49.10845108,176.7855934,12.34761515,0.032675629,1
11-04-23 17:00,55.22483926,63.67934924,174.3922581,56.91636443,0.019089467,0
11-04-23 18:00,56.01308212,89.43897904,230.1424985,28.33738807,0.045195139,1
11-04-23 19:00,31.86244638,56.46981488,248.3163907,78.52853637,0.004541739,0
11-04-23 20:00,66.80663998,41.31541173,141.5264663,69.72584885,0.016322615,0
11-04-23 21:00,68.91179064,31.20498796,184.8375528,45.32219119,0.032372623,0
11-04-23 22:00,46.61175895,36.59010588,278.9932822,30.16773667,0.039082504,0
11-04-23 23:00,49.349736,79.27298044,145.9519401,53.72496465,0.002884668,0
12-04-23 0:00,29.37767765,53.42108608,90.17158995,35.20269719,0.007465701,0
12-04-23 1:00,57.97827929,47.79568338,126.8576373,71.55700521,0.001609386,0
12-04-23 2:00,58.90811134,45.73360191,78.67223218,64.82785328,0.008316467,0
12-04-23 3:00,49.07100247,61.79681226,174.0680371,149.2588643,0.004458399,1
12-04-23 4:00,68.12947088,55.05745114,223.3269151,39.46651739,0.029498085,0
12-04-23 5:00,45.10044913,54.37612673,142.522813,42.69056062,0.023821402,0
12-04-23 6:00,58.78786874,91.06681508,64.4550658,46.20247468,0.017609724,1
12-04-23 7:00,35.74475028,95.84658304,220.1157998,47.26231501,0.02041956,1
12-04-23 8:00,49.64727244,30.07779955,57.91274291,78.84164688,0.043386458,1
12-04-23 9:00,47.41508554,67.04042285,67.71768343,43.32045962,0.006582669,0
12-04-23 10:00,53.43038249,44.59116801,139.0446783,110.9804118,0.000293809,0
12-04-23 11:00,44.59364622,54.87916953,166.1169527,65.57401065,0.032882671,1
12-04-23 12:00,48.04519611,66.63832577,177.4602264,38.56441733,0.014203139,0
12-04-23 13:00,63.0730615,55.60075639,145.8925246,33.11719337,0.006816668,0
12-04-23 14:00,43.63929944,64.91932513,278.5892597,79.2720496,0.029784967,1
12-04-23 15:00,28.48243347,74.81170767,154.0985028,50.71544399,0.000132555,0
12-04-23 16:00,79.3048024,66.31627605,221.0899848,50.2267476,0.008484959,1
12-04-23 17:00,72.63022655,47.04403342,202.9004452,36.11253008,0,1
12-04-23 18:00,32.28600245,47.38064647,79.22452666,48.47518469,0.024346914,0
12-04-23 19:00,60.82131394,32.87531578,139.5646952,35.25091863,0.052608545,1
12-04-23 20:00,42.70836206,43.16144356,309.7584721,89.60556068,0.011814743,1
12-04-23 21:00,54.02173374,106.978004,120.0042903,69.46902959,0.009214919,0
12-04-23 22:00,54.49992977,44.30882944,110.5668943,45.72241146,0.058106756,1
12-04-23 23:00,46.53883001,37.07527442,160.83555,45.37099239,0.031219989,1
13-04-23 0:00,38.85780363,66.87201585,122.03457,52.32984244,0.075086498,1
13-04-23 1:00,40.11873116,57.70061063,104.1732655,49.86158611,0.022650416,0
13-04-23 2:00,37.09652889,55.9499271,121.1961649,28.82377607,0.023780288,0
13-04-23 3:00,38.21459506,92.5680811,251.8045147,13.31947365,0.049379869,0
13-04-23 4:00,48.99683857,71.98397035,141.5733198,31.9664624,0.01768822,0
13-04-23 5:00,39.77591253,49.2914872,77.57801021,46.83661297,0.024138454,0
13-04-23 6:00,60.69597601,51.35627544,69.22810694,33.18736354,0,0
13-04-23 7:00,74.52059346,49.82457301,317.1452363,72.49739518,0.056862105,0
13-04-23 8:00,41.63566314,79.51728616,136.3408714,44.42870508,0.026712334,0
13-04-23 9:00,53.64838202,53.67133222,178.2943072,107.3701732,0.018316571,1
13-04-23 10:00,57.74496186,27.16687567,105.3590603,36.90847095,0.036987345,1
13-04-23 11:00,57.30282021,58.98878893,170.679815,53.57732362,0.005284174,0
13-04-23 12:00,51.14509822,31.26612737,253.9859614,43.02877944,0.012089998,0
13-04-23 13:00,61.69181345,113.0251376,111.7862346,61.57466566,0.02977191,1
13-04-23 14:00,57.46629834,41.11974559,179.9234848,80.05125463,0.020710233,1
13-04-23 15:00,32.96687194,56.64014023,73.99759331,66.31704115,0.027744544,0
13-04-23 16:00,63.79277323,65.52226041,300.9810564,11.60249373,0.024175318,0
13-04-23 17:00,64.09664759,54.06316393,167.2161649,63.24612515,0.031281446,0
13-04-23 18:00,39.13331411,54.03553802,125.2227773,27.7936703,0.004100719,0
13-04-23 19:00,50.57050681,69.1252804,131.9152413,42.54364137,0.045351279,1
13-04-23 20:00,60.7168734,95.54453786,119.6834477,68.65875385,0.012960258,1
13-04-23 21:00,46.90410498,77.001296,122.5819909,25.76757077,0.020933719,0
13-04-23 22:00,67.24595261,94.32779638,32.97294843,82.90734758,0.011470382,1
13-04-23 23:00,91.04598059,39.66411607,143.9347255,41.53999729,0.015649322,1
14-04-23 0:00,38.82798355,66.81569386,141.3749787,118.4123416,0.023822955,1
14-04-23 1:00,31.19161515,63.2963191,181.9740867,51.73109558,0.033384119,1
14-04-23 2:00,54.64958467,67.55781477,118.9455921,101.3581502,0.03685635,0
14-04-23 3:00,61.34409003,91.74189304,105.3772124,84.24528719,0.027481379,0
14-04-23 4:00,46.59030367,55.43654963,149.5144287,35.84272121,0.011532194,0
14-04-23 5:00,73.91087651,51.73107877,64.82537831,22.54092806,0.026320615,0
14-04-23 6:00,31.71277849,71.64129998,159.0873705,52.87941756,0.024017846,0
14-04-23 7:00,60.87391556,27.40075013,54.43452201,36.45234105,0.020955508,0
14-04-23 8:00,41.27915502,55.11025531,227.5885722,96.97950377,0.029403757,0
14-04-23 9:00,78.74692898,57.20886205,195.5762245,44.01133906,0.004470551,1
14-04-23 10:00,83.85784773,41.94305903,97.26030439,42.76062865,0,1
14-04-23 11:00,39.08791351,83.87429987,193.9437467,20.94813602,0.043288282,1
14-04-23 12:00,42.05865601,39.38548507,157.0442515,61.00765404,0.017949797,0
14-04-23 13:00,63.63270964,57.17435821,93.04547044,24.78083685,0.027173846,0
14-04-23 14:00,44.34291039,66.28521347,48.12240786,61.64817409,0.00837696,0
14-04-23 15:00,49.32089391,91.17022948,170.3780195,65.5118124,0.044975217,1
14-04-23 16:00,50.38147088,59.77848202,104.1426865,32.94416052,0.025968934,0
14-04-23 17:00,24.89004768,80.9738008,225.6293483,76.65963377,0.017224398,0
14-04-23 18:00,49.79262529,75.44875421,150.87829,43.35478354,0.024817698,0
14-04-23 19:00,40.12980779,62.61547133,109.2125772,19.71258164,0.001233353,0
14-04-23 20:00,42.84632778,38.90077763,281.7582655,95.7959224,0.02638774,1
14-04-23 21:00,73.73855341,32.96083529,188.0216491,29.47162935,0.050421201,1
14-04-23 22:00,32.73120616,62.25362853,22.58685114,63.44812513,0.025342672,0
14-04-23 23:00,62.85938048,49.04514549,121.0199762,61.18876465,0.023082236,0
15-04-23 0:00,45.89337636,80.57204436,74.98865203,60.18401098,0.015229027,1
15-04-23 1:00,45.88186322,76.4974398,103.8506893,59.71139175,0.040841304,1
15-04-23 2:00,62.48026617,56.17429095,141.0799099,28.56910124,0.044242301,0
15-04-23 3:00,55.2164043,37.69847742,172.8801339,100.8657305,0.013648622,1
15-04-23 4:00,58.88479415,71.11672274,166.7452312,76.64946607,0.026124232,0
15-04-23 5:00,65.46015144,40.17739324,224.3379295,62.55345497,0.023877202,1
15-04-23 6:00,45.1401395,44.9351589,192.2189436,22.00607105,0.026912599,0
15-04-23 7:00,41.1912828,40.87115228,187.9036873,28.41241421,0.009427708,0
15-04-23 8:00,34.90029377,57.12025234,162.8368651,67.73316332,0.042202237,1
15-04-23 9:00,38.30014459,86.62806416,240.360036,11.95214727,0.030001911,1
15-04-23 10:00,102.9335743,59.89417984,130.8329012,58.81175741,0.043575822,0
15-04-23 11:00,70.21942097,50.98707167,132.3617016,22.03667506,0.005886474,0
15-04-23 12:00,31.55928645,31.45333784,52.68892426,30.55964306,0.00644374,0
15-04-23 13:00,31.9120257,72.05187861,222.7031477,20.69664519,0.065673643,0
15-04-23 14:00,57.46018583,44.5250503,145.2276457,56.3343655,0.042301785,1
15-04-23 15:00,58.50847072,62.48858559,384.9866113,81.64782497,0.008951701,0
15-04-23 16:00,58.53453099,52.74961531,125.6409473,59.06378669,0.036151509,1
15-04-23 17:00,46.24066555,78.65553319,155.5832096,62.07465953,0.013197921,0
15-04-23 18:00,48.13392487,56.73512069,185.9485656,54.28360298,0.00147749,0
15-04-23 19:00,55.02569784,58.76775503,88.41635299,68.46554906,0,0
15-04-23 20:00,51.2957727,70.55461553,173.1805709,62.33164727,0.019649629,0
15-04-23 21:00,21.63578855,110.9045392,152.173548,4.237819759,0.052281119,1
15-04-23 22:00,46.60581341,79.84139246,131.5728472,75.12184415,0.051286075,0
15-04-23 23:00,37.9537964,58.15104833,231.5377477,71.95433245,0.044926215,1
16-04-23 0:00,52.65887032,60.06717314,98.4162756,41.335991,0.035346933,0
16-04-23 1:00,103.6906564,49.39116751,167.6348091,12.33730842,0.025379996,0
16-04-23 2:00,55.64726776,41.40382798,253.6128074,56.2382316,0.042412489,1
16-04-23 3:00,45.39535557,48.85053362,108.8320261,58.48664195,0,0
16-04-23 4:00,64.67674054,44.6791928,131.9734738,39.56999003,0.038775647,1
16-04-23 5:00,57.4733059,74.36107143,329.5842562,54.77206347,0.005833875,0
16-04-23 6:00,56.47789674,39.22609562,180.9997229,80.24253107,0.007895621,1
16-04-23 7:00,59.47102654,90.66359739,119.900073,127.1823741,0.032586265,1
16-04-23 8:00,85.07752491,76.6413347,204.0292865,53.73733389,0.037447313,1
16-04-23 9:00,34.31558212,60.4311668,116.4305347,58.68233707,0.011359898,0
16-04-23 10:00,57.3288085,60.00669099,66.88652584,31.44116245,0.031591783,1
16-04-23 11:00,36.96246505,48.76293619,247.0730434,38.2193808,0.029957588,1
16-04-23 12:00,58.641284,65.78119102,88.35923443,46.65445703,0.015319149,0
16-04-23 13:00,37.06368723,84.62585954,339.2974078,83.6040102,0.022532624,1
16-04-23 14:00,43.91369285,45.97535781,120.8534036,72.48601932,0.06628438,1
16-04-23 15:00,45.66072934,31.32570308,310.6339518,109.4010466,0.015732753,1
16-04-23 16:00,65.58946906,75.50935722,75.69762118,19.40666777,0.016229692,0
16-04-23 17:00,64.62037522,66.96950539,220.4031717,22.16344855,0.022467621,1
16-04-23 18:00,32.86605114,38.3580932,182.7312501,81.19583377,0.017173161,0
16-04-23 19:00,50.82702942,45.40557557,206.5700515,92.51909858,0.03452272,1
16-04-23 20:00,39.85980575,43.06590048,216.1238269,50.83149546,0.049983937,1
16-04-23 21:00,32.70626095,45.57224286,120.37743,0,0.016235837,0
16-04-23 22:00,46.79184064,53.35981795,78.47569309,33.0702778,0.00849368,0
16-04-23 23:00,45.4679198,54.50907781,146.8331975,58.72500928,0.063299311,0
17-04-23 0:00,92.2897002,46.96863182,164.2378461,29.9415065,0.021960015,1
17-04-23 1:00,56.68185159,44.94077836,121.8455353,54.73096901,0.001443801,0
17-04-23 2:00,31.23356747,55.27404219,167.8093404,108.2774246,0.060200581,1
17-04-23 3:00,41.84735961,63.56370291,171.2535136,91.75488495,0.041823899,0
17-04-23 4:00,66.36397327,53.50783798,98.09223589,72.18522613,0.053314374,1
17-04-23 5:00,85.68823481,86.3457714,175.621719,48.40122916,0.049119158,0
17-04-23 6:00,28.72559338,71.05707169,133.7276621,38.36738802,0.083307695,1
17-04-23 7:00,25.33524992,30.38842282,109.1910333,70.66634405,0.006634726,0
17-04-23 8:00,81.56498832,71.40971923,202.9307038,50.63680098,0.009168798,0
17-04-23 9:00,55.99601187,73.26644891,105.0603413,51.50330484,0.012850752,0
17-04-23 10:00,37.72954129,51.15405741,122.7095474,18.43841931,0.012480303,0
17-04-23 11:00,58.30526455,31.9542744,154.5343261,33.66840145,0.02201257,0
17-04-23 12:00,17.41095006,60.16949956,247.2268709,70.49239417,0.012881623,1
17-04-23 13:00,50.05064399,59.83820745,162.2719991,26.11037354,0.005212282,0
17-04-23 14:00,55.02478431,38.33256445,184.6925522,56.85447825,0.008302923,0
17-04-23 15:00,64.71832738,32.68345228,131.928888,60.82306752,0.015558823,0
17-04-23 16:00,35.81954572,58.17287396,145.1313622,62.4374014,0.042237078,1
17-04-23 17:00,51.29264971,55.18686643,146.9595068,64.94829339,0.011787982,0
17-04-23 18:00,36.97504135,51.49859291,168.847811,66.87527132,0.034927629,1
17-04-23 19:00,53.8959772,58.2588106,132.0276075,35.57252616,0.004096871,0
17-04-23 20:00,37.3714502,38.66586975,244.523591,19.77066566,0,1
17-04-23 21:00,44.04503371,51.15237058,127.5126283,30.45080704,0.017922405,0
17-04-23 22:00,36.05441738,71.62647903,60.78546281,69.84638478,0.011356192,0
17-04-23 23:00,60.19102203,52.8343469,366.5623871,24.30493278,0.008224586,0
18-04-23 0:00,63.61370507,29.08181601,130.1824784,27.23334476,0.007011501,0
18-04-23 1:00,46.53573826,50.40861915,242.419601,27.12965179,0.010181491,1
18-04-23 2:00,50.57503207,39.24453097,249.6400515,14.07350369,0.007126981,1
18-04-23 3:00,30.36954587,65.71690493,214.4364751,25.27174789,0.00806463,1
18-04-23 4:00,45.59465637,66.84807141,137.8585875,78.01230479,0.003797841,0
18-04-23 5:00,49.24945125,29.29303276,168.4109304,33.62213838,0,0
18-04-23 6:00,96.18045279,76.80342342,80.08936956,15.45290011,0,1
18-04-23 7:00,34.55696528,38.49952523,298.1483648,37.99424193,0.077548305,0
18-04-23 8:00,74.10647357,96.38940222,101.1155659,63.54565578,0.019000052,1
18-04-23 9:00,65.94660902,58.97926713,134.517984,14.28586763,0.051365368,1
18-04-23 10:00,54.28830286,36.15598166,156.2454454,76.55915938,0.017253158,0
18-04-23 11:00,79.47205327,37.97449079,143.3542751,20.20475675,0.017754022,1
18-04-23 12:00,55.72004457,67.49175663,111.5343149,40.58213095,0.025188871,0
18-04-23 13:00,55.98883281,52.01237572,248.8112791,40.29341345,0.031470202,1
18-04-23 14:00,49.20601201,57.98428087,214.8106395,36.90964231,0.004715843,1
18-04-23 15:00,69.85065405,97.76997501,170.7502367,48.39255532,0.014356289,0
18-04-23 16:00,67.64928329,46.04928804,125.9857899,71.28247752,0.025155184,0
18-04-23 17:00,41.00631276,61.26461333,223.3133408,48.98495477,0.000279154,1
18-04-23 18:00,31.95170524,92.84067179,122.2650971,35.95868025,0.045806673,1
18-04-23 19:00,46.99649158,65.7905493,262.9462732,62.06122058,0.040392479,1
18-04-23 20:00,38.63948324,30.13310108,157.0255278,55.31046798,0,0
18-04-23 21:00,49.05116675,70.99629633,235.9355211,34.60711605,0.008253918,1
18-04-23 22:00,70.09282516,37.60580346,142.96396,51.06290378,0.021710576,0
18-04-23 23:00,43.34959998,92.51161924,154.5015259,32.88949515,0.035595572,0
19-04-23 0:00,49.35948312,43.73544694,235.598757,30.60504243,0.051405228,0
19-04-23 1:00,50.87370766,129.6950951,316.0001674,72.09297714,0.01102115,1
19-04-23 2:00,63.44629819,94.04468419,262.1313937,61.77328669,0.073811857,1
19-04-23 3:00,21.34517167,44.22302342,209.4371046,71.03994523,0.019226983,0
19-04-23 4:00,41.26758083,60.42089073,188.9137443,67.08837717,0.016564654,0
19-04-23 5:00,53.21389618,76.67849947,119.8576887,30.18099256,0.0299342,1
19-04-23 6:00,69.44137385,77.37805557,168.9748224,78.03974476,0.025262421,1
19-04-23 7:00,42.86343131,69.58255351,97.93637887,42.82553222,0.024273039,0
19-04-23 8:00,25.37315947,88.64719316,174.3336566,75.82078287,0.063892556,1
19-04-23 9:00,59.67971397,57.44033416,178.6650338,46.91904725,0.024141506,0
19-04-23 10:00,40.87324953,52.50065173,50.51666067,58.12329056,0.007157999,0
19-04-23 11:00,33.57030687,52.89632819,152.4301672,58.93411446,0.008679487,0
19-04-23 12:00,41.02462632,79.13104478,176.9624083,72.31389423,0.050067865,1
19-04-23 13:00,47.26616924,67.86883763,144.810178,17.15157004,0.032344133,1
19-04-23 14:00,41.29454614,66.24422624,173.1472463,18.04514643,0.002365083,0
19-04-23 15:00,21.78103078,77.6485155,76.94367126,68.14635809,0.00204473,0
19-04-23 16:00,64.26072071,23.2381234,105.1202734,59.29004424,0.020402756,0
19-04-23 17:00,70.74843199,66.65565931,221.1102172,32.413778,0.031003988,1
19-04-23 18:00,60.19731078,64.66160521,150.0357311,59.50588567,0.010530484,0
19-04-23 19:00,34.22904363,99.22235033,171.9355427,20.74805061,0.001586192,1
19-04-23 20:00,47.01822583,31.4045242,117.6345397,163.5739958,0.005795287,0
19-04-23 21:00,49.9022228,96.33816459,151.2206566,87.94994318,0.054457508,1
19-04-23 22:00,59.34047056,61.59212151,37.91979921,66.7193488,0.028692458,0
19-04-23 23:00,60.47178634,70.62744629,207.1701634,51.90791913,0.039001805,0
20-04-23 0:00,39.52640419,99.40735021,282.6075293,35.68027206,0.042711521,0
20-04-23 1:00,51.23665662,72.24766643,90.24197745,22.39510796,0.011159552,0
20-04-23 2:00,57.06831144,68.64817623,96.53458602,47.19330108,0.014448905,0
20-04-23 3:00,73.95675347,65.17617243,178.7212441,30.72354916,0.017396591,0
20-04-23 4:00,61.06392756,50.19758583,255.1513766,31.89088089,0.027187836,0
20-04-23 5:00,62.45846077,59.40294583,149.8689441,20.60268213,0.04099314,1
20-04-23 6:00,51.26442632,45.74216969,82.23496048,56.42857122,0.060407473,1
20-04-23 7:00,73.14628218,59.06707442,137.2225496,41.00153466,0.035018099,0
20-04-23 8:00,56.31434749,19.13031369,91.99380552,64.23569414,0.035170383,1
20-04-23 9:00,37.82515374,69.28594334,110.8812389,62.05428776,0.061961814,1
20-04-23 10:00,73.01999682,57.46574761,131.5520772,55.8945778,0.016845207,0
20-04-23 11:00,60.95561807,53.10927096,97.09907838,137.7038739,0.043265232,1
20-04-23 12:00,43.55062769,64.68736019,105.0117161,72.62811016,0.030255752,0
20-04-23 13:00,43.03751899,32.9778159,154.6917069,23.25292974,0.030973731,1
20-04-23 14:00,54.53659023,106.097794,163.7171807,62.09972858,0.01670562,0
20-04-23 15:00,57.16231208,57.85772504,73.16754908,48.6582855,0.003523932,0
20-04-23 16:00,52.99830822,56.96917281,175.7165685,21.86084855,0.025874081,0
20-04-23 17:00,54.76654319,41.12466435,127.0043744,20.52229814,0.025950916,0
20-04-23 18:00,78.38921569,60.50373418,198.1290052,61.94625158,0.011786315,1
20-04-23 19:00,67.22135201,92.0116443,202.4361533,68.89840606,0.018480315,1
20-04-23 20:00,52.8958758,83.36392399,117.7453268,27.1275324,0.008222913,1
20-04-23 21:00,65.00572432,79.03828858,190.6472952,77.07784866,0.008313964,1
20-04-23 22:00,35.57824706,71.92220571,101.89322,57.36638856,0.012998563,0
20-04-23 23:00,56.12725169,52.66343604,243.2492049,84.18671629,0.004039233,1
21-04-23 0:00,80.41318471,32.70103331,103.8856995,80.8023278,0.01168569,0
21-04-23 1:00,46.77685558,55.83881067,172.7934443,46.11438388,0.032948005,0
21-04-23 2:00,38.00397435,55.13015227,138.4856116,98.91555268,0.049658725,1
21-04-23 3:00,40.64388659,83.6746379,92.64853958,25.6880087,0.066129331,1
21-04-23 4:00,34.8428046,66.64078296,211.1771304,126.8978861,0.014078186,1
21-04-23 5:00,38.84442263,97.75786478,113.8797092,30.3471508,0.043522478,1
21-04-23 6:00,44.57965477,87.29822755,61.08696189,48.80684449,0.025717822,1
21-04-23 7:00,30.89211336,50.72617456,28.38489978,36.78540023,0.016371346,0
21-04-23 8:00,50.23451894,27.13602012,99.9039259,41.00613965,0.026920551,0
21-04-23 9:00,64.34826171,91.97680801,247.3530201,148.7303396,0.041278055,1
21-04-23 10:00,37.20767858,91.31898197,238.1000905,39.07431412,0.012772095,1
21-04-23 11:00,75.0974825,34.10935776,108.1859018,73.45086569,0.012474199,1
21-04-23 12:00,57.92278989,95.11074857,127.4378667,44.28117081,0.013947279,0
21-04-23 13:00,66.52080513,68.24348088,122.2397978,76.04514086,0.011150152,1
21-04-23 14:00,40.56522799,63.4131252,77.32873863,37.28434079,0.043494078,1
21-04-23 15:00,63.54809177,97.82173578,96.09969955,56.60011329,0.00952881,0
21-04-23 16:00,34.81331114,90.95065596,217.0977712,66.90324217,0.011634032,1
21-04-23 17:00,64.14625313,74.31429801,183.0164099,33.51774899,0.025269792,0
21-04-23 18:00,52.60711886,70.27345997,167.5155188,141.7583049,0.023844363,1
21-04-23 19:00,58.60485521,73.51419298,77.24903562,68.41456819,0.013946331,0
21-04-23 20:00,33.74810359,51.83886281,156.3547977,44.50391475,0.055441684,0
21-04-23 21:00,37.37510239,58.84742381,37.85589927,34.02754499,0.011102932,0
21-04-23 22:00,59.31510482,42.27260412,206.9370665,52.31831493,0.017350436,1
21-04-23 23:00,36.67414387,53.17253795,166.5620972,24.03600322,0.000309094,0
22-04-23 0:00,57.16265445,52.50231915,76.78087384,104.0871108,0.015399108,0
22-04-23 1:00,31.36199868,47.26400661,266.7035868,61.33928376,0.004083337,1
22-04-23 2:00,63.44201269,62.89972596,57.0969537,47.82357296,0.007858384,0
22-04-23 3:00,33.031264,53.35384752,184.8314843,79.43165537,0.000182407,0
22-04-23 4:00,58.58953429,70.9252887,186.5475297,33.52388127,0.008109623,0
22-04-23 5:00,59.77587807,29.87915338,81.74129433,25.10973804,0.018815923,0
22-04-23 6:00,40.03391369,57.63882329,147.6429279,46.79747706,0.016271966,0
22-04-23 7:00,59.06915343,62.78854319,63.77349217,53.23739338,0.013879755,0
22-04-23 8:00,53.97446412,53.62152175,28.65219263,64.10922033,0.015118227,0
22-04-23 9:00,42.2077227,56.42433217,90.09989363,19.63124155,0.012685199,0
22-04-23 10:00,35.88886229,30.47934115,113.742299,39.2167544,0.019449936,0
22-04-23 11:00,24.41251423,67.67663309,192.7564075,1.436645563,0.018272827,0
22-04-23 12:00,55.36700587,74.2288159,154.2402684,24.63511941,0.024626531,0
22-04-23 13:00,28.97656614,70.72965177,155.8990957,69.41633553,0.016905761,0
22-04-23 14:00,51.43925351,83.4316991,92.77295592,76.79635703,0.013625627,1
22-04-23 15:00,46.11768172,64.29304299,118.5597654,25.36240969,0.034268447,0
22-04-23 16:00,60.64837654,70.3960083,97.06816788,42.20099061,0.030736345,1
22-04-23 17:00,45.56054899,63.31445199,82.44249247,50.6421209,0.019484343,0
22-04-23 18:00,45.16681905,75.1476541,115.0086599,80.43971789,0.043406471,1
22-04-23 19:00,61.51369529,30.60965763,154.6903366,95.241765,0.021342876,1
22-04-23 20:00,55.13813432,42.43253009,116.1775818,53.89735891,0.017499168,0
22-04-23 21:00,54.84229395,97.10226858,130.409007,43.68834673,0.018916651,0
22-04-23 22:00,57.25922592,17.41146439,196.3296152,20.16041349,0.022723668,1
22-04-23 23:00,29.3243999,57.08573825,120.2073788,52.73676774,0.007848567,0
23-04-23 0:00,61.92455931,86.67911702,77.3038874,114.7889727,0.000553398,1
23-04-23 1:00,59.56214993,58.05457235,187.1207243,87.2486042,0.024741216,0
23-04-23 2:00,35.78339766,51.74081845,167.0396592,54.46318368,0.03543142,1
23-04-23 3:00,46.39836817,62.74298017,171.189321,57.8605595,0.006990418,0
23-04-23 4:00,49.41193575,52.77151701,191.4649602,34.2092553,0.04062362,0
23-04-23 5:00,48.00063762,60.64926688,179.7912244,41.45424685,0.001789157,0
23-04-23 6:00,55.11936198,46.34951269,151.8004953,53.75533594,0.011996121,0
23-04-23 7:00,73.51931259,85.12590127,333.7800665,53.83393062,0.056027723,1
23-04-23 8:00,67.39672017,92.9270879,79.59632143,78.3335946,0.026075056,1
23-04-23 9:00,32.03863131,57.2254927,115.4122314,76.82888403,0.015434837,1
23-04-23 10:00,59.71802093,33.76725154,216.0728124,63.82713882,0.024227518,0
23-04-23 11:00,71.70006356,49.41091092,159.0336284,28.0162248,0.043435202,1
23-04-23 12:00,55.95174864,56.18701588,200.8168736,28.73757523,0.003142903,1
23-04-23 13:00,67.55494467,70.99967075,160.7826803,30.16776703,0.046296019,1
23-04-23 14:00,84.23328903,40.3558583,247.2067229,56.05441665,0.012879823,1
23-04-23 15:00,66.40362443,44.73500732,93.12104027,11.65990468,0.032839586,0
23-04-23 16:00,53.80178371,71.11538407,244.7169344,49.84324132,0.011304235,1
23-04-23 17:00,66.76853703,81.03941017,231.4146775,91.16889082,0.055444346,1
23-04-23 18:00,52.19430998,47.52609379,83.1457288,68.00462175,0.019504305,0
23-04-23 19:00,50.359117,34.66864344,191.8030213,41.6008393,0.004036194,0
23-04-23 20:00,44.85227843,132.841182,147.3211188,34.00629652,0.028184138,1
23-04-23 21:00,75.89546171,77.36973727,114.2962743,72.09041348,0.045899278,0
23-04-23 22:00,38.39339549,54.49985752,53.36259531,57.93239381,0.043248119,1
23-04-23 23:00,75.33366671,79.38247982,92.95461122,44.02137555,0.021522233,1
24-04-23 0:00,57.747826,57.40964496,197.2655456,36.31510016,0.034971604,1
24-04-23 1:00,30.96846515,79.33823628,204.839105,51.92707783,0.01378807,1
24-04-23 2:00,55.6499054,63.38536644,137.0969884,42.69957474,0.030504579,1
24-04-23 3:00,22.90971372,61.9292057,205.0663598,71.45524318,0.026199906,1
24-04-23 4:00,59.77388053,57.63413203,214.4398546,85.65072957,0,1
24-04-23 5:00,64.06210702,32.74736108,159.8084785,21.42687058,0.006993946,0
24-04-23 6:00,41.46554624,106.3343106,107.9847437,23.86241156,0.023455112,0
24-04-23 7:00,51.86847947,41.55751686,178.7330544,89.15317115,0.022721585,1
24-04-23 8:00,83.13109278,34.21400109,181.8594689,54.22796133,0.019537297,1
24-04-23 9:00,42.66957916,55.59790646,194.8467306,25.55063357,0.021453957,1
24-04-23 10:00,35.23767147,41.19573399,208.5812413,77.48164133,0.043698066,0
24-04-23 11:00,74.42027748,58.91804272,75.99766818,58.89237362,0.026042163,0
24-04-23 12:00,83.29055634,75.15256949,119.6895892,119.6440197,0,1
24-04-23 13:00,50.05544874,82.38730271,52.96474398,44.28355871,0.062544073,0
24-04-23 14:00,66.195003,78.10502438,200.0352709,81.40527359,0.000400016,1
24-04-23 15:00,71.92169636,53.72184328,137.0009914,20.07650272,0.038084394,0
24-04-23 16:00,39.41401935,61.0451174,178.039484,90.74736752,0.002312179,1
24-04-23 17:00,42.95593422,68.81500805,70.83584485,76.2783161,0.048853584,1
24-04-23 18:00,69.97816976,27.72118904,249.3377872,97.83047791,0.015783866,1
24-04-23 19:00,78.1144873,72.47062905,83.91247845,81.46467386,0.026591449,1
24-04-23 20:00,58.76004777,32.58229678,202.0098964,47.55322698,5.59E-05,0
24-04-23 21:00,37.57685799,109.0917999,157.4553591,24.83644819,0.033269798,1
24-04-23 22:00,83.75432854,51.7506319,138.3751578,36.03608058,0.027180758,0
24-04-23 23:00,42.31736663,56.16888953,133.5529122,15.27619238,0.031020436,1
25-04-23 0:00,45.08525061,44.72482444,112.5638083,29.5216893,0.037899181,1
25-04-23 1:00,55.25226271,47.36592269,241.0149599,61.1906074,0.022951738,1
25-04-23 2:00,75.72782092,115.5132173,150.7892566,48.81301904,0.016761865,1
25-04-23 3:00,63.53891462,81.07420619,80.33919411,44.56022415,0.0089982,0
25-04-23 4:00,56.39509589,31.06679098,126.88704,32.05946381,0.013499223,0
25-04-23 5:00,57.16396421,94.98245559,158.1200146,15.11421949,0.043670802,1
25-04-23 6:00,50.65461356,87.19382847,210.949156,54.65154061,0.00870104,1
25-04-23 7:00,58.68361244,54.21315897,114.4046575,59.91029217,0.000701474,0
25-04-23 8:00,18.45527302,66.5817303,118.124187,28.16050588,0.007125137,0
25-04-23 9:00,45.6388641,59.68650932,151.4678023,37.51766881,0.030798546,1
25-04-23 10:00,53.6780653,107.2607852,209.1662767,95.68786312,0.015429523,1
25-04-23 11:00,34.05962217,44.22902313,75.6937754,83.02075535,0.030768136,1
25-04-23 12:00,55.94409547,63.09820145,183.1169643,19.4999348,0,0
25-04-23 13:00,46.97474017,51.28391069,122.2882161,47.90558027,0,0
25-04-23 14:00,79.4138304,32.9865587,130.3545026,92.72458017,0.024434997,1
25-04-23 15:00,76.06968693,113.2293207,299.1363169,44.72998921,0.03910331,1
25-04-23 16:00,43.22989129,37.28125121,137.9522744,43.49341161,0.00140659,0
25-04-23 17:00,47.76018634,64.69539823,200.5857353,80.90066723,0.029246856,0
25-04-23 18:00,48.89625476,27.99034517,198.0331375,77.59964819,0.043294399,1
25-04-23 19:00,43.42910414,51.85840462,84.603244,76.00696068,0.019929921,0
25-04-23 20:00,52.9634095,69.12843178,55.09573597,43.6562893,0.036853348,0
25-04-23 21:00,39.20076066,43.70086564,205.3554504,67.89046197,0.023155287,1
25-04-23 22:00,34.31906101,72.83934348,89.32279708,94.0714303,0.016000453,1
25-04-23 23:00,59.72843763,54.45871173,62.60559478,48.7606197,0.035158448,1
26-04-23 0:00,59.83925126,86.38041991,220.4531918,40.40297743,0.061581145,1
26-04-23 1:00,38.58218745,91.37856836,92.52121433,85.29105207,0.012008102,1
26-04-23 2:00,64.23199281,48.19476415,105.2983573,113.687467,0.018619384,1
26-04-23 3:00,40.92522449,61.62022194,296.7872183,116.2948591,0.007093406,1
26-04-23 4:00,53.86157121,63.90302194,62.79486873,41.0579891,0.02255569,0
26-04-23 5:00,62.97812449,73.58172553,80.95165012,43.37428794,0.017570992,0
26-04-23 6:00,49.49694133,60.30233218,122.5368004,27.448467,0.042561264,1
26-04-23 7:00,57.02790298,64.04870046,135.3302876,52.99311716,0.048763025,1
26-04-23 8:00,42.52025492,54.9773341,98.93360364,26.60822115,0.03447053,1
26-04-23 9:00,47.09160037,62.43995755,85.63894622,37.6661923,0.040035376,0
26-04-23 10:00,46.95448664,89.78371718,258.0551424,69.00299394,0.010213003,1
26-04-23 11:00,39.35870403,74.1938834,166.851603,60.20568239,0.007456774,0
26-04-23 12:00,47.37963666,75.46400764,188.6275813,14.56810231,0.027561506,0
26-04-23 13:00,29.16894415,75.96872285,141.536411,96.65476116,0.020321527,1
26-04-23 14:00,42.8739258,56.80550137,168.5936393,26.3697793,0.063977291,0
26-04-23 15:00,45.80802165,66.84784394,213.5281869,28.74683392,0.000331841,0
26-04-23 16:00,46.22293178,38.97775562,93.68698195,23.6317305,0.031064934,1
26-04-23 17:00,46.43585933,89.05977009,166.9730784,34.7798035,0.030739823,0
26-04-23 18:00,49.07735182,13.17513407,196.409494,29.99262558,0.009550414,1
26-04-23 19:00,57.42148694,58.18127602,260.8682272,30.4725843,0.007327382,1
26-04-23 20:00,63.88253622,85.91128097,294.5088619,6.611108942,0.014917106,1
26-04-23 21:00,40.67571645,34.148977,154.3955197,53.29882818,0.001819498,0
26-04-23 22:00,33.39967947,68.63511424,228.9439263,55.96319192,0.049688782,0
26-04-23 23:00,35.45519037,46.39906905,29.9737405,121.2222533,0.085093474,1
27-04-23 0:00,42.92932287,52.4591552,261.4751752,62.86810764,0.014888876,1
27-04-23 1:00,44.84502885,81.20696662,107.7937137,38.32507647,0.010997372,1
27-04-23 2:00,39.04295295,64.21803526,135.2801773,24.30727492,0.004181315,0
27-04-23 3:00,32.23816844,23.48643247,178.7364693,47.62089598,0.006066359,0
27-04-23 4:00,43.3662338,40.92517392,140.5511194,61.82212893,0.011611223,0
27-04-23 5:00,52.75431492,81.90897013,162.5098998,38.17636401,0.043723647,1
27-04-23 6:00,59.27950205,69.73012143,264.3554243,51.53656953,0.101674003,1
27-04-23 7:00,41.94937466,101.294814,126.8719974,108.23371,0.010002217,1
27-04-23 8:00,43.97559987,99.58255386,89.15568177,40.83986859,0.008008247,1
27-04-23 9:00,36.95829512,52.98854986,283.0733981,13.51037711,0.005404733,1
27-04-23 10:00,49.52940087,121.9672932,184.5876468,74.12610719,0.027822264,1
27-04-23 11:00,37.99340163,60.51497195,292.309952,58.15443006,0.025862999,0
27-04-23 12:00,58.92539269,41.17405684,208.4520091,16.0371608,0.021645371,0
27-04-23 13:00,26.40132175,47.29581204,77.78676319,61.23972928,0.013483358,0
27-04-23 14:00,44.73488841,20.24798509,192.8356702,28.04060626,0.047289587,0
27-04-23 15:00,54.60727572,97.62116431,94.31216866,61.61735645,0.033980461,0
27-04-23 16:00,52.79131287,97.30490047,150.464819,108.59455,0.033092755,0
27-04-23 17:00,97.64793528,40.22122682,145.3022458,45.66972108,0.026335048,0
27-04-23 18:00,55.36936043,55.29232682,64.59702932,80.60220945,0.017077383,0
27-04-23 19:00,35.94730668,62.02146963,103.1633098,23.81536032,0.010091705,0
27-04-23 20:00,48.57714972,41.21600288,317.0013124,18.94042497,0.029129384,1
27-04-23 21:00,26.51135604,27.76343205,165.2395305,112.6436127,0.027307802,1
27-04-23 22:00,48.79750008,55.6488658,139.2102456,57.97962559,0.030040176,1
27-04-23 23:00,38.19814154,53.41196998,283.0250644,67.13279437,0.002311417,1
28-04-23 0:00,64.56879349,52.06965888,126.1773076,82.78202373,0.025773779,1
28-04-23 1:00,42.05889039,64.75144098,144.3363735,37.64039518,0.015347156,0
28-04-23 2:00,48.26214554,93.08520251,217.8153203,72.67036002,0.008258244,1
28-04-23 3:00,40.87056615,53.77285068,125.9175477,68.19958927,0.033246649,1
28-04-23 4:00,79.1063743,63.6228792,106.6862131,22.65943805,0.022930601,1
28-04-23 5:00,45.28455542,76.05679214,39.61673192,94.69200644,0.074291665,1
28-04-23 6:00,80.84662097,72.09761303,96.73102996,87.79516612,0.028455883,0
28-04-23 7:00,62.87511952,47.66338039,96.24307685,22.85085887,0.01550949,0
28-04-23 8:00,57.46338924,62.03785241,160.0612788,55.12750501,0.018302609,0
28-04-23 9:00,55.66696134,71.94803601,114.0823142,44.38320011,0.005369637,0
28-04-23 10:00,56.06203579,38.21438702,312.8184645,91.49247499,0.044238533,0
28-04-23 11:00,24.80083288,88.92911547,90.60966558,20.70417854,0.025337412,0
28-04-23 12:00,45.89452504,93.1375372,249.3112848,178.9925576,0.025645005,1
28-04-23 13:00,63.39166156,45.60523158,164.0243079,45.72922994,0.006370187,0
28-04-23 14:00,49.26893318,64.1233325,204.3286833,70.09703294,0.034284547,0
28-04-23 15:00,30.8967108,74.10662543,199.9654961,90.46291316,0.007658541,1
28-04-23 16:00,49.21667947,48.98864493,40.88369256,45.21526365,0.012057895,0
28-04-23 17:00,78.46555835,70.4618186,149.2787584,47.16608777,0.02205421,0
28-04-23 18:00,70.25811468,63.46834675,134.023323,38.18774438,0.011717365,0
28-04-23 19:00,49.07378436,32.40589393,86.89070526,30.21550747,0.009206077,0
28-04-23 20:00,65.17699488,69.95863131,179.9941639,57.01820088,0.019205376,0
28-04-23 21:00,44.63672209,38.71247926,274.9628337,46.67322422,0.03922045,1
28-04-23 22:00,27.34510458,81.04641288,29.95247267,38.04403126,0.036724705,1
28-04-23 23:00,36.98764754,46.58035388,118.3095923,39.33600675,0.032819959,0
29-04-23 0:00,75.88595283,56.65202538,81.45121476,65.40197133,0.028489125,0
29-04-23 1:00,45.96517598,91.64258131,154.5170265,31.96923452,0.013069459,1
29-04-23 2:00,46.40847607,70.79360669,130.2848451,44.00885558,0.041703027,0
29-04-23 3:00,45.59233,39.0789436,114.3462435,74.88949404,0.001265632,0
29-04-23 4:00,82.187785,40.23183548,195.9466948,56.36399805,0.027505148,1
29-04-23 5:00,77.03312612,47.95338719,268.3238668,27.0657423,0.035584051,1
29-04-23 6:00,88.20468923,68.52114168,358.8281175,49.40493277,0.018579793,0
29-04-23 7:00,47.63961722,67.71686425,107.0554912,61.49850422,0.010008448,0
29-04-23 8:00,54.52176117,43.36108385,56.08880466,77.66778319,0.019411176,0
29-04-23 9:00,29.55056638,37.53216778,186.825981,32.82732412,0.00960033,0
29-04-23 10:00,74.33535169,66.03218533,266.2172625,36.97262329,0.029021563,1
29-04-23 11:00,33.84701581,56.23054824,204.8281711,34.07074251,0.037814975,1
29-04-23 12:00,53.2986251,112.2819042,265.8787948,35.112084,0.027745632,0
29-04-23 13:00,34.74453492,60.77068653,136.2121485,60.61720435,0.026643791,0
29-04-23 14:00,41.51376174,103.0365794,114.1310835,65.92248022,0.033899329,1
29-04-23 15:00,38.14207191,37.47664109,157.2946969,79.58578178,0.036315775,1
29-04-23 16:00,41.25138342,30.6750267,129.9960182,47.74556587,0.009364751,0
29-04-23 17:00,42.20381274,38.36009827,194.0815384,20.79172395,0.002488378,0
29-04-23 18:00,42.07656675,87.09276987,216.2531834,68.08132501,0.024677849,1
29-04-23 19:00,63.19445409,101.5039726,222.0961052,54.05457209,0.037353638,0
29-04-23 20:00,34.6477799,44.49193851,183.4762712,51.510026,0.002203345,0
29-04-23 21:00,53.35675993,50.64629498,165.7264671,22.85628633,0.021115527,0
29-04-23 22:00,69.75281178,37.50117544,203.4383507,45.21915847,0.041872795,0
29-04-23 23:00,42.56542504,26.87862161,50.43302915,24.43306559,0.018177358,0
30-04-23 0:00,39.74662417,75.8608187,163.4267123,62.74599546,0.051279697,1
30-04-23 1:00,46.59527223,64.75803345,153.2964023,39.80707591,0.046678802,1
30-04-23 2:00,69.08762969,60.22041263,163.5899443,37.82138806,0.017176751,0
30-04-23 3:00,52.94929224,33.53905018,144.5695957,18.65965386,0.014521862,0
30-04-23 4:00,42.31397421,98.4732772,178.1099633,78.84217452,0.014776731,1
30-04-23 5:00,57.49228638,49.80956051,116.0683285,43.73645122,0.022212236,0
30-04-23 6:00,34.68066574,71.63329066,228.2501534,52.19721622,0.005355276,1
30-04-23 7:00,60.68464344,32.62783381,180.9491758,33.23558475,0.003801579,0
30-04-23 8:00,56.29606955,56.05342079,159.5541035,16.90881759,0,0
30-04-23 9:00,45.47761899,66.24621219,109.3243905,37.55723759,0.019662895,0
30-04-23 10:00,38.12443916,67.02904688,204.9457551,41.12559545,0.065093314,1
30-04-23 11:00,37.48598922,63.28349367,163.1724805,57.57612581,3.82E-05,0
30-04-23 12:00,58.30828963,70.75180108,106.2068189,41.50233377,0.017155142,0
30-04-23 13:00,69.94510061,38.17618518,146.4779168,33.58935376,0.016710336,0
30-04-23 14:00,40.84654496,64.20325863,191.6921334,19.1966031,0.017636312,0
30-04-23 15:00,57.08591892,62.40832257,186.2987464,51.21838061,0.044847468,0
30-04-23 16:00,23.0502765,64.94563472,181.8611269,31.98951958,0.008153333,0
30-04-23 17:00,41.57251193,61.52710031,155.8345843,88.25375304,0.000223653,1
30-04-23 18:00,49.53508066,35.6941379,220.4275551,53.82129859,0.012307846,0
30-04-23 19:00,37.18227266,34.93109949,236.5551226,65.00044981,0.010652659,1
30-04-23 20:00,36.82944857,20.85484349,199.3445313,43.96597074,0,1
30-04-23 21:00,40.42923619,78.17076872,115.3548893,55.15354851,0.024108579,0
30-04-23 22:00,54.46826752,78.40833313,90.58811025,30.11223843,0.005243676,0
30-04-23 23:00,47.22515689,78.78192176,117.7789874,24.70912816,0.018691124,0
01-05-23 0:00,21.43621055,66.58376933,295.0041949,50.37896378,0.014589518,1
01-05-23 1:00,22.68686685,22.02979282,168.0821101,65.2358313,0.006276275,0
01-05-23 2:00,41.26530768,40.02028132,310.0331433,12.71325608,0.036629685,1
01-05-23 3:00,57.0747758,63.62228589,142.5742894,38.26972561,0.015734301,0
01-05-23 4:00,16.33621022,62.87342575,134.2260527,106.2332943,0.020877181,1
01-05-23 5:00,42.75377761,55.39671267,145.4043727,62.66966593,0.030414117,1
01-05-23 6:00,42.38321896,67.95141111,144.2900964,95.53421682,0.024865726,1
01-05-23 7:00,72.75254846,60.2448895,105.2380324,35.35491521,0.022383077,0
01-05-23 8:00,44.37291462,62.55805803,86.1160973,39.18138894,0.008850806,0
01-05-23 9:00,55.89151533,47.19223476,182.8415697,76.97205295,0.005915344,1
01-05-23 10:00,52.13881068,82.06874907,222.608188,66.75434179,0.022600308,1
01-05-23 11:00,22.58081633,51.23214249,338.6789327,47.66711094,0.007385196,0
01-05-23 12:00,62.11325058,34.71230973,124.0215846,23.21894327,0.034604468,1
01-05-23 13:00,53.27734324,44.70067995,128.7052274,82.93621844,0.017977706,1
01-05-23 14:00,57.88236661,52.86435301,105.3669368,131.6594397,0.031639885,1
01-05-23 15:00,124.3089081,82.35612087,227.9615378,18.11563523,0.007142886,1
01-05-23 16:00,23.08183265,59.11505191,204.9219432,91.0009189,0.005647829,0
01-05-23 17:00,78.84502828,56.14286414,99.8056742,38.95038931,0.055317815,0
01-05-23 18:00,45.77091329,36.1168086,98.49638789,41.99688775,0.017675524,0
01-05-23 19:00,54.39249147,77.42060873,214.9758786,56.95910355,0.037113352,0
01-05-23 20:00,49.31938768,46.94656718,174.8307952,24.22177715,0.003389831,0
01-05-23 21:00,43.81643147,57.91442332,200.8502152,49.07567667,0.015711863,0
01-05-23 22:00,41.77721564,94.37025753,99.50265122,17.50707406,0.045926206,0
01-05-23 23:00,55.05120704,71.07229014,53.79729999,62.58202586,0.002310168,0
02-05-23 0:00,29.54421058,29.78348186,99.90806914,120.8115934,0.071936228,1
02-05-23 1:00,61.8220566,27.53703475,195.8235591,35.23871435,0.023363686,1
02-05-23 2:00,43.93030171,58.6556843,308.6805184,45.86683949,0.008909005,0
02-05-23 3:00,34.32601663,36.73855679,124.2651366,47.0558707,0.026002783,0
02-05-23 4:00,43.4523187,74.25040103,323.3181126,77.58107571,0.041436717,0
02-05-23 5:00,70.43766241,60.89020361,205.9953405,60.63277607,0.008835683,1
02-05-23 6:00,42.25655735,63.51410833,74.5787151,75.5497606,0.010483029,1
02-05-23 7:00,55.50529327,45.90762207,163.6519778,38.11293926,0.024172278,0
02-05-23 8:00,39.56995294,101.1176823,208.4771017,61.40317137,0.028051498,1
02-05-23 9:00,61.94327328,128.4259373,33.70512259,0,0.016943132,1
02-05-23 10:00,60.75253694,54.26613497,192.7701011,68.02308315,0.026923067,0
02-05-23 11:00,81.14648712,67.60077928,231.5467235,24.00423952,0.035842426,1
02-05-23 12:00,47.39736352,62.05999941,175.8838324,42.13210622,0.02286303,0
02-05-23 13:00,60.47692132,54.64773177,146.1652814,70.29747536,0.010370811,0
02-05-23 14:00,51.48063034,43.56503207,139.3715102,18.67647011,0.019666324,0
02-05-23 15:00,71.1173604,38.98140556,135.8634146,80.79641142,0.057352966,1
02-05-23 16:00,39.73423419,38.08682915,84.79883326,46.93873478,0.025661931,0
02-05-23 17:00,61.73011261,68.75636975,109.8658946,92.66252101,0.044458325,0
02-05-23 18:00,47.1174476,49.4919283,125.0041757,29.87427875,0.012564212,0
02-05-23 19:00,49.04129747,15.82724118,157.1706824,14.53890489,0.024409196,0
02-05-23 20:00,51.38470579,69.63887089,117.0593337,49.27884585,0.03460185,1
02-05-23 21:00,53.84723116,59.19870896,100.2117362,65.71087662,0.050693957,1
02-05-23 22:00,48.27007354,91.00042529,200.9491892,68.1238926,0.044162342,0
02-05-23 23:00,53.2667995,68.04440082,173.9875015,25.48079652,0.005850001,0
03-05-23 0:00,76.16222747,32.22756788,118.0427649,17.30247108,0.04240993,1
03-05-23 1:00,65.75285637,20.63397743,183.1803118,42.48453945,0.055503794,0
03-05-23 2:00,63.79274859,45.6675407,122.9097441,63.71124295,0.011793199,0
03-05-23 3:00,43.37442337,47.4588831,153.9654275,62.29554153,0.008088742,0
03-05-23 4:00,37.45213683,81.14066714,216.6445189,96.71790207,0.019610837,1
03-05-23 5:00,65.24210753,59.81382846,114.4532015,41.08202633,0.022968622,0
03-05-23 6:00,63.90815987,85.73533288,84.97156838,14.08851765,0.014766539,1
03-05-23 7:00,74.25881906,34.81127977,141.0554728,84.21269265,0.005237261,1
03-05-23 8:00,41.30508321,81.66815507,75.93765759,54.99418648,0.050062435,0
03-05-23 9:00,46.60946275,75.92051026,133.1213342,57.29358781,0.008459226,0
03-05-23 10:00,28.09564588,23.72698705,132.9327019,70.94254281,0.012660086,0
03-05-23 11:00,44.26696698,90.3989516,32.43817903,86.38147513,0.021781732,1
03-05-23 12:00,65.94171044,61.97573006,184.8541398,49.42609016,0.002944911,0
03-05-23 13:00,43.22018725,68.46348292,138.7821429,83.56661207,0.002414913,1
03-05-23 14:00,60.0174113,42.95924957,232.2498036,64.71796997,0.013652086,1
03-05-23 15:00,47.17874484,89.21956969,163.7494729,34.89980503,0.035255079,1
03-05-23 16:00,54.96586838,37.20646971,199.2222555,44.33223875,0.023114092,1
03-05-23 17:00,34.10182468,78.51249808,232.8745755,66.55972016,0,0
03-05-23 18:00,51.28540239,78.24285194,141.8717787,33.78667853,0.048023729,1
03-05-23 19:00,14.07985483,40.96598728,149.9485548,74.51890677,0.034666135,1
03-05-23 20:00,47.2314878,107.5515018,66.50977819,54.02965358,0.02316568,0
03-05-23 21:00,28.20134434,64.94250624,236.689832,59.97735342,0.022707984,0
03-05-23 22:00,69.54434052,74.37310813,141.0212789,92.23779985,0.032135128,1
03-05-23 23:00,62.26547248,31.42861018,93.21080424,59.29559175,0.07345638,0
04-05-23 0:00,57.21784653,111.1995006,199.5157915,51.80059531,0.036414356,1
04-05-23 1:00,75.12855335,36.53361381,42.27235177,47.95575099,0.025001827,0
04-05-23 2:00,36.66669475,83.09820339,124.2760192,46.6879735,0.004883714,1
04-05-23 3:00,79.26372611,40.59415008,211.7196138,58.10007678,0.022713504,0
04-05-23 4:00,64.85185458,47.57595585,123.7919868,89.65902328,0.03416703,0
04-05-23 5:00,46.5076291,77.49703433,108.2223496,35.82840407,0.018196856,0
04-05-23 6:00,68.32393533,83.16240386,125.0294341,34.23136349,0.012455346,1
04-05-23 7:00,34.62948265,35.72727623,48.61831486,87.07997998,0.029777904,1
04-05-23 8:00,38.31211118,84.68360988,197.7888583,36.80789358,0.007119852,0
04-05-23 9:00,41.2415356,83.58256675,142.4102283,55.54246263,0.036147502,0
04-05-23 10:00,42.34515179,41.62261331,133.424676,36.2557361,0.013600132,0
04-05-23 11:00,35.26794941,97.40511066,133.6413084,16.47489268,0,1
04-05-23 12:00,69.8421782,32.58964103,150.8811768,55.07350951,0.01334434,0
04-05-23 13:00,46.1841896,47.46528693,193.4017181,81.60999565,0.019095794,1
04-05-23 14:00,55.41183428,70.40322038,146.7622923,48.46018112,0.02975565,1
04-05-23 15:00,41.77003018,43.16797112,76.02204027,19.54447221,0.02756586,0
04-05-23 16:00,26.00554687,65.64460156,187.9570704,52.76245375,0.004348579,0
04-05-23 17:00,54.12379135,65.14977417,182.6520361,32.81560279,0.021998225,0
04-05-23 18:00,24.97289446,56.12393551,163.0988855,5.097793562,0.012311404,0
04-05-23 19:00,48.97519994,78.5197473,224.1394449,47.99753349,0.014625738,1
04-05-23 20:00,31.34756046,55.28264633,151.9042045,63.74609562,0.007017688,0
04-05-23 21:00,83.75840589,64.94277934,226.8719464,83.60360753,0.019193263,1
04-05-23 22:00,64.50102284,86.04750608,249.832146,103.1809842,0.099555396,0
04-05-23 23:00,51.59749073,77.54218743,188.4290851,67.5445437,0.060042211,0
05-05-23 0:00,70.55255473,77.43309788,106.6105768,75.95382953,0.007012948,0
05-05-23 1:00,38.02151107,37.84814899,141.928522,22.83618893,0.021068155,0
05-05-23 2:00,58.44756052,71.43375496,236.6370878,98.43660183,0.015271991,1
05-05-23 3:00,53.03708072,42.70916558,69.85559372,86.50261003,0.022332941,1
05-05-23 4:00,54.03000782,35.55332195,126.4246618,41.22643421,0.037179813,1
05-05-23 5:00,70.70418593,58.50187943,129.270447,68.43548471,0.017981014,0
05-05-23 6:00,61.52392622,42.23642576,100.4158738,65.53962529,0.010126122,0
05-05-23 7:00,54.4142163,77.54058666,209.1264403,93.23992106,0.042516111,1
05-05-23 8:00,27.91534088,78.10044668,174.4028795,46.29080637,0.004823991,0
05-05-23 9:00,36.52099446,25.47482893,108.5924766,33.01477351,0.02313637,0
05-05-23 10:00,48.17442348,43.63477431,190.0444329,38.47033597,0.002847858,0
05-05-23 11:00,51.40930401,32.54094558,140.2495596,74.83262869,0.006741308,1
05-05-23 12:00,34.32430459,50.60582396,99.11751744,13.06094692,0.033580752,1
05-05-23 13:00,91.99133452,69.8694664,108.4921153,2.02051162,0.010514455,1
05-05-23 14:00,75.04536176,55.00000522,178.3940354,74.75526903,0.000539464,1
05-05-23 15:00,59.39432128,48.13677989,213.9785547,57.09669073,0.010003797,0
05-05-23 16:00,51.08574223,89.83939556,120.9986453,50.46260609,0.008789224,1
05-05-23 17:00,46.8618981,19.56654925,185.8060815,22.47469029,0.00458285,0
05-05-23 18:00,36.62737185,88.26908789,263.8713121,16.02392491,0.029709174,1
05-05-23 19:00,51.16821101,49.01432046,80.82912069,35.34465439,0.002428886,0
05-05-23 20:00,53.93272447,58.36886231,172.9883734,59.43484752,0.011630012,0
05-05-23 21:00,32.91556069,49.34253804,206.055914,36.38543645,0.022187918,0
05-05-23 22:00,55.12432014,95.97140578,144.1074574,74.93304612,0.014867876,1
05-05-23 23:00,47.69521964,36.42241366,236.5927725,28.87920413,0.01402306,1
06-05-23 0:00,25.02261631,60.24667038,316.4366208,37.82553109,0.010003614,1
06-05-23 1:00,37.83448721,71.49349899,172.1670666,69.06350154,0.004955737,0
06-05-23 2:00,43.96698654,30.06193675,135.7280267,41.00331938,0.01102822,0
06-05-23 3:00,81.87867955,41.95145739,216.7883979,42.13772498,0.031818104,0
06-05-23 4:00,58.65804825,56.92118611,206.8837836,35.15502083,0.013620463,1
06-05-23 5:00,31.75128748,42.5592966,31.10876784,31.33790974,0.022754322,0
06-05-23 6:00,57.52677562,43.87035771,149.8290726,59.23075864,0.041617747,0
06-05-23 7:00,29.1845898,52.8364899,126.2717858,62.7945727,0.030676161,1
06-05-23 8:00,67.41258573,74.27414182,175.7383582,55.83350018,0.004466193,0
06-05-23 9:00,43.15508866,52.9791099,138.1213787,35.73445657,0.027769362,0
06-05-23 10:00,48.6042249,84.39145467,144.720024,45.08449946,0.040055546,1
06-05-23 11:00,71.64468646,40.54036745,100.5200201,97.53939308,0.01170168,1
06-05-23 12:00,32.34933652,36.06059655,199.1452752,20.53134947,0.002172626,1
06-05-23 13:00,30.99516645,106.0194635,269.8751274,107.8170398,0.013531508,0
06-05-23 14:00,41.58659828,46.83224267,101.3317896,52.5228283,0.023114986,0
06-05-23 15:00,66.6539134,35.04858329,74.39463748,45.5941768,0.03053137,1
06-05-23 16:00,29.51822136,27.96899513,151.252602,76.56124924,0.012481589,1
06-05-23 17:00,15.53877136,84.31094368,148.2139481,11.13911527,0,1
06-05-23 18:00,43.43616144,53.00733835,231.4098007,90.22383575,0.004465121,1
06-05-23 19:00,58.58052991,54.76864851,82.24083686,106.7965815,0.026147364,1
06-05-23 20:00,69.44455451,56.69478183,118.1141762,80.75037657,0.063739152,1
06-05-23 21:00,43.26709802,82.81088051,43.44432277,10.70167709,0.019650302,1
06-05-23 22:00,43.99787275,56.27821993,247.2799573,70.85605221,0.046176977,1
06-05-23 23:00,68.63999792,117.4670115,166.0356749,99.27789771,0.00644018,1
07-05-23 0:00,25.44980853,62.83580989,122.3240633,95.70894116,0.010896087,1
07-05-23 1:00,44.32313677,83.98856044,77.84844377,20.7459148,0,1
07-05-23 2:00,52.89261961,77.88265386,82.17967434,78.50786442,0.026324277,1
07-05-23 3:00,56.94007828,59.23659889,176.9213836,104.5614793,0.0080977,1
07-05-23 4:00,42.61280247,48.1904117,88.14427604,50.73924765,0.030662382,1
07-05-23 5:00,50.51780136,67.13654257,156.5652417,20.01349196,0.012719907,0
07-05-23 6:00,18.86686272,71.10237443,302.7257961,72.77631018,0.064612192,0
07-05-23 7:00,40.55956479,48.46747516,129.0006765,79.67829907,0.058337943,1
07-05-23 8:00,57.00830084,63.53461911,95.45597476,46.57793263,0,0
07-05-23 9:00,36.23049106,88.25260867,174.7510274,24.48538065,0.030507964,0
07-05-23 10:00,50.88824246,109.895928,82.40340855,77.43902047,0.009764706,1
07-05-23 11:00,56.90278254,79.03667613,275.2491139,32.55297958,0.031605572,0
07-05-23 12:00,44.97910194,104.3227639,249.5471183,60.40732143,0.003917019,1
07-05-23 13:00,52.58601446,47.37730941,139.9009877,96.23780605,0.049291208,1
07-05-23 14:00,36.48586551,75.47848534,98.74998648,16.78488096,0.039678057,1
07-05-23 15:00,46.94351903,90.79636139,124.4770629,75.16620638,0.00337605,0
07-05-23 16:00,59.52560632,42.38212017,132.0454082,44.96347765,0.017197651,0
07-05-23 17:00,52.37923493,50.15630428,174.8556882,45.58157473,0.022677454,0
07-05-23 18:00,41.54604989,101.0264694,221.4620329,63.65147505,0.033061349,1
07-05-23 19:00,53.41351906,40.9491507,91.66411118,32.50049919,0.019809258,0
07-05-23 20:00,61.22981401,34.53421396,219.3134767,24.76653149,0.034437099,1
07-05-23 21:00,23.45314007,95.58970458,190.8945639,14.94518365,0.018882768,0
07-05-23 22:00,68.72956366,87.28039105,119.8102578,85.34578585,0.030911153,1
07-05-23 23:00,45.06924617,69.35461698,89.16616299,41.12261601,0.003727323,0
08-05-23 0:00,56.56339068,59.04320836,157.3456051,65.22300653,0.019586162,0
08-05-23 1:00,69.39210405,51.079441,90.5120863,38.57996647,0.042370308,1
08-05-23 2:00,31.30638327,66.0401691,220.267588,25.00504982,0.048550899,1
08-05-23 3:00,39.8616915,96.91963114,87.33600165,67.58435047,0.022858462,1
08-05-23 4:00,45.75502991,65.09525934,186.0315295,58.52174269,0.018443321,0
08-05-23 5:00,38.85796677,112.5497133,145.0004712,44.24588478,0.047503102,1
08-05-23 6:00,79.03405356,42.35266802,116.8467463,57.82082529,0.018415706,1
08-05-23 7:00,37.88247701,59.58728516,143.6364768,28.75547784,0.042242262,1
08-05-23 8:00,41.97543053,52.37452713,224.49713,79.88961001,0.018327825,1
08-05-23 9:00,53.10761035,38.97832585,84.01277831,87.32071767,0.020644777,1
08-05-23 10:00,33.41292059,56.82039355,125.2594535,70.71224458,0.005985714,0
08-05-23 11:00,44.22135255,69.02516095,106.4067375,41.11547624,0.0046936,0
08-05-23 12:00,54.86257549,71.4210597,147.5953769,51.49423599,0.038520283,1
08-05-23 13:00,45.11788998,112.6457897,110.0201718,96.60465461,0.056469422,0
08-05-23 14:00,48.60791822,70.07741191,58.25159003,86.95331607,0.021724926,0
08-05-23 15:00,42.3402108,86.13709488,90.73379477,111.7732691,0.017423795,1
08-05-23 16:00,29.57656568,61.39453185,268.4531377,32.31465771,0.039499653,0
08-05-23 17:00,54.92732036,99.46297351,165.7857621,30.51650116,0.025739285,0
08-05-23 18:00,79.40378616,118.9962735,163.5432142,53.41342331,0,1
08-05-23 19:00,50.27636308,71.57586488,132.8159442,60.6690864,0.038860912,1
08-05-23 20:00,53.42970568,40.63221856,146.7894021,46.50350949,0.003971471,0
08-05-23 21:00,60.87070614,48.92687495,124.2451846,40.71345116,0.019812887,0
08-05-23 22:00,32.57124246,66.03985079,184.5989553,86.50375122,0.013520948,1
08-05-23 23:00,78.43627603,69.89904442,156.3615279,47.75639467,0.010980793,1
09-05-23 0:00,53.07586889,75.39862432,85.02695219,24.04993092,0.02075761,0
09-05-23 1:00,77.14081043,69.98182416,166.2440382,26.13572109,0.036693751,0
09-05-23 2:00,39.54184244,60.14675642,32.60110087,56.35973047,0.020504081,0
09-05-23 3:00,80.57627799,47.24695542,176.8938766,152.114078,0.048521726,1
09-05-23 4:00,62.22819845,68.66527134,73.83291695,28.45880498,0.05160349,1
09-05-23 5:00,58.60145462,104.1162017,144.0519166,42.42558532,0.05137363,1
09-05-23 6:00,53.56513426,82.97888225,83.89858546,127.4693774,0.019115798,1
09-05-23 7:00,46.3338372,71.65764541,150.1764978,38.59656523,0.013034591,0
09-05-23 8:00,69.44925114,83.21091748,188.1488437,62.00885477,0.019464246,0
09-05-23 9:00,52.12509894,52.41418816,257.4776283,107.4548912,0.041804205,1
09-05-23 10:00,24.36331766,49.71393212,67.91984709,28.92896802,0.040450813,1
09-05-23 11:00,34.49030866,45.13528665,216.6763447,42.5554201,0,1
09-05-23 12:00,47.24685236,57.39252603,158.3002503,38.59468273,0.02517422,0
09-05-23 13:00,54.74608412,51.40500963,123.0519082,18.96463492,0,0
09-05-23 14:00,49.15437492,87.56366133,200.955323,96.62287706,0.019695999,1
09-05-23 15:00,69.77045163,50.35710676,135.58866,36.39298626,0.012375476,0
09-05-23 16:00,24.54027052,44.10938719,197.9347575,30.39727756,0.008710587,1
09-05-23 17:00,52.17443654,106.4545299,93.89073803,39.48171724,0.035751796,1
09-05-23 18:00,26.03536008,50.82672955,112.8417969,75.80896847,0.01090036,1
09-05-23 19:00,61.9728472,63.25945408,214.3172897,52.86057328,0.019848197,0
09-05-23 20:00,48.59204173,69.78331776,256.076021,32.08854898,0.007690044,1
09-05-23 21:00,56.47022211,38.06755137,147.8178697,60.73095691,0.021195855,0
09-05-23 22:00,37.78804936,88.23478938,29.09533306,72.29579787,0.038118934,0
09-05-23 23:00,70.82900449,73.98838086,137.7971435,49.40757957,0.008265975,0
10-05-23 0:00,66.71106024,96.36890534,152.0329411,44.29631486,0.03146754,1
10-05-23 1:00,59.0936885,46.42835298,135.7767646,78.49291023,0.020913352,0
10-05-23 2:00,48.07401601,62.09638053,171.6999019,45.61669089,0.020763833,0
10-05-23 3:00,59.03409375,60.82879417,121.557788,97.96362742,0.014761831,0
10-05-23 4:00,39.89630858,65.64611409,206.6516547,32.78116,0.034168992,0
10-05-23 5:00,63.56531037,32.62694638,85.24773962,32.30664088,0.032085077,1
10-05-23 6:00,77.46300064,62.34599101,236.4818126,29.85562636,0.017918457,1
10-05-23 7:00,67.20536537,33.0964568,261.2963927,44.19998147,0.023366088,1
10-05-23 8:00,39.58828272,67.71762046,97.93583488,50.06262035,0.033543659,0
10-05-23 9:00,55.55188224,22.09508903,97.90799875,22.13103395,0.029544037,1
10-05-23 10:00,32.2750919,26.25923719,176.680481,52.4470176,0.015375891,0
10-05-23 11:00,58.91348534,78.19455605,84.2556782,65.09273075,0.04272795,1
10-05-23 12:00,56.96209463,48.96494089,120.6682661,19.80570762,0.036066408,1
10-05-23 13:00,25.44896805,40.71877581,226.2013289,37.78557331,0.067151815,0
10-05-23 14:00,33.92298404,89.11033093,199.3648052,65.15326337,0.002277534,1
10-05-23 15:00,45.83308418,67.04115897,297.2893367,26.32502136,0.032710122,1
10-05-23 16:00,45.57762038,79.45470607,160.8490126,42.40006423,0.042415364,1
10-05-23 17:00,33.32068043,56.55037112,114.0613632,80.75701966,0.039113757,1
10-05-23 18:00,55.98598539,126.7962869,153.2184749,104.5476125,0.016148183,1
10-05-23 19:00,53.83534311,47.85336444,140.7242899,61.57845646,0.003764082,0
10-05-23 20:00,47.12370352,101.1993036,141.5770677,45.85460788,0.051746083,1
10-05-23 21:00,39.23434829,58.71696184,148.5156679,38.21924941,0.012988326,0
10-05-23 22:00,66.83039353,29.36138868,96.9737159,75.25727155,0.015534745,0
10-05-23 23:00,77.57147941,70.48953803,168.1164909,82.18899017,0.065876652,1
11-05-23 0:00,42.98040945,66.758627,73.86453898,25.10113633,0.004492632,0
11-05-23 1:00,41.19224458,39.58015824,108.2813793,75.24730136,0.03511394,1
11-05-23 2:00,57.60939995,41.90912777,142.6548703,35.92935809,0.009643985,0
11-05-23 3:00,44.75774434,59.48226446,39.411405,30.72761404,0.009393559,0
11-05-23 4:00,47.92847357,67.52818942,201.6100589,46.22971454,0.022766766,1
11-05-23 5:00,61.64188406,17.27233665,46.97050378,77.74022153,0.032194445,0
11-05-23 6:00,25.00529936,83.77914769,194.5393167,58.02232809,0.037911855,1
11-05-23 7:00,71.51245589,49.98233492,79.22755454,57.29742513,0.040812323,0
11-05-23 8:00,51.09549032,34.69362987,125.6763367,59.18368671,0.010192397,0
11-05-23 9:00,43.99692944,81.09080696,184.0626452,62.34756253,0.005626531,1
11-05-23 10:00,48.66945042,59.50485915,316.3746241,47.18531106,0.014869912,1
11-05-23 11:00,49.43785188,87.75807011,157.359615,66.99506937,0.025921883,0
11-05-23 12:00,27.0290384,69.4847008,49.67069743,34.8134869,0.016836651,0
11-05-23 13:00,74.65891372,59.96819888,215.0631522,67.54662416,0,1
11-05-23 14:00,50.62159229,56.82766081,135.8278166,73.62790536,0.000780881,0
11-05-23 15:00,56.84128284,70.48648539,154.3984875,68.9447908,0.016325912,0
11-05-23 16:00,65.17869352,51.57235572,186.7337063,70.46785371,0.035877319,1
11-05-23 17:00,35.7253359,43.18629566,40.62772,62.2699412,0.00798081,0
11-05-23 18:00,57.32625412,73.36607528,150.4088094,83.46697771,0.033341318,1
11-05-23 19:00,46.05701539,56.99707043,125.4012264,8.690342951,0.00277732,0
11-05-23 20:00,63.41858237,60.70661079,235.3219649,73.53029542,0.024285042,0
11-05-23 21:00,22.61668519,84.6570992,198.6167768,111.0937355,0.024412906,1
11-05-23 22:00,48.52340518,57.62804306,64.19519137,35.61287507,0.028158972,0
11-05-23 23:00,41.32108291,60.31605146,238.47946,33.27183206,0.006917391,0
12-05-23 0:00,56.67079552,47.94672956,179.3077548,87.12182513,0.002423375,1
12-05-23 1:00,57.27160435,69.32384395,67.66113952,29.40805392,0.033198285,1
12-05-23 2:00,39.88634598,67.52995552,153.5032194,34.66545611,0.002568942,0
12-05-23 3:00,39.82458365,80.13337152,221.1018226,54.33536049,0.00944835,1
12-05-23 4:00,48.3522663,48.34137974,82.96567311,31.94118885,0.048077264,1
12-05-23 5:00,37.35433387,50.70023821,247.4848994,74.17261619,0.02280481,0
12-05-23 6:00,63.33869198,77.57610787,69.18897647,32.10605093,0.026308002,0
12-05-23 7:00,44.59820595,65.39189017,104.3045441,59.40600293,0.031166656,1
12-05-23 8:00,14.84575722,42.20126629,96.40460526,57.35485239,0.0304671,1
12-05-23 9:00,44.51816072,89.99826072,247.4340372,99.90277236,0.019660828,0
12-05-23 10:00,35.50041596,28.65963956,120.7580725,83.20633198,0.008014936,1
12-05-23 11:00,28.19192355,77.39263368,85.43679762,37.60300972,0.084557424,0
12-05-23 12:00,32.96982511,35.83168949,179.0149563,23.18451298,0.01557475,0
12-05-23 13:00,51.65309729,104.9358563,193.9467737,73.05579639,0.02562552,1
12-05-23 14:00,71.69489887,31.14208821,194.3946326,34.94598788,0.027623394,0
12-05-23 15:00,54.79585162,86.18878604,133.4830518,41.94611817,0.012324901,1
12-05-23 16:00,41.27029554,58.29567469,166.2971201,26.87401195,0.01373261,0
12-05-23 17:00,57.04641156,52.5029422,111.8972505,68.35846988,0.050456233,0
12-05-23 18:00,43.32440926,63.94488767,271.5048688,35.09153214,0.009814623,1
12-05-23 19:00,40.06346414,73.86885418,229.3680551,49.12764155,0.027109173,1
12-05-23 20:00,34.01711315,42.23449985,224.7215748,49.51356446,0.036741325,1
12-05-23 21:00,26.79147207,43.86672219,203.4159666,54.690099,0.01671129,1
12-05-23 22:00,44.3031849,74.27468189,184.1040679,67.85425906,0.0185243,0
12-05-23 23:00,52.39578325,28.51832792,81.51797269,44.1063759,0.038057485,0
13-05-23 0:00,48.55998108,48.24317449,191.98775,33.11345503,0.017859003,0
13-05-23 1:00,43.93352457,130.4068695,157.2199161,13.88510289,0,1
13-05-23 2:00,36.7082447,41.07730139,238.5367882,52.59733926,0.050847129,1
13-05-23 3:00,59.4936563,86.0800355,204.3752533,46.14897008,0.00724705,1
13-05-23 4:00,31.9778577,48.21004131,186.2162914,33.75249417,0.023586919,0
13-05-23 5:00,62.24263803,71.07863848,61.75562917,51.57554999,0.004125166,0
13-05-23 6:00,35.97118367,74.38374156,144.484993,73.59768582,0.012608923,1
13-05-23 7:00,39.27963023,85.6199064,116.9991964,81.50608746,0.013587785,0
13-05-23 8:00,30.14968094,55.85482203,166.1550016,18.69150522,0.022877744,0
13-05-23 9:00,42.73037191,107.7000706,125.0643152,41.36913011,0.008273967,1
13-05-23 10:00,65.58092127,48.14490852,133.2102654,76.79633869,0.063520254,1
13-05-23 11:00,58.00029365,65.00091749,179.9538918,97.54306681,0.02039432,0
13-05-23 12:00,65.63364151,65.24105674,124.111828,31.57216831,0.036425373,1
13-05-23 13:00,58.10477103,38.32688817,157.6881782,90.15739552,0.019858565,1
13-05-23 14:00,34.66303966,54.11926706,68.88843179,21.71587286,0.03893992,0
13-05-23 15:00,45.14758315,63.4309134,102.132261,82.66278639,0,1
13-05-23 16:00,38.90572374,51.20555099,193.5850819,43.19425159,0.010214071,0
13-05-23 17:00,71.72905314,120.196568,82.19322857,96.39783132,0.012468078,1
13-05-23 18:00,33.48047337,43.44383735,237.1688032,39.0451945,0.012364168,1
13-05-23 19:00,64.2041609,86.85447695,216.5966843,42.54082862,0.029105925,1
13-05-23 20:00,64.19167467,79.08594119,133.6673128,46.71856505,0.030428928,0
13-05-23 21:00,80.79181311,59.70918341,391.375319,18.66131567,0.018831627,1
13-05-23 22:00,44.02254421,42.95348993,236.9658126,15.25711298,0.019218548,0
13-05-23 23:00,61.19223525,44.75196263,96.07682032,63.53462673,0.076916478,0
14-05-23 0:00,89.43071265,49.5251219,199.9765327,77.64273212,0.025509578,0
14-05-23 1:00,41.11685609,27.28274097,154.1424693,66.29688884,0,0
14-05-23 2:00,29.33074485,40.43764035,105.0751844,23.36797417,0.034101018,1
14-05-23 3:00,25.33428722,32.16459811,89.998912,62.69646232,0.029890448,1
14-05-23 4:00,61.19863887,90.98044435,218.1197099,28.18641239,0.04258176,1
14-05-23 5:00,25.29900159,73.56145384,114.7736411,60.6898599,0.030648613,0
14-05-23 6:00,44.55383568,77.432089,143.6950006,82.1219919,0.007979669,1
14-05-23 7:00,56.75094063,72.88555558,97.52561205,59.591767,0.036616397,0
14-05-23 8:00,52.81192303,63.54813737,106.5985707,93.18312302,0.02161848,0
14-05-23 9:00,56.5626763,93.87466752,142.1635911,46.31780194,0.040022008,1
14-05-23 10:00,53.38376062,47.73353076,175.1655062,44.72457775,0.051954359,1
14-05-23 11:00,70.81848497,62.25713039,30.58730627,51.69739104,0.018094694,0
14-05-23 12:00,36.62216078,76.52538072,151.0592051,21.84202814,0.036313812,1
14-05-23 13:00,40.30339534,34.87299688,106.7076161,40.41333182,0.039743774,0
14-05-23 14:00,39.00711094,130.965889,249.4473919,42.4195975,0.022615602,1
14-05-23 15:00,63.14209562,60.60110502,385.8807992,43.14196932,0.062831796,1
14-05-23 16:00,64.31669644,63.01201997,128.3195489,56.92321963,0.040008176,1
14-05-23 17:00,56.97198408,88.76405224,60.15714225,19.56589491,0.011661829,1
14-05-23 18:00,69.15306226,80.46977689,157.386772,25.2969446,0.024364193,1
14-05-23 19:00,33.71716727,60.80181331,137.4138742,82.14648463,0.035982374,1
14-05-23 20:00,77.78799791,62.75811871,296.5267559,11.9059307,0.061781661,1
14-05-23 21:00,75.16883522,31.80657505,270.8269542,66.54901661,0.031090094,1
14-05-23 22:00,61.57546968,48.77869991,208.5791787,41.07964849,0.024882723,1
14-05-23 23:00,79.90179098,71.26267415,115.3968796,54.07997967,0.045012709,1
15-05-23 0:00,27.89505234,69.6173109,195.1166155,96.23548511,0.016633212,0
15-05-23 1:00,42.4083238,87.88134943,166.9842677,46.77205712,0.00710048,1
15-05-23 2:00,39.51111927,57.49125853,165.4321215,66.80803061,0.032745921,1
15-05-23 3:00,61.34272227,33.75382902,67.17911603,51.47446446,0.014378342,0
15-05-23 4:00,35.35068448,83.86635785,223.1266647,47.3014852,0.085578506,1
15-05-23 5:00,61.93622614,93.25140519,156.8077563,44.33372971,0.0242395,1
15-05-23 6:00,72.43641148,80.073401,143.7584296,69.00090714,0.032869646,1
15-05-23 7:00,60.91135057,56.60385688,114.651346,33.31567722,0.011131176,0
15-05-23 8:00,54.33678,83.56822043,104.1779317,25.54384978,0.045031249,1
15-05-23 9:00,36.15779362,134.2891048,170.4325794,51.8785139,0.019570994,0
15-05-23 10:00,38.01439207,62.43808869,59.03474793,54.93109711,0.018053946,0
15-05-23 11:00,70.30583099,35.03450919,203.0835222,14.3787049,0.01842196,1
15-05-23 12:00,62.29761993,48.2036092,90.78523982,49.73814424,0.004340706,0
15-05-23 13:00,49.41622973,73.72182635,46.76145412,23.84375791,0.016179865,0
15-05-23 14:00,43.9060052,30.16220479,283.7842725,66.84987453,0.029633544,1
15-05-23 15:00,23.71677944,63.60051068,100.7874397,14.66771578,0.002438476,0
15-05-23 16:00,35.08393862,68.20405361,107.9941355,109.2446466,0.039478127,1
15-05-23 17:00,82.32480923,95.77245467,228.631709,41.88817409,0.015922601,1
15-05-23 18:00,32.4327329,90.08900782,286.5354151,30.6204288,0.024095301,1
15-05-23 19:00,52.87809992,79.27754092,68.28796438,43.16590873,0,0
15-05-23 20:00,66.12660296,21.59951153,95.72504039,64.83508327,0.023751651,0
15-05-23 21:00,32.75099088,80.61462399,99.50730503,74.64056317,0.006574116,1
15-05-23 22:00,52.80477508,75.56240481,213.6682288,43.36795733,0.014747235,1
15-05-23 23:00,64.94841862,65.4730932,268.5662828,20.24222996,0.002291396,1
16-05-23 0:00,50.18764606,28.15583826,89.48588848,24.10156468,0.00822304,0
16-05-23 1:00,101.2537819,44.59281447,250.4306099,57.40574621,0.017463321,0
16-05-23 2:00,27.7552346,37.5389349,108.7017443,77.60762282,0.015873509,1
16-05-23 3:00,67.00183405,23.77521129,171.6855531,81.6831341,0.036499667,1
16-05-23 4:00,47.43783438,59.93879457,80.23371084,54.28707973,0.000579931,0
16-05-23 5:00,62.17466305,44.20051566,142.4685513,76.98949451,0.019186008,1
16-05-23 6:00,56.81435928,125.4697613,143.1295316,108.779969,0.01844413,1
16-05-23 7:00,39.54017505,56.49851522,130.8985544,84.00947585,0.013303849,0
16-05-23 8:00,53.48738523,89.67951212,174.9499023,75.60140921,0.007890541,1
16-05-23 9:00,25.58327603,30.74202811,93.14523792,31.78767389,0.041279216,1
16-05-23 10:00,59.41262006,49.28961115,99.45309507,76.84540011,0.06534281,1
16-05-23 11:00,54.56127546,62.04893919,178.5174012,62.16901814,0.001389038,0
16-05-23 12:00,59.98778934,42.16588247,244.6835612,67.53615991,0.007775394,1
16-05-23 13:00,66.99138927,51.40116575,148.5772669,86.29882411,0.006956452,1
16-05-23 14:00,55.64944195,55.49428487,183.0015288,59.3496374,0.015733416,0
16-05-23 15:00,52.24327177,55.17000172,200.8281125,47.46788898,0.044824976,1
16-05-23 16:00,37.56025636,104.1196874,206.0450075,26.68719335,0.029278036,1
16-05-23 17:00,39.82394696,68.15733468,95.85996105,42.85085784,0.017609371,0
16-05-23 18:00,69.20935836,70.41461739,105.05933,55.45722494,0.020262604,0
16-05-23 19:00,73.60809048,71.76959117,109.7275555,57.171701,0.015201105,0
16-05-23 20:00,46.48504004,73.42812054,292.8573826,56.27533441,0.033455147,1
16-05-23 21:00,50.69215746,58.26967872,183.3116191,76.74972401,0.035985892,1
16-05-23 22:00,37.24911154,53.41864355,180.2452013,73.8806857,0.030509666,1
16-05-23 23:00,68.9667113,63.54487865,173.6945063,48.45935881,0,0
17-05-23 0:00,60.4240319,86.30017599,77.91738356,30.97200655,0.02021077,0
17-05-23 1:00,82.88658668,85.55362064,293.6763982,60.02483834,0.017119815,1
17-05-23 2:00,37.59660527,55.03831915,181.3269448,121.2965358,0.038808906,1
17-05-23 3:00,44.47277149,77.0090935,198.3352703,58.34066014,0.023997221,1
17-05-23 4:00,53.52525605,55.97051686,58.35731197,42.86461415,0.02983769,1
17-05-23 5:00,60.11529179,60.71300236,202.374808,64.25726496,0.012811205,1
17-05-23 6:00,46.81149797,50.39234558,128.4980457,65.95811154,0.037677782,1
17-05-23 7:00,37.66764471,56.23494452,77.82459287,65.64171398,0.044307932,1
17-05-23 8:00,63.99799217,90.86668099,95.84776167,89.97640497,0.001909441,1
17-05-23 9:00,61.33706665,61.9536566,80.54385612,60.09952724,0.004301294,0
17-05-23 10:00,37.09544672,62.86838472,79.74631214,88.40545867,0.033943266,0
17-05-23 11:00,72.1688672,32.75008559,153.806235,55.91487608,0.017330881,0
17-05-23 12:00,68.92234566,53.64932563,126.7248384,94.67540972,0.039634175,1
17-05-23 13:00,52.03248301,55.01973635,171.5489492,84.53700939,0.024044565,0
17-05-23 14:00,51.20030376,43.61920518,271.6018627,75.59412775,0.03252608,1
17-05-23 15:00,58.61784658,60.45567773,142.0066452,71.59808577,0.009719293,0
17-05-23 16:00,37.81698613,51.26346806,39.93158678,123.4288928,0.025783081,1
17-05-23 17:00,50.45137408,61.68951197,135.2288744,80.39275601,0.0258343,1
17-05-23 18:00,22.34700175,62.57370768,233.132294,30.93109301,0.010401421,0
17-05-23 19:00,63.91500918,41.29935807,144.6730965,56.32891503,0.039037265,0
17-05-23 20:00,29.01586275,51.86570723,259.6162793,43.5923057,0.000451586,0
17-05-23 21:00,74.81156861,61.63384011,179.5397861,114.3980953,0.023452739,1
17-05-23 22:00,45.15717787,86.97413577,55.3835553,85.98422689,0.004318671,1
17-05-23 23:00,46.86979818,65.48995973,156.9209403,113.1852505,0.006778476,1
18-05-23 0:00,40.97804127,46.7565985,169.0918395,32.73291184,0.038692301,1
18-05-23 1:00,45.76238328,68.61790714,224.5252495,81.18292826,0.006030707,1
18-05-23 2:00,73.29020135,100.2321115,283.5937492,21.47259346,0.00563922,1
18-05-23 3:00,18.87206206,80.51136206,211.6766387,17.80134775,0.030295477,0
18-05-23 4:00,70.78512139,71.94773509,178.694122,40.5488192,0.005928978,0
18-05-23 5:00,55.18461209,76.02711534,195.0051504,94.67121411,0.039401604,1
18-05-23 6:00,33.35157654,93.34923633,139.6689323,28.14047783,0.03156023,1
18-05-23 7:00,35.02661085,84.32362217,71.41020459,49.58055174,0.009371888,0
18-05-23 8:00,77.95618899,72.383794,152.6038369,83.9611138,0.03856942,0
18-05-23 9:00,36.71138006,84.1544809,173.6312676,73.30957475,0.000257045,0
18-05-23 10:00,34.02995974,39.04028062,83.46414846,120.1391133,0.028229606,1
18-05-23 11:00,68.3532025,31.83763103,243.4734023,50.08433392,0.004719575,0
18-05-23 12:00,55.19291119,63.33609164,218.9032963,39.54437135,0.012448736,0
18-05-23 13:00,36.81082074,61.44937046,75.55528783,26.23163948,0.013291885,0
18-05-23 14:00,53.29630101,49.0216461,246.5575051,41.20627336,0.045428294,0
18-05-23 15:00,35.66587831,78.36595501,131.3006984,26.06381801,0.012733375,0
18-05-23 16:00,67.72412873,26.0852558,104.9805719,14.77051493,0.018760633,0
18-05-23 17:00,67.0470728,49.19875467,224.4438978,110.6495458,0.013565212,1
18-05-23 18:00,58.26312358,50.16870638,146.8247385,51.22984561,0.007174503,0
18-05-23 19:00,55.55571464,29.65388781,290.3405118,134.9337734,0.006699742,1
18-05-23 20:00,79.51960548,94.74068233,101.0590053,31.13100432,0.025225593,0
18-05-23 21:00,49.99529501,34.22791549,59.76323143,39.83141525,0.019579866,0
18-05-23 22:00,33.66871457,48.16407483,132.9444812,32.41936602,0.03394456,1
18-05-23 23:00,56.94413549,80.30421577,203.0636391,35.21280338,0.016302769,0
19-05-23 0:00,85.64229804,74.19301409,97.2111281,74.12964411,0.016777329,0
19-05-23 1:00,35.80834443,38.57040811,77.48372824,65.12026766,0.03401118,0
19-05-23 2:00,44.70871383,75.03096068,164.6224092,74.18426062,0.014461671,1
19-05-23 3:00,56.42011787,66.21143662,71.37383086,88.96186889,0.003183815,1
19-05-23 4:00,49.194333,117.1583292,169.7326562,81.36258169,0.03571576,1
19-05-23 5:00,36.23036662,68.72750053,129.4072037,27.83891108,0.010541304,0
19-05-23 6:00,68.08643289,57.06384564,182.3711382,37.72769357,0.021083606,0
19-05-23 7:00,90.18319978,43.1138523,75.00059271,53.08134447,0.011153338,1
19-05-23 8:00,52.98043943,45.20173658,241.2465624,184.886058,0.007277251,1
19-05-23 9:00,37.25631513,43.68169089,138.7613544,71.09980949,0.000435885,0
19-05-23 10:00,29.16487083,91.61294303,201.2179679,52.70136772,0.025771751,1
19-05-23 11:00,53.93619133,60.37785259,215.5203817,68.1917646,0,1
19-05-23 12:00,67.77670534,72.34944607,85.69776338,36.01338833,0.045830614,1
19-05-23 13:00,57.35330058,95.23861829,209.8113642,56.76723922,0.039707429,1
19-05-23 14:00,49.96394816,18.81578268,73.11821844,76.60069428,0.007929548,1
19-05-23 15:00,41.5081663,89.30962622,75.63005568,49.27763014,0.052979688,1
19-05-23 16:00,34.81036691,61.16793837,295.8937102,32.80328713,0.065713467,1
19-05-23 17:00,63.21807967,69.41991643,226.908143,48.07134179,0.015851042,1
19-05-23 18:00,64.5415529,43.63291019,305.4045096,42.31697241,0.027082217,1
19-05-23 19:00,29.20333377,44.99770692,127.6839737,21.59719901,0.022236022,0
19-05-23 20:00,76.37517265,70.62421914,156.4647413,36.69121161,0.051090956,1
19-05-23 21:00,58.94062608,118.6060138,184.6282898,20.99946272,0.003536157,1
19-05-23 22:00,72.95278485,82.57953597,149.2386695,23.66911254,0.016517178,0
19-05-23 23:00,31.66939067,88.97830375,106.7068125,25.38165078,0.037246243,1
20-05-23 0:00,31.37811329,56.02327006,98.8125131,76.56349059,0.035002054,1
20-05-23 1:00,47.78765221,47.93607895,163.6408119,93.88196434,0.019320567,0
20-05-23 2:00,57.79455858,44.51758058,90.15039943,18.6766304,0.048092568,1
20-05-23 3:00,80.17232455,50.10386863,88.76338813,96.99553291,0.02389919,1
20-05-23 4:00,61.08973114,23.21244248,175.5276443,25.64278897,0.021857986,0
20-05-23 5:00,46.41867505,45.56495588,144.1068723,70.34549197,0.032610295,1
20-05-23 6:00,35.65789564,48.70357721,213.8455255,56.66452187,0.0190368,1
20-05-23 7:00,69.96291,56.36360407,124.5263351,67.10921018,0.020811764,0
20-05-23 8:00,36.46007517,62.79278944,115.698654,24.93329428,0.009262814,0
20-05-23 9:00,77.07893816,67.80852419,177.5484721,14.54498469,0.092749007,0
20-05-23 10:00,45.81510488,59.68690133,103.2047517,31.86127549,0.013097753,0
20-05-23 11:00,76.38868242,48.29680928,111.4658098,61.21836678,0.033263304,1
20-05-23 12:00,60.64491705,24.55163423,113.6415156,110.4110262,0.061469262,0
20-05-23 13:00,47.96383542,48.41498922,137.1574682,27.43790212,0.003924378,0
20-05-23 14:00,42.47882701,40.99702697,279.6264718,47.55836938,0.030899396,0
20-05-23 15:00,45.00260002,70.11322903,75.32398325,32.95637897,0.020372213,0
20-05-23 16:00,56.60820557,80.33524069,241.0392633,49.57023565,0.05837889,1
20-05-23 17:00,51.16330057,81.03136588,199.3776481,12.91416231,0.007932617,0
20-05-23 18:00,41.44544087,76.75547363,262.6687142,94.18348489,0.009661586,1
20-05-23 19:00,47.54296261,57.22270324,405.0756742,50.60263516,0.019208942,0
20-05-23 20:00,51.1848298,49.44758954,251.7601603,75.45272017,0.012834439,0
20-05-23 21:00,22.60049743,45.14808596,212.99534,44.35670275,0.013284366,0
20-05-23 22:00,57.08243974,31.75135223,78.30485806,54.87471909,0.064798446,1
20-05-23 23:00,36.26403531,82.30458836,84.30384818,82.04487163,0.022081103,1
21-05-23 0:00,34.03018958,56.37685412,173.2903083,53.34496854,0.009292227,0
21-05-23 1:00,27.53696574,36.15690003,61.17101638,54.27703434,0.014216071,0
21-05-23 2:00,26.30966283,43.6683131,190.737546,32.04250107,0.026970076,0
21-05-23 3:00,31.50552539,42.92102188,43.91473071,37.49623659,0.025739332,0
21-05-23 4:00,39.86739635,60.90629084,229.9804372,27.7569956,0.01176348,0
21-05-23 5:00,83.11410832,84.12605629,130.514677,33.18357017,0.001902955,0
21-05-23 6:00,42.3883543,52.87386455,158.0084698,85.97745062,0.019199019,0
21-05-23 7:00,52.69784669,20.30765704,106.587098,105.0284357,0.018776544,1
21-05-23 8:00,56.16760614,56.08089676,52.96851454,23.4852118,0.010914369,0
21-05-23 9:00,51.98315588,56.7565229,236.3152895,60.34777684,0.045389985,1
21-05-23 10:00,48.84434558,55.35255882,244.1859265,42.3604987,0.030183666,0
21-05-23 11:00,33.49932073,47.41387678,128.7732766,90.7787777,0.022211622,1
21-05-23 12:00,73.86910397,64.63714033,193.9995023,53.42606729,0.014618957,0
21-05-23 13:00,80.37390936,61.39552539,126.4860629,49.81327504,0.056738623,0
21-05-23 14:00,27.59145987,59.47948822,168.5299736,33.04481118,0.005526857,0
21-05-23 15:00,35.68820569,68.92087793,200.9039539,18.74454929,0.012794286,1
21-05-23 16:00,45.88113869,51.2506451,186.5415234,70.76054419,0.013376021,0
21-05-23 17:00,36.46226623,50.13684936,244.5997979,59.19824599,0.025051502,0
21-05-23 18:00,57.84548444,91.83969952,184.0454652,59.86349575,0.031884464,0
21-05-23 19:00,39.60629736,72.21578132,151.760021,36.09440136,0.003974101,0
21-05-23 20:00,87.16330879,78.39162696,105.8898676,46.41953418,0.010452312,1
21-05-23 21:00,69.27563487,88.00319497,121.4672181,71.65415457,0.027763467,1
21-05-23 22:00,53.23379818,71.45975371,204.5653119,77.4464514,0.010684914,1
21-05-23 23:00,66.45949473,80.78902057,69.66873993,24.70459565,0.014055855,1
22-05-23 0:00,67.81152211,30.57524831,226.4498152,35.36968757,0.022851734,1
22-05-23 1:00,41.85882445,64.34974952,132.9027679,21.04824223,0.007201954,0
22-05-23 2:00,38.42295192,56.21299136,102.8578247,55.15313241,0.024672985,0
22-05-23 3:00,51.17825228,99.45330177,88.57290785,74.45462055,0.030926646,1
22-05-23 4:00,63.66695868,80.77134552,194.8766181,43.26515909,0.020618609,1
22-05-23 5:00,52.10524377,47.3568427,149.0862016,34.74672096,0.048901298,1
22-05-23 6:00,28.83197067,68.03714056,264.4428761,41.95473565,0.033185474,1
22-05-23 7:00,38.60216043,63.56348355,80.62993244,123.6150762,0.019350276,1
22-05-23 8:00,48.89587903,69.85058567,115.8704126,84.06028028,0.015167145,1
22-05-23 9:00,48.87074122,40.16136811,144.2872061,69.87799992,0.057312627,1
22-05-23 10:00,83.47905529,67.75476355,106.4006849,58.30902776,0.010729263,1
22-05-23 11:00,31.13114344,55.28690122,150.3826411,49.68195042,0.015867473,0
22-05-23 12:00,57.83945911,66.05111185,170.5812823,29.80014154,0.013946782,0
22-05-23 13:00,74.55415447,45.57501233,181.6886148,26.83929906,0.026839597,0
22-05-23 14:00,89.23123013,48.22712177,257.7466822,36.7698007,0.07133969,1
22-05-23 15:00,44.09757593,86.71754006,78.72721544,28.88459118,0.024129306,1
22-05-23 16:00,57.6129447,39.57612968,171.7945122,35.91298574,0.01515801,0
22-05-23 17:00,58.87103222,40.90116308,112.0772838,47.4837575,0.023125536,0
22-05-23 18:00,52.97043908,58.92078454,177.9853053,49.3693808,0.004165055,0
22-05-23 19:00,48.52709236,44.68402425,178.0745464,35.6450869,0.017101238,0
22-05-23 20:00,56.72970538,42.58931224,94.16159776,63.11593638,0.055977058,1
22-05-23 21:00,18.42857896,62.22315683,98.55043185,45.38201092,0.031906532,1
22-05-23 22:00,60.69626114,31.79145186,183.5483632,55.50575229,0.044241319,1
22-05-23 23:00,51.90858942,40.35677487,151.4660685,33.0484849,0.039294155,0
23-05-23 0:00,46.71237163,109.4649702,136.5630375,68.76203099,0.010166397,1
23-05-23 1:00,84.89257778,69.96565223,193.7218569,37.48702855,0.061558909,1
23-05-23 2:00,40.33152565,45.15820486,198.9448763,97.97619612,0.001046269,0
23-05-23 3:00,44.11633042,69.04487242,118.5811663,44.52707948,0.025651622,0
23-05-23 4:00,83.83958409,72.39673582,101.1026462,47.65979368,0,1
23-05-23 5:00,38.21140644,82.36599288,80.68470097,65.89675403,0.001393347,1
23-05-23 6:00,42.05089758,57.35397637,152.0975976,72.27355705,0.037594889,1
23-05-23 7:00,47.81623512,81.9367734,73.20479372,75.52679961,0.010372499,1
23-05-23 8:00,63.3178517,23.42551933,156.2735947,103.8478394,0.04456739,0
23-05-23 9:00,53.16021949,39.49120956,234.9364501,67.86141542,0,1
23-05-23 10:00,32.28150008,63.48158019,128.6583672,48.33879935,0.01860737,0
23-05-23 11:00,42.30067493,67.08529159,118.2123226,37.6004265,0.004980469,0
23-05-23 12:00,41.25856291,42.09959237,298.8136008,46.70802295,0.015067438,1
23-05-23 13:00,48.84764741,65.54876791,258.0315612,93.70732709,0.051965728,0
23-05-23 14:00,56.5689977,47.48311976,105.7202925,21.096869,0.058300501,1
23-05-23 15:00,56.44798239,54.29891853,158.8042718,31.53711997,0.028996151,0
23-05-23 16:00,26.51404144,83.09549183,171.1905665,44.66919699,0.002114521,1
23-05-23 17:00,67.09108524,80.32693849,162.9776418,31.27036038,0.005061307,0
23-05-23 18:00,53.85232371,40.55292707,283.1753288,40.28198399,0.022637732,1
23-05-23 19:00,72.6849097,39.47439028,155.4975226,104.9433131,0.009053925,0
23-05-23 20:00,56.86028706,51.61895404,165.164862,42.81425239,0.031826344,1
23-05-23 21:00,67.73275662,59.43940072,195.886928,60.79957775,0.055240977,1
23-05-23 22:00,57.2158442,46.83337737,232.8654358,16.79392913,0.007174202,0
23-05-23 23:00,72.00571013,83.47789634,213.8228802,26.08517207,0.008082421,1
24-05-23 0:00,58.10650527,67.47620623,185.3675106,75.92678639,0.005293319,0
24-05-23 1:00,48.5408587,68.77514498,67.15853266,100.0476676,0.0161258,1
24-05-23 2:00,89.25048037,35.8088655,120.9210629,55.68233289,0.020843823,0
24-05-23 3:00,64.12594384,86.55695649,205.2425321,42.63053137,0.020346701,0
24-05-23 4:00,58.93534898,12.70648301,166.0261156,63.14256986,0.036780481,0
24-05-23 5:00,32.48438672,78.55863723,205.7279707,5.304135293,0.026750826,1
24-05-23 6:00,32.33512226,80.92995413,289.3162533,55.88552336,0.019070916,0
24-05-23 7:00,54.47641459,51.20003125,84.751254,27.13027716,0.020659669,0
24-05-23 8:00,52.20399439,89.16156519,228.8884233,71.74407555,0.021390131,1
24-05-23 9:00,41.16530805,58.68092334,130.0071237,9.611050804,0.01908516,0
24-05-23 10:00,52.13461662,61.31691235,213.7086394,35.4751697,0.010541618,1
24-05-23 11:00,76.35313944,67.30302423,147.4338984,48.98064111,0.005093007,0
24-05-23 12:00,60.91462172,131.8657491,310.0826735,32.69619785,0.022337163,1
24-05-23 13:00,34.18677277,90.94436587,158.2319692,41.0358556,0.012759099,0
24-05-23 14:00,48.33980181,75.46113266,112.4294118,75.06486325,0.029228865,1
24-05-23 15:00,38.57347382,42.08092383,177.2999321,49.3893998,0.021167267,0
24-05-23 16:00,44.33481248,63.04631339,170.8760573,29.33342178,0.020239299,0
24-05-23 17:00,43.96684293,43.91615022,228.9026584,76.1630585,0.038659145,0
24-05-23 18:00,43.06346156,78.27812716,179.2078078,56.46349592,0.003445015,0
24-05-23 19:00,32.74833422,62.97940295,341.4472098,57.56883377,0.057698714,1
24-05-23 20:00,48.10147549,38.28186824,143.1117068,30.07695216,0,0
24-05-23 21:00,41.90516637,61.71348805,143.8332979,5.780732459,0.049527156,1
24-05-23 22:00,14.63993928,43.24449819,114.445192,29.8099406,0.023334398,0
24-05-23 23:00,85.0092745,63.20984017,155.3983055,27.85068276,0.012439168,0
25-05-23 0:00,67.51696417,43.06639711,164.761525,35.79597554,0.002950959,0
25-05-23 1:00,44.49709136,60.57837366,168.0501343,31.07977124,0.011486329,0
25-05-23 2:00,50.2826399,76.60467462,154.2263148,52.85556559,0.017461538,0
25-05-23 3:00,33.7979587,58.89012994,114.1174655,74.34977213,0.023232668,1
25-05-23 4:00,78.31131925,52.02053685,99.55992988,80.37840594,0.049398814,0
25-05-23 5:00,82.05903481,64.33078248,127.3961741,73.03306755,0.021190796,0
25-05-23 6:00,52.37495885,75.36993045,229.1647531,29.9765674,0.025421,1
25-05-23 7:00,66.40057464,38.58793352,245.8454127,51.48292774,0.02596956,1
25-05-23 8:00,52.66002714,65.5756917,145.2252577,96.4783786,0.01508124,1
25-05-23 9:00,31.73595332,90.27222791,96.47053549,17.91579039,0.01703552,1
25-05-23 10:00,43.99224795,72.5404197,144.9661843,89.15892387,0.018323077,0
25-05-23 11:00,51.99632449,61.21784039,306.9794755,28.07408216,0.03120061,1
25-05-23 12:00,43.38839785,74.04838376,218.4231101,57.60302632,0.007893457,1
25-05-23 13:00,46.76801009,69.80955514,186.2413233,60.83080258,0.012664627,0
25-05-23 14:00,48.63736052,76.67749524,215.7283808,54.8560268,0.026082361,1
25-05-23 15:00,48.79336386,23.64188492,260.5254861,120.6100967,0.006252714,0
25-05-23 16:00,50.78660831,30.99726013,85.92046528,42.75070199,0.021857152,0
25-05-23 17:00,35.21580711,82.61593457,126.4196798,17.0765646,0.012162451,1
25-05-23 18:00,39.75886992,31.7879354,118.6321773,59.29234022,0.028850522,0
25-05-23 19:00,32.38139275,68.67416126,188.7628697,45.83574117,0.047643336,1
25-05-23 20:00,65.62335649,52.79286566,160.1607436,64.79344335,0.012175821,0
25-05-23 21:00,22.84904492,40.56861536,200.7014963,74.38665709,0.033845545,1
25-05-23 22:00,68.63462583,67.52602733,119.8611493,49.16116319,0.023330376,0
25-05-23 23:00,72.71720561,64.28232528,247.0405177,61.47886114,0.014300826,1
26-05-23 0:00,45.5586043,110.9975149,145.6954862,53.66836205,0.02010624,0
26-05-23 1:00,17.72926638,47.46454827,196.3034581,104.4297679,0.045821385,1
26-05-23 2:00,44.71088689,93.35318826,233.2868864,41.14790422,0.017339449,1
26-05-23 3:00,49.04135719,67.58718407,227.1562832,34.23944142,0.046087008,1
26-05-23 4:00,35.86233546,46.77396538,173.3329584,74.34533335,0.018123712,0
26-05-23 5:00,42.53717409,77.74236796,205.2371578,29.36063,0.003386017,1
26-05-23 6:00,75.29442533,72.36059868,277.0540827,60.26530837,0.017716752,1
26-05-23 7:00,60.41603557,60.7546363,183.6827945,45.8465526,0.002818142,0
26-05-23 8:00,36.98635709,65.69857231,107.5914031,47.49778053,0.015219429,0
26-05-23 9:00,28.58833556,47.99786262,188.4803596,128.7539771,0.014682567,0
26-05-23 10:00,45.20168056,43.68135693,147.6782632,85.42107891,0.058972584,1
26-05-23 11:00,46.84371211,76.81341427,36.32858506,78.67036256,0.053520075,1
26-05-23 12:00,57.68920144,55.37249539,180.1555295,64.10878163,0.021388243,0
26-05-23 13:00,42.25681329,58.32787697,157.3723099,34.1467223,0.043783856,0
26-05-23 14:00,57.93412545,65.9937037,230.2999231,56.74216019,0.014110717,1
26-05-23 15:00,82.77213176,65.6766221,106.4949894,65.60390924,0.003275173,0
26-05-23 16:00,62.89755725,33.04860535,69.49611563,55.09342136,0.029281027,0
26-05-23 17:00,49.28098489,89.49296046,160.7132731,52.39569106,0.026173916,1
26-05-23 18:00,47.28628703,62.56685286,174.6282958,40.53766537,0.007636412,0
26-05-23 19:00,44.77711871,55.805884,155.9173868,57.06080514,0.008101127,0
26-05-23 20:00,69.10352665,69.32620853,151.2968658,37.68939195,0.037681425,0
26-05-23 21:00,40.98382047,65.05131438,90.05762918,69.069992,0.00156634,0
26-05-23 22:00,50.68038573,76.99089423,141.4334668,11.79572058,0.029865596,1
26-05-23 23:00,50.77058975,71.73179676,128.9529554,89.5071414,0.015265072,1
27-05-23 0:00,42.72502448,75.84772562,223.9485206,22.36975477,0.029892352,1
27-05-23 1:00,31.29667846,91.10864882,174.5711616,26.73572426,0.038743136,1
27-05-23 2:00,54.94893008,79.72730404,133.0888743,60.72283988,0.008304145,0
27-05-23 3:00,49.08866191,56.66842311,275.5734792,64.3731573,0.00565722,1
27-05-23 4:00,57.75384757,38.31043623,133.6271383,114.9146675,0.04991057,1
27-05-23 5:00,42.28072469,99.19608151,186.7284264,57.6704668,0.019094829,1
27-05-23 6:00,69.80272413,55.09257776,139.734593,48.99354061,0.025566221,0
27-05-23 7:00,37.61712555,50.40049026,267.9109834,54.89227082,0.037060841,1
27-05-23 8:00,78.61168619,28.05306689,155.4740037,97.35114799,0.007391616,0
27-05-23 9:00,26.83968572,67.27978128,157.3572029,128.2431457,0.036871996,0
27-05-23 10:00,56.71057598,63.15986951,141.3754849,45.48244598,0.03147184,1
27-05-23 11:00,57.35749457,31.62594624,162.513697,64.45311609,0.050003268,1
27-05-23 12:00,38.69955503,69.82694092,233.6044611,48.15687164,0.04957132,0
27-05-23 13:00,56.54601928,49.91026245,207.1579512,47.6699999,0.021027057,1
27-05-23 14:00,70.82994807,126.9031501,151.759491,107.5687593,0.03375018,1
27-05-23 15:00,21.66200318,48.52967322,273.6998619,29.42764458,0.020718774,1
27-05-23 16:00,57.79392445,51.14502988,209.1342262,7.989576064,0.022387194,1
27-05-23 17:00,18.81733708,42.77754945,123.7656962,58.23842174,0.005761222,0
27-05-23 18:00,36.44753646,89.28485955,75.16039736,84.35241327,0.016559272,1
27-05-23 19:00,77.09167852,52.38015101,125.0950561,55.64247923,0.000947303,1
27-05-23 20:00,41.61173983,45.56505357,176.8594419,63.311714,0.017857015,0
27-05-23 21:00,33.7697947,75.59573329,189.4649129,70.50812193,0.046348223,1
27-05-23 22:00,47.07011341,33.8706497,246.0296367,52.80968063,0.03426239,1
27-05-23 23:00,85.2948317,73.71346626,88.7790619,64.8361251,0.021833769,1
28-05-23 0:00,25.87982615,102.1694715,123.7099361,64.36384047,0.016889749,1
28-05-23 1:00,35.33560386,72.38033114,84.71838668,12.54328097,0.012230718,0
28-05-23 2:00,74.70377689,74.00623603,77.07934925,52.88556935,0.007834821,0
28-05-23 3:00,81.31659315,79.40677173,113.1262666,18.10136669,0.035109359,0
28-05-23 4:00,48.45922965,100.2885209,173.7196925,49.05008356,0.002508445,1
28-05-23 5:00,32.94946106,87.60353825,201.7824484,38.35388593,0.002354032,1
28-05-23 6:00,85.83021251,69.52302836,96.12412141,79.05781918,0.036923314,1
28-05-23 7:00,76.45888242,80.20724891,103.3498201,56.28953177,0.023455258,1
28-05-23 8:00,60.64517383,42.5726876,57.76767475,62.50155556,0.020723233,0
28-05-23 9:00,38.47396234,77.20611301,163.6726942,45.32369218,0.023441592,0
28-05-23 10:00,49.26696376,40.40003882,107.4574829,79.62578779,0.064282705,1
28-05-23 11:00,47.62031414,52.49458739,270.5335013,17.72121122,0.020906042,1
28-05-23 12:00,55.07223215,9.519478667,176.6207095,30.01821262,0.024950707,0
28-05-23 13:00,73.87042675,68.6717415,139.4610029,87.12143607,0.065635737,0
28-05-23 14:00,63.96462995,47.10054452,112.3966241,39.67815637,0.018994672,0
28-05-23 15:00,35.00009806,85.18601505,69.98734564,10.16798485,0.056561608,1
28-05-23 16:00,72.54218923,68.42242023,75.73445313,92.64653195,0,1
28-05-23 17:00,54.79503384,85.50140116,113.4385465,80.40277569,0.005459814,0
28-05-23 18:00,60.77804635,39.00574477,109.2493613,69.29066766,0.010651009,0
28-05-23 19:00,74.14885498,83.42347512,93.54182605,52.38688766,0.030367008,0
28-05-23 20:00,34.56190691,110.8749296,174.4216231,99.79291743,0.057824973,1
28-05-23 21:00,49.46389979,76.92323116,183.7284141,86.21782178,0.011594095,1
28-05-23 22:00,42.31062567,77.53430652,122.5975372,95.88397695,0.038522972,1
28-05-23 23:00,28.9402918,63.60469626,293.4159026,68.83867477,0.070811129,1
29-05-23 0:00,55.32085747,49.3948716,59.13579547,53.11513274,0.052381599,1
29-05-23 1:00,93.98126459,76.85416057,153.6555419,40.49887601,0.014027367,1
29-05-23 2:00,25.78471994,31.77468748,136.6254011,23.10740709,0.03616021,1
29-05-23 3:00,49.51683287,51.48892139,117.4008236,63.30728979,0.025776098,0
29-05-23 4:00,60.01843928,27.51277045,109.3164728,65.661863,0.01075341,0
29-05-23 5:00,51.86132127,45.96591452,149.565298,41.62250764,0.027384428,0
29-05-23 6:00,48.31587717,74.10127978,136.2096876,66.47183892,0.013092529,0
29-05-23 7:00,32.19971771,70.9963946,126.4291203,42.02658055,0.02203605,0
29-05-23 8:00,53.54599081,61.07307591,78.95005896,73.94298468,0.003645577,1
29-05-23 9:00,39.22123206,63.62197562,64.57772652,30.2816575,0.001116881,0
29-05-23 10:00,21.9469315,25.73157106,132.4671708,26.96199268,0.01566172,0
29-05-23 11:00,69.34593388,52.38439609,125.8390811,44.15916619,0.025393907,0
29-05-23 12:00,65.29429068,46.38797628,137.9181374,72.78029058,0.005770411,0
29-05-23 13:00,50.77758351,46.81128601,143.2819298,25.05871464,0.029251684,0
29-05-23 14:00,53.48859554,73.13039298,118.9816558,79.54770399,0.020689475,0
29-05-23 15:00,67.26892938,43.04005543,136.9952375,17.02958398,0.031672509,0
29-05-23 16:00,53.41542313,47.85016054,101.0255442,44.01400369,0.037812914,1
29-05-23 17:00,64.37751106,22.70533289,259.181078,20.66344925,0.046912821,1
29-05-23 18:00,45.62626265,53.95317588,103.8537466,5.187239969,0.030744165,1
29-05-23 19:00,71.40105741,38.93049729,127.6394658,59.5641559,0.015537314,0
29-05-23 20:00,54.91468937,61.67267116,107.9064219,45.64957266,0.023128811,0
29-05-23 21:00,52.94843531,41.38364079,107.0044198,20.92818296,0.073542146,1
29-05-23 22:00,32.56213884,62.21178078,151.5437412,37.88532319,0.038680857,1
29-05-23 23:00,54.38668148,56.99299998,143.6730729,61.63125927,0.021159929,0
30-05-23 0:00,38.21282522,99.30646277,122.5503487,41.20286086,0.01765944,1
30-05-23 1:00,40.83316394,70.81241617,132.7649024,45.15139467,0.011501841,0
30-05-23 2:00,38.43420299,26.44400593,108.1204424,40.51488866,0.005233144,0
30-05-23 3:00,35.14333295,35.83724996,176.0761533,36.45967403,0.056082768,0
30-05-23 4:00,86.38622456,61.16394008,303.7924497,36.17984754,0.028342869,1
30-05-23 5:00,71.74254963,41.77011889,99.91450374,35.55330624,0.004528306,0
30-05-23 6:00,82.49332388,10.88107967,175.5539436,32.87310067,0.018041712,1
30-05-23 7:00,33.15204694,91.07238547,152.8214323,27.67229995,0.045170238,1
30-05-23 8:00,51.07388335,75.90278831,194.4717544,40.93973639,0.013448224,1
30-05-23 9:00,32.2705476,71.3476397,196.4626826,35.23032666,0.008958379,1
30-05-23 10:00,40.0485682,47.79947797,163.0914598,26.6531481,0.026090153,0
30-05-23 11:00,37.07105241,69.25557332,147.5207281,70.91070174,0.031829892,1
30-05-23 12:00,70.13032861,45.95261839,123.9793444,85.37407362,0.013464973,1
30-05-23 13:00,44.21355279,64.36495307,105.700964,49.99743067,0.011485722,0
30-05-23 14:00,67.16712441,41.93896247,144.0034207,51.67508067,0.028005815,0
30-05-23 15:00,59.42677539,95.29075346,79.61420883,34.12483539,0.005798306,1
30-05-23 16:00,89.86133278,30.72349499,114.9999902,80.09145167,0.012257753,0
30-05-23 17:00,29.99709186,88.15574557,226.5291012,102.5183486,0.018117711,0
30-05-23 18:00,70.47416695,60.81950405,156.2152418,45.98563953,0.033463018,0
30-05-23 19:00,68.51093973,50.08056001,210.5726248,37.77955624,0.013705943,1
30-05-23 20:00,36.34678379,63.54889632,254.8118618,58.88669772,0.029964467,1
30-05-23 21:00,66.1213176,76.2070071,139.1236956,53.27314574,0.042735473,1
30-05-23 22:00,55.15516788,91.50367643,163.2157686,38.24657961,0.01266643,1
30-05-23 23:00,46.63960155,66.72309132,131.6812973,62.44597237,0.102728658,0
31-05-23 0:00,38.31983738,42.48539148,103.1741087,76.09435927,0.048758875,1
31-05-23 1:00,39.73047663,61.17287467,95.88837481,32.20707165,0.024581945,0
31-05-23 2:00,84.94891106,103.1037645,206.9623136,132.9366598,0.017190555,0
31-05-23 3:00,50.01024275,91.02559413,163.3003571,18.72618104,0.012040022,0
31-05-23 4:00,62.34367736,80.32280963,285.8723494,30.88386312,0.054859774,1
31-05-23 5:00,38.76203111,77.65910417,216.4225615,56.01342388,0.023500926,1
31-05-23 6:00,38.91037642,75.42229755,107.5072228,121.3171444,0.003189494,1
31-05-23 7:00,67.40046327,86.34792067,206.7584361,36.88475757,0.001400135,0
31-05-23 8:00,31.57771278,50.72356027,131.4912053,26.76378779,0.021836996,0
31-05-23 9:00,43.94419595,34.29757999,234.9382171,64.63603557,0.022205353,1
31-05-23 10:00,50.51156903,61.45621574,121.0232565,43.97053735,0.007850974,0
31-05-23 11:00,51.68299288,43.83344615,90.8689799,67.95908779,0.002649568,0
31-05-23 12:00,47.34567513,39.51416733,104.0646645,48.24551591,0.000151732,0
31-05-23 13:00,56.09397002,45.65235173,106.7855985,30.77503989,0.009580465,0
31-05-23 14:00,60.87288544,121.4567704,101.7204029,125.2735542,0.01459079,1
31-05-23 15:00,61.55925551,62.88641219,116.1792642,2.325506459,0.032503982,1
31-05-23 16:00,36.18475202,67.79653049,207.9467677,105.4457761,0.017965617,1
31-05-23 17:00,45.81841765,36.5716373,281.6074118,75.94448095,0.040420002,0
31-05-23 18:00,69.34890122,26.38032532,77.47958016,33.02797789,0.030779478,1
31-05-23 19:00,64.2201014,43.80616534,238.5483564,107.3283738,0.029001896,0
31-05-23 20:00,31.2918513,93.3047171,121.5127228,21.35689188,0.038544762,0
31-05-23 21:00,55.39573663,67.18739492,172.4687917,78.25163719,0.003581652,1
31-05-23 22:00,24.2399964,73.10797105,63.03306763,10.94610417,0.012282771,0
31-05-23 23:00,50.70622642,76.32810651,184.3998648,25.29215568,0.075723008,1
01-06-23 0:00,82.0680249,48.10620416,48.79564205,25.24715901,0.000401472,1
01-06-23 1:00,36.68010984,92.03694996,170.2122734,32.92403975,0.015501361,1
01-06-23 2:00,38.18124926,47.3117086,166.475587,50.28993025,0.028298531,0
01-06-23 3:00,62.04418823,92.49711372,162.1568806,31.39730176,0.000537686,1
01-06-23 4:00,29.23821379,69.58179207,107.3086732,11.5306349,0.009656698,0
01-06-23 5:00,40.90905348,27.23107561,186.1572945,62.23062906,0.063887945,1
01-06-23 6:00,59.30235909,45.13107807,175.3602628,51.23096165,0.022814198,0
01-06-23 7:00,40.88803082,27.29529916,137.1424321,60.72484823,0.011798748,0
01-06-23 8:00,46.51613203,86.45876277,194.6989412,54.38661503,0.023500416,1
01-06-23 9:00,61.71659803,59.48147392,144.0795818,76.58757697,0.011774829,1
01-06-23 10:00,56.50089235,20.65307381,184.7262041,48.13003393,0.056198536,0
01-06-23 11:00,54.073468,68.10246309,142.2276157,78.38860998,0.007089971,1
01-06-23 12:00,45.02816973,49.15236866,163.825633,32.41269967,0.01245526,0
01-06-23 13:00,55.68786196,32.14259677,187.9020226,33.58270186,0.002804629,0
01-06-23 14:00,48.15931957,99.4606366,126.0804706,90.08143814,0.015534741,0
01-06-23 15:00,57.07667013,62.27026857,82.01932969,89.40522899,0.017298367,0
01-06-23 16:00,42.79296106,53.96709353,167.7122556,65.33109371,0.04341892,1
01-06-23 17:00,47.29479681,51.85138983,232.8248723,30.14384082,0.006833528,1
01-06-23 18:00,36.13064954,31.65615328,169.2338836,28.5797503,0.028439746,0
01-06-23 19:00,49.47611138,35.15724486,170.4911819,88.49286072,0.021410199,1
01-06-23 20:00,38.49270945,89.4597692,147.3746663,86.67565124,0.000464646,1
01-06-23 21:00,34.53040274,50.3853072,199.4726941,48.42264306,0.009973372,1
01-06-23 22:00,53.94682281,60.46415219,138.5864684,125.0003982,0.009514969,0
01-06-23 23:00,53.23635485,23.33799064,122.8674708,62.10426963,0.055426496,0
02-06-23 0:00,62.35599731,34.92611717,226.4112462,25.99768701,0.029625083,0
02-06-23 1:00,43.71898571,73.36386988,118.5301805,43.33714002,0.022377515,0
02-06-23 2:00,56.28729983,68.14594622,210.3388855,50.13685423,0,1
02-06-23 3:00,58.56534155,101.4323661,226.4595258,52.18236009,0.000392166,0
02-06-23 4:00,56.86943086,90.90738053,187.3537469,85.93760458,0.033233635,1
02-06-23 5:00,38.29689876,55.23491091,81.28631633,28.83624264,0.034347457,1
02-06-23 6:00,52.26276168,70.26755247,151.7016062,22.03096753,0.009776826,0
02-06-23 7:00,55.5947026,53.50168431,137.6198242,66.14647353,0.02044515,0
02-06-23 8:00,50.10772853,109.4843713,120.4761381,38.09648715,0.019313824,1
02-06-23 9:00,23.05622414,86.10966077,159.0442423,128.2077989,0.022797271,1
02-06-23 10:00,52.43310128,63.60657645,201.6254671,76.2495036,0.01446309,1
02-06-23 11:00,88.08325919,64.26852759,122.602082,37.69321299,0.035040372,1
02-06-23 12:00,44.72903924,93.47324456,139.464815,84.73438604,0.041368191,1
02-06-23 13:00,39.60893979,72.67500051,135.2824731,69.86076967,0.007408729,0
02-06-23 14:00,55.73961754,96.3751703,230.8695152,67.04714491,0.005169616,0
02-06-23 15:00,54.7832533,21.15153039,134.3278158,46.98873245,0.009163566,0
02-06-23 16:00,69.31364466,70.00489076,81.99219036,61.04160805,0.020786609,0
02-06-23 17:00,32.71420996,49.57437749,66.51450572,10.69334828,0.026069521,0
02-06-23 18:00,61.50562086,101.5112332,173.4600343,88.1314086,0.03448016,1
02-06-23 19:00,59.20492913,96.06139578,105.9292115,0,0.038373732,1
02-06-23 20:00,47.88800758,60.69116928,194.4784364,39.53334114,0.026193285,1
02-06-23 21:00,55.19501887,95.78549431,77.43163067,17.74611268,0.023831606,0
02-06-23 22:00,66.50164493,102.214651,118.0605475,38.23127707,0.054538897,1
02-06-23 23:00,63.84566482,61.57084464,77.46192768,48.1635483,0.020080076,0
03-06-23 0:00,34.16120347,121.0762941,178.2964886,24.37710594,0.030485215,1
03-06-23 1:00,62.97503225,59.3433092,193.0789901,3.731240844,0.025431763,0
03-06-23 2:00,49.03385554,55.5640889,171.8520743,55.30527175,0.017318998,0
03-06-23 3:00,51.0984221,79.30792737,89.20452613,115.2206874,0.01741785,0
03-06-23 4:00,51.10331266,52.75814647,106.7267474,41.5881891,0.046394017,0
03-06-23 5:00,47.76892812,61.80305961,164.9740426,76.74422156,0.01858074,0
03-06-23 6:00,69.29577922,92.577881,61.60698836,94.39914216,0.01473042,1
03-06-23 7:00,48.7512393,60.40414994,135.2779423,13.32948423,0.009836862,0
03-06-23 8:00,34.46019161,28.71425433,258.6125957,39.19542291,0.027296175,0
03-06-23 9:00,44.25191791,67.91609244,138.9470822,22.9778404,0.012592648,0
03-06-23 10:00,52.71235255,46.10507196,70.26055091,31.79332204,0.025638975,0
03-06-23 11:00,69.94919075,79.29373557,114.250598,101.240824,0.022938337,1
03-06-23 12:00,59.41014347,75.34700421,112.9683665,55.7420847,0.013709773,0
03-06-23 13:00,37.96538108,94.14693579,311.2548288,71.58731805,0.003513618,1
03-06-23 14:00,93.45401767,80.29360063,270.7518633,48.90830375,0.006710319,1
03-06-23 15:00,54.04173563,84.67807885,198.8890643,24.13249698,0.008330536,0
03-06-23 16:00,70.7574826,46.62050375,129.2639609,68.33241513,0.006959749,0
03-06-23 17:00,47.74730077,77.85330784,233.6884233,86.02121947,0.027906092,1
03-06-23 18:00,58.28486075,107.1496778,86.86715708,58.23653458,0.067666969,0
03-06-23 19:00,63.29673494,46.24970996,224.2400437,62.94583697,0.012607491,0
03-06-23 20:00,69.75691903,102.653091,213.1651554,23.70416873,0.014294606,1
03-06-23 21:00,66.97855231,48.91632637,140.6783248,69.17055942,0.01167189,0
03-06-23 22:00,63.84368261,43.19738636,228.9856173,89.08560521,0.035929656,1
03-06-23 23:00,45.37297868,66.35181136,123.2487198,60.60570507,0.02736705,0
04-06-23 0:00,41.75070291,75.80291032,80.53479954,14.76570895,0.019734791,0
04-06-23 1:00,55.09974041,80.39368504,216.8613067,98.91658911,0.005005135,1
04-06-23 2:00,64.86764908,41.19046959,144.7159151,29.05747923,0.007325494,0
04-06-23 3:00,46.708794,69.40857969,189.7841271,60.14580654,0.022896881,0
04-06-23 4:00,67.1121708,46.3083316,283.6991798,76.54889802,0.023722168,1
04-06-23 5:00,73.89934659,32.05796685,107.9890261,80.48718522,0.01974303,1
04-06-23 6:00,37.09483024,41.79036409,141.162127,14.71919328,0.031965218,1
04-06-23 7:00,38.14662571,45.07686935,262.8846714,52.97165106,0.004922848,0
04-06-23 8:00,47.91407927,71.36159063,194.4789459,51.28334989,0.025133938,0
04-06-23 9:00,54.70881558,86.18788141,109.2017538,92.18811107,0.024152273,1
04-06-23 10:00,42.40666535,32.31816743,95.78374641,62.09937043,0.007425915,0
04-06-23 11:00,72.11149227,67.57699746,118.668175,92.49407581,0.011419315,1
04-06-23 12:00,56.54083563,37.36626603,107.1206186,64.37247304,0.032531357,1
04-06-23 13:00,50.59326179,73.80441627,165.1722622,48.16234676,0.005671706,0
04-06-23 14:00,30.5231933,47.50434786,154.9390685,54.95922996,0.077630841,1
04-06-23 15:00,31.99413402,39.58002968,167.920202,95.05396562,0.029818798,1
04-06-23 16:00,54.29410495,77.75214983,101.6909969,22.62280067,0.019092474,0
04-06-23 17:00,22.55902971,48.1913425,145.6029854,75.11112348,0.016156305,1
04-06-23 18:00,66.21499567,53.51450685,46.87417349,35.49130572,0.034475009,1
04-06-23 19:00,47.65270497,20.77275648,159.1890558,31.06733592,0.013926033,0
04-06-23 20:00,109.1640466,81.22151781,231.7550046,78.72786375,0.014486342,1
04-06-23 21:00,89.94522118,78.24991514,73.1327861,30.26234792,0.04957145,1
04-06-23 22:00,47.31118773,60.11465941,181.6164815,59.85342395,0.01312216,0
04-06-23 23:00,48.41625252,31.42105553,114.0516342,38.49365559,0.022232856,0
05-06-23 0:00,65.92490526,87.59061346,204.0203707,7.742034368,0.009570374,0
05-06-23 1:00,78.44838609,46.67432924,160.0664798,62.62753718,0.024345954,0
05-06-23 2:00,28.11270333,50.78787157,176.2767196,53.20590302,0.03030117,1
05-06-23 3:00,26.39550532,116.5712468,154.0767065,13.19320985,0.05542274,1
05-06-23 4:00,41.05640522,45.96629104,243.6075302,33.9993435,0.007638287,1
05-06-23 5:00,59.08064684,76.41272265,172.4373191,14.62085861,0.003123032,0
05-06-23 6:00,57.69998722,72.27785907,108.8967536,69.89835746,0.015944882,0
05-06-23 7:00,67.19098279,68.42196756,156.2281587,90.47940546,0.011268665,1
05-06-23 8:00,33.44381123,66.04129785,127.7613742,73.40216799,0.019753563,1
05-06-23 9:00,20.62236445,68.11666232,160.3082365,77.66338932,0.029169229,0
05-06-23 10:00,63.60640129,65.82167994,124.8216326,37.85868485,0.071631358,1
05-06-23 11:00,38.26296497,58.91375774,110.4477657,64.57059103,0.013387751,0
05-06-23 12:00,23.79697529,95.16291063,162.6927698,49.77353097,0,1
05-06-23 13:00,52.19699968,35.01874485,153.5055267,54.73588731,0.016362272,0
05-06-23 14:00,62.526763,83.01568517,223.2892526,76.68581152,0.025977052,1
05-06-23 15:00,48.18404096,78.28355856,125.0983878,83.53249754,0.007306459,1
05-06-23 16:00,43.34189935,75.39802355,49.73932632,40.71182039,0.023902742,0
05-06-23 17:00,47.63496284,85.32803254,128.0524868,20.75327146,0.022256408,1
05-06-23 18:00,44.57859015,58.06827467,64.21973965,45.42024801,0.024360197,0
05-06-23 19:00,31.59652434,25.99114055,177.0161975,44.66241019,0.034539723,1
05-06-23 20:00,39.79055832,58.48969349,62.19298513,57.35793486,0.018697453,0
05-06-23 21:00,58.09093131,40.6586204,94.08807274,72.90654456,0.029659995,1
05-06-23 22:00,54.9286552,45.43438345,128.1418139,13.13232317,0.000925405,0
05-06-23 23:00,52.54914119,36.22459682,260.7996136,34.5775362,0.007380453,1
06-06-23 0:00,36.06309327,50.31754514,89.85092697,28.69003659,0.014885388,0
06-06-23 1:00,47.31039597,48.00484217,150.7762347,85.96655053,0.006948788,1
06-06-23 2:00,22.08363652,18.55029102,188.266773,44.92098295,0.020105667,0
06-06-23 3:00,52.70900388,75.44012622,255.9683989,37.96705943,0.014854586,1
06-06-23 4:00,73.47449997,114.0215027,202.24196,64.32684845,0.013339297,1
06-06-23 5:00,30.06108356,73.28226637,225.548979,36.22981082,0.03648421,1
06-06-23 6:00,41.55439614,55.80036411,208.5013513,49.62082322,0.021362227,1
06-06-23 7:00,55.04491295,58.85482144,83.20168445,105.224343,0.006183923,1
06-06-23 8:00,70.36225418,51.42514042,173.257027,104.2297575,0.011438836,0
06-06-23 9:00,43.47753606,61.90303449,207.362662,40.31327788,0.03375355,1
06-06-23 10:00,40.09545558,59.22488442,95.70808872,45.54072243,0.023315001,0
06-06-23 11:00,24.3428112,43.39902666,115.7817368,35.67387634,0.043425861,0
06-06-23 12:00,51.56227139,99.58882616,103.6711887,12.9802393,0.035695083,1
06-06-23 13:00,84.80121516,32.08720263,201.8706143,79.1257987,0.014229048,1
06-06-23 14:00,54.23730465,75.85896272,145.6987292,128.1222459,0.049150189,1
06-06-23 15:00,49.66631167,57.89021127,130.5647841,39.50370627,0.051196335,0
06-06-23 16:00,54.93497168,105.3372105,79.75169686,31.5816128,0.000996456,1
06-06-23 17:00,49.83374297,67.3324396,145.8151111,43.40216621,0.020511523,0
06-06-23 18:00,38.46577679,52.63628171,116.4586671,52.14784969,0.012109539,0
06-06-23 19:00,63.02698855,54.89018712,165.5640077,25.48003314,0.01603593,0
06-06-23 20:00,53.43739111,60.8404294,86.40279419,39.16864597,0.008939894,0
06-06-23 21:00,50.26450901,37.96035126,161.309045,78.46248066,0.007596086,1
06-06-23 22:00,36.32084848,44.77787328,123.7216435,53.23319334,0.036855111,0
06-06-23 23:00,71.25175191,27.29521411,81.28339899,86.60129268,0.005404118,0
07-06-23 0:00,60.41237092,41.89531467,77.61484514,59.51836308,0.021519818,0
07-06-23 1:00,42.01190889,61.98526376,84.74848771,26.33429074,0.003874319,0
07-06-23 2:00,66.03102584,66.43883363,137.3556623,36.59502689,0.045144666,1
07-06-23 3:00,42.78401416,24.31069547,157.650054,56.39542725,0.020483248,0
07-06-23 4:00,38.88147707,57.14679481,167.3008058,25.71588815,0.033591056,1
07-06-23 5:00,39.18160206,72.30775513,169.7895901,23.39692082,0.023235891,0
07-06-23 6:00,26.57065552,56.61865451,106.0444414,24.45901264,0.016140491,0
07-06-23 7:00,57.29548792,47.29297051,222.8714821,63.69327219,0.021107958,1
07-06-23 8:00,25.88591839,51.59943117,123.5342851,41.24639486,0.050933497,0
07-06-23 9:00,33.08241678,49.08260705,179.3501688,83.75554541,0.008057297,0
07-06-23 10:00,23.17424545,47.23679697,139.9019674,30.00019894,0,0
07-06-23 11:00,48.7163626,63.69561596,174.3228748,6.681441532,0.009267633,0
07-06-23 12:00,47.76778934,116.4495902,136.880115,46.78362351,0.005040278,1
07-06-23 13:00,45.20628722,45.21193609,175.5318703,99.33218849,0.038299387,0
07-06-23 14:00,35.44830283,53.47082682,149.5385232,50.86782056,0.017280974,0
07-06-23 15:00,33.79062567,58.91835229,204.8390545,21.34558853,0.035293243,1
07-06-23 16:00,57.18118732,46.27424106,102.853656,17.30790848,0.020513317,0
07-06-23 17:00,42.04482845,84.87213469,58.17688355,84.25245483,0.020139042,0
07-06-23 18:00,54.84545741,18.64305334,94.84970928,31.76994313,0.022703753,0
07-06-23 19:00,37.50493494,49.27079319,223.6629204,95.67628169,0.050251804,1
07-06-23 20:00,52.74872486,78.18904452,140.4834043,67.63585094,0.023088819,0
07-06-23 21:00,71.2477042,53.95375672,155.8047463,32.53749016,0.041437491,1
07-06-23 22:00,59.13607735,43.77304676,90.80861231,83.26504635,0.039999724,0
07-06-23 23:00,43.98387788,69.54729162,154.1228916,29.46332902,0.017467327,0
08-06-23 0:00,53.92413587,80.26539503,92.35108397,20.10092634,0.018833447,1
08-06-23 1:00,46.44794211,64.48989529,99.86562736,30.5851079,0.014383362,0
08-06-23 2:00,50.11826487,44.13730354,125.8167285,70.99128441,0.045470467,1
08-06-23 3:00,45.22185678,69.8924519,179.007248,82.33408133,0.007599801,1
08-06-23 4:00,47.56197797,51.79943015,186.3176883,40.56983121,0.010000283,0
08-06-23 5:00,53.22638389,76.48187975,188.2020641,13.76397869,0.015809028,0
08-06-23 6:00,36.08638101,94.44852196,65.87680975,18.35140392,0.005584324,1
08-06-23 7:00,35.79382739,15.46643348,149.5837352,26.7284619,0.011588172,0
08-06-23 8:00,31.09991212,62.35092091,137.933474,22.67336179,0.042048998,1
08-06-23 9:00,28.55680104,28.06874577,68.32409673,56.84711926,0.031695478,1
08-06-23 10:00,33.22253677,120.2210575,151.0005183,109.7217752,0.013799224,0
08-06-23 11:00,52.41736589,50.49809566,134.7245817,71.79419542,0.034778865,0
08-06-23 12:00,37.40525682,76.5094476,183.5403056,25.61294339,0.066313553,0
08-06-23 13:00,57.96801678,59.26021687,155.1175488,34.08707897,0.025303907,0
08-06-23 14:00,50.52191128,44.10264107,117.4779851,38.26560656,0.048778014,1
08-06-23 15:00,24.34744564,41.91215874,213.0023698,60.18481718,0.035801032,1
08-06-23 16:00,60.25362678,97.0708303,40.77617579,96.68789273,0.015549088,0
08-06-23 17:00,62.81937413,81.44542563,146.0082095,38.97037986,0.023273547,1
08-06-23 18:00,36.07982289,106.4815445,58.45113985,95.57293893,0.029251439,0
08-06-23 19:00,56.47943408,61.16913265,97.98049993,115.8770979,0.009745424,1
08-06-23 20:00,37.88611567,66.17065861,184.453433,41.61963279,0,0
08-06-23 21:00,51.47459515,54.49606412,80.10413279,41.03221112,0.008741837,0
08-06-23 22:00,32.63148012,54.09489802,73.17947089,41.3746548,0,0
08-06-23 23:00,26.31863396,39.74866699,332.9135329,51.57396464,0.009670792,1
09-06-23 0:00,44.40429116,61.77480058,76.13043464,41.43039938,0.001426988,0
09-06-23 1:00,48.15937466,44.36018679,269.502872,74.44974588,0.036405513,0
09-06-23 2:00,44.19295373,69.57301261,139.4152862,18.475853,0.005274051,0
09-06-23 3:00,33.64146999,63.61356981,118.8508536,37.49190997,0.02959389,1
09-06-23 4:00,44.16143333,66.16546435,187.3516303,58.55443472,0.034028669,0
09-06-23 5:00,54.11194095,99.38681921,244.2560321,74.02325383,0.032700484,1
09-06-23 6:00,49.32861993,59.21005702,86.25158399,119.3399561,0.000578661,1
09-06-23 7:00,52.77082209,76.7502207,119.6715172,22.75912742,0.041743302,0
09-06-23 8:00,40.39732638,109.3947354,207.2324885,34.97441758,0.027255467,1
09-06-23 9:00,68.94869159,89.9998307,168.4972889,8.749631935,0.034808782,1
09-06-23 10:00,33.74078367,86.2112642,226.1552018,25.94870246,0.059323362,1
09-06-23 11:00,57.5511195,53.70063397,183.7865391,15.1641577,0.034602205,0
09-06-23 12:00,69.12523295,64.90160807,282.632045,37.78281805,0.00527356,0
09-06-23 13:00,57.44489398,34.92297644,161.3531508,44.44731272,0.031732873,1
09-06-23 14:00,47.00315266,70.85057579,164.1583979,62.39751785,0.002724721,0
09-06-23 15:00,42.35464207,65.87665631,170.7286136,42.80249678,0.019004444,0
09-06-23 16:00,66.61479239,60.49190792,141.2162652,62.41094959,0.012708057,0
09-06-23 17:00,30.68023376,83.15378425,207.3209584,52.89089292,0.020162718,1
09-06-23 18:00,36.38927717,36.82480876,165.1522077,27.3701904,0.002683478,0
09-06-23 19:00,44.19468569,98.34128469,202.9886169,16.37371439,0.003522814,1
09-06-23 20:00,70.09659319,80.15682778,214.3837207,65.61410403,0.013416114,1
09-06-23 21:00,55.840738,58.52417017,177.8798581,99.29549086,0.01658818,1
09-06-23 22:00,36.41642621,56.90985939,182.8675859,132.6691568,0.013731183,1
09-06-23 23:00,45.44167529,70.43931623,92.97898595,76.01159403,0.049518677,1
10-06-23 0:00,41.16254576,95.40735858,117.4202352,92.81093208,0.027316692,1
10-06-23 1:00,39.85696553,62.14924829,206.9792397,62.17532778,0.026809966,1
10-06-23 2:00,65.64156815,63.05576629,251.1373033,57.82386365,0.014321491,0
10-06-23 3:00,31.30553227,60.38098045,51.31472767,52.81198928,0.003542278,0
10-06-23 4:00,76.71988868,102.1859213,116.4433646,47.38834594,0.019934118,0
10-06-23 5:00,63.10940977,52.45756695,151.4796352,66.28253972,0.058714994,0
10-06-23 6:00,67.55290424,59.38164648,99.6840876,37.79813693,0.023741113,0
10-06-23 7:00,43.27022031,93.94461461,102.6517536,46.37915654,0.041528671,0
10-06-23 8:00,47.77337143,63.11964578,181.0357854,24.71365662,0.044438524,1
10-06-23 9:00,30.55664691,85.81759034,263.8404978,62.54983275,0.029891919,1
10-06-23 10:00,42.40533454,42.10876582,47.78086951,28.78216575,0.023669945,0
10-06-23 11:00,57.64851782,55.75207457,139.5196134,50.84704094,0.007123137,0
10-06-23 12:00,71.12072539,94.47843143,180.2427934,63.26375135,0.016795196,0
10-06-23 13:00,34.61844396,46.48301909,202.4157763,65.67709209,0.014616412,0
10-06-23 14:00,44.65100554,56.85705726,170.5565125,71.07338972,0.02560662,0
10-06-23 15:00,47.75340315,65.48922081,278.702893,44.8041917,0.003373687,0
10-06-23 16:00,31.01138946,40.69539511,151.8116756,62.86036848,0.012269393,0
10-06-23 17:00,59.21993255,51.56684573,242.3274999,38.54478086,0.026953941,1
10-06-23 18:00,39.66430702,62.38440085,112.1087676,12.38118675,0.010245059,0
10-06-23 19:00,47.10732212,60.98358519,153.6441063,64.10141562,0.007865268,0
10-06-23 20:00,43.42501766,89.34634438,83.02937489,57.72948812,0.009216372,1
10-06-23 21:00,38.78297769,95.93473652,211.173368,78.41356114,0.015864071,1
10-06-23 22:00,49.89437485,43.12153965,142.55936,49.36970074,0,0
10-06-23 23:00,46.81234381,62.35520993,173.1320319,17.63131419,0.009731716,0
11-06-23 0:00,44.56041005,74.84113065,131.0036599,47.73441899,0.037967267,1
11-06-23 1:00,39.60373201,95.29226124,188.7151717,74.52258941,0.025496749,0
11-06-23 2:00,54.89496608,75.8626387,175.7873459,62.58069764,0.027249914,0
11-06-23 3:00,77.5387091,66.23612734,93.77027443,46.39598759,0.000778306,0
11-06-23 4:00,52.11787693,74.66381159,96.7172348,16.71330722,0.013887499,0
11-06-23 5:00,65.93402472,74.83009218,148.269081,27.5077085,0.018186219,0
11-06-23 6:00,31.07938812,41.80898057,193.8335992,62.61424234,0.028076681,0
11-06-23 7:00,52.39131026,64.1045317,287.2532511,16.68931622,0.041475688,1
11-06-23 8:00,34.74369244,93.83610709,169.4877493,42.34771661,0.038010119,1
11-06-23 9:00,30.02743333,55.7100031,219.0614298,50.96498327,0.011661992,1
11-06-23 10:00,39.45609897,62.74351414,64.8045454,82.71549528,0.011949443,1
11-06-23 11:00,69.29911404,54.9953759,300.1216881,66.49505969,0.048573623,1
11-06-23 12:00,65.1527675,19.43986924,190.0565229,76.85129723,0.014627823,1
11-06-23 13:00,53.70412213,60.43302966,146.9144817,57.81967939,0.006194519,0
11-06-23 14:00,29.35866261,66.4742481,139.8692458,31.00888463,0.016814601,0
11-06-23 15:00,47.09431632,49.63161301,88.15536099,35.78822581,0.047052072,1
11-06-23 16:00,54.61652303,37.7524038,102.7166473,29.29307103,0.007978437,0
11-06-23 17:00,52.66385641,42.67046595,291.3008128,65.81658706,0.013689736,1
11-06-23 18:00,25.74267103,76.92391401,94.05600128,34.09652866,0.008420779,0
11-06-23 19:00,37.43789815,107.2593012,93.08288836,40.61570091,0.03804638,1
11-06-23 20:00,49.0429395,91.89778307,109.0699013,50.56379852,0.024854245,1
11-06-23 21:00,58.33197158,34.47963317,83.72752564,99.11453081,0.037385847,1
11-06-23 22:00,21.88106009,79.04275528,150.9580667,67.72382262,0.052388154,0
11-06-23 23:00,47.59442455,46.73326661,225.1712637,32.47057163,0.002665727,1
12-06-23 0:00,52.1661945,48.28094409,114.0804349,53.86536456,0.00958251,0
12-06-23 1:00,63.46602036,50.61864462,75.48334998,99.4632856,0.013627473,1
12-06-23 2:00,60.8729154,75.57520175,168.7524302,66.51482003,0.02111563,0
12-06-23 3:00,59.07795912,81.52457147,146.5327686,17.70692283,0.028862159,0
12-06-23 4:00,38.64079721,57.95576264,218.7030235,29.63200392,0.012861322,1
12-06-23 5:00,25.0204401,58.30737314,122.8326981,28.15342056,0.010365285,0
12-06-23 6:00,44.25869911,70.07284984,134.1462906,92.24535292,0.038052143,1
12-06-23 7:00,66.02774369,72.41181203,140.7885082,86.14175853,0.029632228,1
12-06-23 8:00,72.84353343,86.77600021,155.6102873,35.54608923,0.025353452,0
12-06-23 9:00,61.16311656,35.50260557,126.3895232,35.08969245,0,0
12-06-23 10:00,56.62444588,60.42117578,117.1805238,51.12328663,0.043675028,1
12-06-23 11:00,55.83872099,39.28250221,54.89478016,51.88345255,0.02304504,0
12-06-23 12:00,41.96748686,58.93410481,116.5812756,28.72006535,0.017487045,0
12-06-23 13:00,48.06601128,55.32705185,197.7707202,43.95793141,0.008904596,1
12-06-23 14:00,77.82183597,59.02153974,207.4778496,19.99880565,0.011075112,1
12-06-23 15:00,36.75004551,44.16478238,121.8871209,86.66441755,0.008126558,1
12-06-23 16:00,76.8291924,32.08496074,241.349858,15.28802772,9.72E-06,1
12-06-23 17:00,45.27327981,22.59681477,148.2109391,15.12800733,0.008924677,0
12-06-23 18:00,71.63825191,57.27102911,77.12359925,61.44376434,0.00208616,0
12-06-23 19:00,30.87690333,51.22761971,63.10823489,23.66768254,0.019043492,0
12-06-23 20:00,59.13184675,46.49064663,235.0460344,38.22877371,0.005560578,1
12-06-23 21:00,39.49127819,90.39721937,127.5220578,51.59129396,0.033277357,1
12-06-23 22:00,30.77397335,43.05974907,82.96468331,68.25061438,0.001680759,0
12-06-23 23:00,53.32576776,92.76464395,39.4212122,44.61957896,0.043398166,1
13-06-23 0:00,66.16111012,98.05602139,126.2072905,103.9756518,0.035485612,1
13-06-23 1:00,38.03980446,24.74010914,176.2798682,49.98902586,0.006350804,0
13-06-23 2:00,29.76180944,61.95281214,109.3149411,84.02384382,0.018518385,1
13-06-23 3:00,48.630764,51.84600962,90.8281297,57.19667448,0.008519839,0
13-06-23 4:00,48.69611501,11.57002048,117.4748969,116.906409,0.030261921,1
13-06-23 5:00,58.52544883,32.79301621,236.9726596,79.81948752,0.058516163,1
13-06-23 6:00,65.14564842,77.1744472,74.58103562,51.09241325,0.043081761,1
13-06-23 7:00,49.11230244,108.5189327,112.3643669,66.90705213,0.01041526,1
13-06-23 8:00,81.27544227,80.17848274,234.4679646,43.68367834,0.021873577,0
13-06-23 9:00,53.41380239,66.95338889,182.3512793,43.44766421,0.051308045,0
13-06-23 10:00,44.92361373,59.55270259,161.388009,22.51136866,0.029212912,0
13-06-23 11:00,28.42363897,99.58295293,111.9950109,31.75332039,0.039222787,1
13-06-23 12:00,46.12909722,112.0354207,151.9121342,114.2670938,0.031691953,1
13-06-23 13:00,45.067352,48.19288023,118.1212439,24.24829035,0.021237578,0
13-06-23 14:00,65.32675725,24.0002016,100.7196339,34.90169427,0.018903028,0
13-06-23 15:00,57.15114546,22.54164922,89.49555269,47.68338265,0.005024402,0
13-06-23 16:00,33.7003747,90.38055487,202.6948102,48.50071548,0.009506381,0
13-06-23 17:00,52.61348737,59.0150924,146.2465101,60.03488201,0.008010877,0
13-06-23 18:00,60.52392169,63.89844652,170.2506224,38.93220501,0.014748791,0
13-06-23 19:00,75.25535023,27.20597562,159.6176026,61.7294895,0.021622498,1
13-06-23 20:00,64.1002228,45.03397314,178.7238832,82.47476952,0.018308004,1
13-06-23 21:00,61.99158745,53.92586628,134.4693656,86.47888108,0.023593612,0
13-06-23 22:00,50.90490025,64.42940124,121.2883727,43.52689267,0.031951389,1
13-06-23 23:00,55.97546629,51.8678806,103.0330715,66.40480809,0.013868764,0
14-06-23 0:00,70.30383601,39.8302183,73.62278142,25.28752629,0.033441863,0
14-06-23 1:00,31.78463463,44.4474112,87.42667745,33.51972102,0.042096942,1
14-06-23 2:00,44.88051794,87.56485675,127.9625731,24.78961531,0.027159422,1
14-06-23 3:00,39.00833124,65.23035628,65.22844575,48.86266051,0.012177088,0
14-06-23 4:00,55.83105387,73.41739688,75.07141692,30.73429139,0.037835443,1
14-06-23 5:00,69.96677924,42.33561116,221.6500766,18.92018773,0.028421217,0
14-06-23 6:00,41.401764,11.05731658,164.3127565,40.79686953,0.031050019,1
14-06-23 7:00,19.85898946,49.42526673,122.9851431,15.74941122,0.051632998,0
14-06-23 8:00,43.98661477,42.92843515,322.9337068,88.46415219,0.03286101,1
14-06-23 9:00,64.53654024,67.51197199,63.28475539,36.99441936,0.052623325,1
14-06-23 10:00,58.35349446,132.8572371,216.686609,77.54544514,0.017690199,1
14-06-23 11:00,56.60613718,75.32337006,143.107918,38.42470399,0.013655533,0
14-06-23 12:00,45.87849672,127.3596016,202.7632319,24.41018357,0.042342979,0
14-06-23 13:00,32.45045858,72.42941205,156.8808328,83.53366911,0.007143149,0
14-06-23 14:00,57.99494306,47.36752402,54.01649305,52.24119455,0.06091282,1
14-06-23 15:00,38.18179899,67.48780604,156.0209554,107.8540121,0.045915407,1
14-06-23 16:00,87.53172954,102.1494213,171.6478273,38.98985777,0.02142487,0
14-06-23 17:00,58.8830866,103.4417635,41.82971614,39.47063143,0.043549553,1
14-06-23 18:00,41.62742791,48.4144349,294.178961,78.14858497,0.03191339,0
14-06-23 19:00,41.20301321,65.41301059,170.0315756,78.36474654,0.004352037,0
14-06-23 20:00,48.61447553,33.04960125,194.7086389,53.90638231,0.008938335,1
14-06-23 21:00,46.46483234,78.33815863,85.3051657,166.7537464,0.024816911,0
14-06-23 22:00,67.99982432,96.23981491,196.0253105,43.22212327,0.02262906,1
14-06-23 23:00,52.83099353,60.83816453,225.2161485,23.09802981,0.046063659,1
15-06-23 0:00,39.56080892,46.65303707,166.2337953,27.95147381,0.025106636,0
15-06-23 1:00,81.93037626,67.75729143,149.4148045,43.35795813,0.004529448,1
15-06-23 2:00,50.74205628,69.02804772,98.94174062,94.88940769,0.012166904,0
15-06-23 3:00,62.12370959,61.71389695,136.7675402,45.44557555,0.033545451,1
15-06-23 4:00,41.24654187,63.80092625,119.5712007,96.50885998,0.000803933,1
15-06-23 5:00,55.57858738,56.39520554,187.7128014,61.42680343,0.003394059,0
15-06-23 6:00,54.76343929,82.40294282,101.2164892,80.60529951,0.014454137,0
15-06-23 7:00,25.22603507,76.27382262,187.2036527,60.1289143,0.037403848,1
15-06-23 8:00,84.29046043,40.80457161,101.786783,59.91268732,0.01667297,1
15-06-23 9:00,71.02543004,40.30953738,134.0159385,70.51748477,0.028012299,0
15-06-23 10:00,44.19983438,54.75519676,190.779839,36.79576346,0.020077109,0
15-06-23 11:00,34.68095247,76.28797303,108.9846839,37.03361402,0.017805885,0
15-06-23 12:00,55.33422328,63.14208719,193.1977169,59.10522394,0.010821726,0
15-06-23 13:00,51.30798198,47.11430506,186.3969501,109.8315282,0.035553131,0
15-06-23 14:00,55.46153463,65.5944785,133.5060685,18.60293087,0.004651278,0
15-06-23 15:00,52.91036284,53.21713249,230.7098913,11.62314235,0.016425274,1
15-06-23 16:00,57.84989478,79.65310027,154.8978238,43.61508653,0.042278907,0
15-06-23 17:00,73.80427928,67.16061902,226.1823642,78.95911412,0.009524281,1
15-06-23 18:00,58.84428933,53.52825857,281.3906564,51.29232065,0.00236516,0
15-06-23 19:00,35.35694418,64.94229563,135.2680432,24.8687507,0,0
15-06-23 20:00,72.29502032,90.21003635,192.8054881,51.99610477,0.031992159,1
15-06-23 21:00,77.3008346,48.52448603,112.5909618,15.68525815,0.033352425,1
15-06-23 22:00,107.2163127,68.69899558,91.84933303,66.90953653,0.0148478,1
15-06-23 23:00,34.40982834,58.52777984,138.0129983,42.55894289,0.004510086,0
16-06-23 0:00,53.70222187,69.24012996,75.97755965,47.9693755,0.01772648,0
16-06-23 1:00,23.10365446,46.89681912,96.67416386,61.22709904,0.043013231,1
16-06-23 2:00,58.60321133,62.33530496,189.0632926,55.26914673,0.004524593,0
16-06-23 3:00,42.07751909,85.10519757,119.4799484,37.34739644,0.04028999,0
16-06-23 4:00,82.55133065,41.63982652,197.4361121,79.04538744,0.00149774,1
16-06-23 5:00,38.9808038,34.73346972,169.2511312,71.82861865,0.005686457,0
16-06-23 6:00,27.51559377,35.38121936,286.257757,15.08714838,0.021784257,1
16-06-23 7:00,43.1531334,37.47176301,184.4206579,44.40296828,0.037856577,0
16-06-23 8:00,24.27023537,73.03340377,227.0875208,26.49388883,0.05004348,0
16-06-23 9:00,61.83064221,33.44160878,176.0868591,23.12246155,0.038818847,0
16-06-23 10:00,23.28832229,53.87731022,170.0438893,64.23744457,0.052064818,1
16-06-23 11:00,50.42767355,73.55749786,230.9354335,40.04580805,0.023012406,1
16-06-23 12:00,23.15012466,69.01024743,194.4835819,46.49186001,0.011213708,1
16-06-23 13:00,45.29812362,52.12624501,163.3937361,34.60331039,0.043151563,1
16-06-23 14:00,77.3513641,64.06407617,163.1071797,59.66547592,0.047393494,1
16-06-23 15:00,55.53978527,62.26727211,185.3774767,68.33913562,0.037492464,1
16-06-23 16:00,37.79321713,55.36636594,110.7436094,118.3863901,0.030926663,1
16-06-23 17:00,49.53292132,55.63914783,108.4445914,45.57389844,0.048084302,1
16-06-23 18:00,50.27057769,114.4396799,251.2785632,20.08330267,0.025822371,1
16-06-23 19:00,57.31283463,77.97800519,287.3820839,38.16438429,0.019672765,1
16-06-23 20:00,31.36542634,121.3241127,97.12178208,73.32902957,0.033187488,0
16-06-23 21:00,59.23964508,49.93423274,110.8731693,32.47481202,0.028325522,0
16-06-23 22:00,16.74785962,58.22653045,229.2398266,19.53691668,0.036515879,0
16-06-23 23:00,40.94848626,34.68719751,185.0528611,32.90024734,0.01794124,0
17-06-23 0:00,42.91430371,43.98219477,195.0220865,37.51928966,0.037028213,0
17-06-23 1:00,59.90100526,105.3660866,210.8609442,26.44978135,0.035928381,1
17-06-23 2:00,50.33997495,49.44605961,135.3019517,55.57880096,0.023550142,0
17-06-23 3:00,30.89216169,105.8303684,171.2764012,48.04317653,0.009684035,1
17-06-23 4:00,36.19531457,36.20831709,166.1436147,71.61353412,0.044467435,0
17-06-23 5:00,53.01967389,39.54184579,100.766322,39.4498771,0.005035294,0
17-06-23 6:00,48.82024152,53.00880248,170.2888778,64.88592807,0.007428309,0
17-06-23 7:00,41.64852309,58.66734772,236.5484851,38.42022175,0.022773061,1
17-06-23 8:00,43.01869429,80.66296837,129.7865427,25.58776322,0,0
17-06-23 9:00,60.92716984,69.77096971,159.6752423,37.30913096,0.05182952,1
17-06-23 10:00,42.50261701,51.51735719,163.1756787,17.39968636,0.020235723,0
17-06-23 11:00,48.68639141,57.22702772,132.694669,104.2985365,0.051741758,1
17-06-23 12:00,87.25767362,53.4523804,195.0554991,53.62341223,0.058628149,1
17-06-23 13:00,30.6716327,42.04715874,110.2708336,32.01284411,0.017594617,0
17-06-23 14:00,25.65168053,42.5354956,243.9460094,40.98674128,0.047037405,1
17-06-23 15:00,62.36785773,83.17037966,191.490648,6.752721618,0.006409726,1
17-06-23 16:00,40.28091049,26.62181702,96.71717493,92.03093815,0.027495993,1
17-06-23 17:00,45.32771221,97.88830638,273.4250266,88.77278313,0.013098059,1
17-06-23 18:00,38.89285962,52.97358882,160.6758899,52.72324339,0.032599052,1
17-06-23 19:00,46.170494,44.67247359,107.9516988,58.29272588,0.036457984,0
17-06-23 20:00,76.53339578,76.35581082,226.354902,23.12909381,0.017518185,1
17-06-23 21:00,62.67533694,94.49835072,182.3851694,24.40961177,0.029607632,0
17-06-23 22:00,63.67678206,85.34393469,58.09156565,16.21003892,0.037792711,1
17-06-23 23:00,30.76229324,70.91667626,118.8041428,46.05112664,0.023110951,0
18-06-23 0:00,34.05784888,84.59604165,167.9109555,79.90327351,0.079964822,0
18-06-23 1:00,15.47418774,28.37309678,43.00945206,40.86019464,0.017862203,0
18-06-23 2:00,38.514385,49.4500193,155.3603019,59.05507293,0.05471928,1
18-06-23 3:00,65.26582878,42.11077506,160.0234557,77.34519475,0.042262024,1
18-06-23 4:00,58.02143144,87.96702339,84.43567557,17.31059209,0.000619306,0
18-06-23 5:00,46.72636918,52.16754469,167.3547973,106.3574709,0.050574483,1
18-06-23 6:00,49.66599305,78.82560606,150.4668242,82.95118112,0.040643193,0
18-06-23 7:00,40.14128015,71.68370979,84.05920826,63.63957512,0.021865423,0
18-06-23 8:00,53.11330944,43.00691422,212.5460838,75.66421537,0.026310179,1
18-06-23 9:00,62.07474373,48.1906575,206.5778561,77.10587514,0.028613184,1
18-06-23 10:00,28.3727883,89.68111783,132.3951175,57.57291147,0.04767936,1
18-06-23 11:00,54.58450405,44.61692439,137.8252745,91.82688255,0.013902672,1
18-06-23 12:00,64.85595785,62.64560769,198.5562519,39.29819546,0.05292225,0
18-06-23 13:00,43.94580392,44.48518928,137.7001477,62.1850889,0.00618061,0
18-06-23 14:00,61.00149053,53.55485304,51.68867634,88.28128911,0.001132074,1
18-06-23 15:00,100.1420963,59.03379556,181.8561781,4.44767448,0.030552449,1
18-06-23 16:00,48.44574552,44.47912324,103.1396368,61.52451933,0.04489986,0
18-06-23 17:00,56.05429619,41.21430149,126.5466747,69.69028159,0.017223416,0
18-06-23 18:00,39.473872,66.13466871,253.8692301,16.04528155,0,0
18-06-23 19:00,52.75161942,43.33088635,141.7340468,57.28376983,0.002813664,0
18-06-23 20:00,57.11592434,43.96193984,150.1084516,32.04725804,0.027551572,0
18-06-23 21:00,52.96059864,41.60261519,183.4127691,60.39252272,0.019839424,0
18-06-23 22:00,35.74434875,58.37303552,183.1155459,47.65209219,0.045496616,1
18-06-23 23:00,53.13801175,81.15359348,97.61968675,29.02840678,0.021182744,0
19-06-23 0:00,74.07095604,95.04154416,146.2531582,81.43565193,0.009796,1
19-06-23 1:00,56.93081052,45.5461558,152.267375,40.06596228,0.025231891,0
19-06-23 2:00,65.35522719,112.0922814,167.4456728,56.9677362,0.039344197,1
19-06-23 3:00,46.50099512,40.41534571,168.5782673,88.03135406,0.047097254,1
19-06-23 4:00,61.81085396,84.51563509,351.8841895,29.60362403,0.01826082,0
19-06-23 5:00,54.2670081,45.62564312,84.80464154,50.20142557,0.021092425,0
19-06-23 6:00,36.64057027,42.84837235,217.0192038,38.35286832,0.034290145,1
19-06-23 7:00,54.8792707,45.19211331,232.3632577,43.41775416,0.00970351,1
19-06-23 8:00,36.10801232,58.90272445,182.2560146,117.8482405,0.03341688,1
19-06-23 9:00,40.90733332,72.68396717,111.8927485,62.04532973,0.016448878,0
19-06-23 10:00,52.87576982,74.74031358,270.6684698,58.13483802,0.018807924,1
19-06-23 11:00,54.54701826,41.51297624,41.82980423,63.92618595,0.020042844,0
19-06-23 12:00,33.57578688,40.68629322,110.0969517,61.31186073,0.022123819,0
19-06-23 13:00,66.92067257,42.01092718,231.4671724,14.35544676,0.061608248,0
19-06-23 14:00,58.90728536,57.68015725,127.6899204,123.2443513,0.013156125,1
19-06-23 15:00,39.92571563,55.65298038,265.0712267,19.82389619,0.013843,1
19-06-23 16:00,29.30039506,41.40056541,69.22552497,102.3205053,0.04942695,1
19-06-23 17:00,47.84742865,65.7707068,87.91425536,66.5962131,0.027708303,0
19-06-23 18:00,43.50971009,115.1927714,118.4684492,54.61751861,0.034048317,1
19-06-23 19:00,51.70990762,49.78308185,177.1327878,42.64283881,0.00670024,0
19-06-23 20:00,44.68510379,51.1781505,136.4194983,135.4895983,0.024125136,0
19-06-23 21:00,23.91803014,72.22272459,120.7929953,66.20846189,0.034936138,1
19-06-23 22:00,44.32560927,48.73327135,250.8799331,50.44314023,0.010574409,1
19-06-23 23:00,45.50911638,74.71952433,258.3334051,37.47795088,0.031240896,0
20-06-23 0:00,59.90644167,45.68505859,125.1315282,34.90895104,0.016854975,0
20-06-23 1:00,40.01448767,103.5095051,60.67934777,51.27295555,0.010922971,1
20-06-23 2:00,77.99806876,67.4185791,43.08567952,29.33299022,0.039290734,1
20-06-23 3:00,24.97976134,47.55616076,165.2991907,68.37705284,0.042091149,1
20-06-23 4:00,71.38667267,48.15731119,193.5788931,35.10950302,0.022109376,0
20-06-23 5:00,46.68553444,49.60619047,153.9611739,78.15369462,0.027820674,1
20-06-23 6:00,63.63265924,91.65440546,145.5984111,77.46111842,0.046457034,1
20-06-23 7:00,51.20339054,35.77082252,103.5998195,48.62332737,0.014141437,0
20-06-23 8:00,68.39191986,46.64244403,193.5102283,65.51780778,0.025941832,0
20-06-23 9:00,44.33961982,48.67832218,271.7844232,66.95117371,0.014266289,1
20-06-23 10:00,34.72766046,59.67092187,40.93242498,19.85695098,0.006816442,0
20-06-23 11:00,73.32539674,54.41694715,145.1922143,102.2886065,0.014152876,1
20-06-23 12:00,48.31066817,32.01985621,95.00268368,43.80262169,0.005797397,0
20-06-23 13:00,53.37246526,51.84351091,70.17480865,68.84080537,0.02735219,0
20-06-23 14:00,70.045891,57.92430116,87.03758089,69.66148073,0.009433903,0
20-06-23 15:00,35.58560299,47.4017058,174.5944623,6.354957502,0.003502418,0
20-06-23 16:00,59.28697287,75.12977613,176.2941036,34.87143803,0.03353815,1
20-06-23 17:00,41.49955448,80.57554479,254.0626271,73.12787977,0.032220487,1
20-06-23 18:00,48.0349284,58.36309602,150.5493094,51.56793759,0.015042985,0
20-06-23 19:00,51.08940873,64.92109746,58.65920793,68.64826965,0.032734705,1
20-06-23 20:00,29.74733771,21.62306859,135.454752,52.33475878,0.009051837,0
20-06-23 21:00,38.9240315,51.4228331,74.88358958,85.26868363,0.014458796,0
20-06-23 22:00,72.09149135,82.61575548,83.31339497,52.88985839,0.027015036,0
20-06-23 23:00,64.07820265,51.37677956,188.3072341,91.68631669,0.039747068,1
21-06-23 0:00,49.06433006,45.33283696,162.3625439,28.38065361,0.01431975,0
21-06-23 1:00,53.70596089,115.6132677,188.7942497,46.85787423,0.011530769,1
21-06-23 2:00,45.67294107,103.1641837,128.4235039,36.22137993,0.038616073,1
21-06-23 3:00,72.18906927,70.14701261,203.1577197,60.16901557,0.030929137,1
21-06-23 4:00,47.03485249,85.86279891,125.1877306,43.26626885,0.022445932,1
21-06-23 5:00,53.53138214,20.68753895,227.2745603,44.42017561,0.043083027,1
21-06-23 6:00,68.50383725,44.39177565,172.2525897,33.8709278,0.06252458,1
21-06-23 7:00,38.94373415,50.46217527,137.3197818,39.11844373,0.026256354,0
21-06-23 8:00,75.81166149,55.12794783,163.525716,49.74339026,0.011605898,1
21-06-23 9:00,29.38539098,50.07124328,148.8856202,11.72387988,0.028698895,0
21-06-23 10:00,77.10036544,16.20339901,265.0419933,8.350254146,0.008897933,1
21-06-23 11:00,44.54875333,68.3300395,165.7012892,51.48914329,0.044503509,1
21-06-23 12:00,46.41842146,71.86007641,149.8992236,3.775602417,0.010250545,0
21-06-23 13:00,25.22198588,97.48899423,135.4355888,45.2833549,0.017021663,0
21-06-23 14:00,43.38491747,44.37765269,206.9647715,40.99766348,0.008702283,0
21-06-23 15:00,35.48409966,42.86234957,197.2514315,64.4323619,0.023014334,1
21-06-23 16:00,41.2545389,14.49380106,133.3348335,34.55436663,0.023621128,0
21-06-23 17:00,47.95918981,53.96436866,85.7854492,96.62799907,0.033536904,1
21-06-23 18:00,65.28423899,80.14135107,98.50827049,73.36221261,0.021957218,1
21-06-23 19:00,53.15714942,47.71426477,138.6933363,19.05374892,0.020746695,0
21-06-23 20:00,54.70981472,111.9038747,245.2256016,43.13389962,0.011805934,1
21-06-23 21:00,34.7673719,54.71026981,134.7394907,95.176512,0.015664427,1
21-06-23 22:00,37.56441642,63.11924807,114.9851716,34.01927319,0.003534012,0
21-06-23 23:00,80.21628697,34.16191032,58.55583792,48.68608467,0.048126421,1
22-06-23 0:00,39.51250504,66.15537054,258.3411858,91.01791214,0.018517849,1
22-06-23 1:00,77.58614956,24.31084458,187.5070173,37.36184046,0.054326797,1
22-06-23 2:00,46.41316076,75.28948233,203.5524144,81.85775034,0.018107479,1
22-06-23 3:00,50.03432428,76.00018597,215.6545667,29.73430776,0.000420242,0
22-06-23 4:00,67.20115898,91.31662968,139.867177,2.824594989,0.013402261,1
22-06-23 5:00,70.69609666,40.14116119,155.3298481,85.24108576,0.019958321,1
22-06-23 6:00,48.35009102,63.41047477,256.3332358,61.54584131,0.021058418,1
22-06-23 7:00,44.32708687,72.31698142,161.4173014,63.37786221,0.032203722,1
22-06-23 8:00,49.16432037,69.58133398,188.7914464,26.25963321,0.022872791,0
22-06-23 9:00,55.18357821,42.95182948,208.9565711,27.74683516,0.014948759,1
22-06-23 10:00,64.16397757,18.35074636,192.6633725,82.73142555,0.007871783,1
22-06-23 11:00,50.06346578,67.46673841,142.0879909,56.25763207,0.013993512,0
22-06-23 12:00,59.66631472,56.83239098,147.8891485,47.10498634,0.030768768,1
22-06-23 13:00,77.2596186,48.58159089,202.2308753,55.66959232,0.03594522,1
22-06-23 14:00,55.8650412,76.91827142,202.1132614,94.53940505,0.010580538,1
22-06-23 15:00,54.77192034,59.05971635,231.2031419,69.66337963,0.039154069,1
22-06-23 16:00,29.52342772,34.90731727,186.2658088,38.80973426,0.030076527,1
22-06-23 17:00,17.459789,25.03526385,189.4234804,20.822138,0.008167408,0
22-06-23 18:00,55.97647165,38.20360851,123.3051599,65.73876573,0.024129871,0
22-06-23 19:00,48.58662817,118.84302,115.7045641,29.46195039,0.026326456,1
22-06-23 20:00,42.54326108,75.96192165,202.4457226,24.63462223,0.006368031,1
22-06-23 21:00,53.71226002,64.0142211,116.0915642,88.08731744,0.003799487,1
22-06-23 22:00,49.09759267,56.23462157,148.7087585,74.09341903,0.028254618,1
22-06-23 23:00,68.18859205,54.89655316,247.5991832,60.08840907,0.013350684,1
23-06-23 0:00,51.29907811,86.55463535,235.2243943,23.64095532,0.051052982,0
23-06-23 1:00,39.35404512,50.05851569,169.4082609,104.3360706,0.056423268,0
23-06-23 2:00,65.83292277,72.61458436,132.0174682,78.89741789,0.02822015,1
23-06-23 3:00,46.79017978,52.8651161,142.3801522,42.68221705,0.037945269,1
23-06-23 4:00,58.17529113,106.3896009,208.7457635,37.91453916,0.006763172,1
23-06-23 5:00,43.06676039,76.414547,147.7267883,51.98072545,0.004011499,0
23-06-23 6:00,40.6748717,88.48381078,116.9774258,38.7261866,0.017797365,1
23-06-23 7:00,51.26960774,48.23969691,234.8545718,119.9732427,0.004380745,0
23-06-23 8:00,50.19259423,83.90033641,161.5478804,40.80768702,0.025206126,1
23-06-23 9:00,57.42763951,53.58243104,115.9208569,26.72404969,0.009303624,0
23-06-23 10:00,46.04248424,62.3288928,181.310064,97.27959128,0.023156113,1
23-06-23 11:00,25.8268205,98.34607241,216.3607421,36.74494828,0.017320262,0
23-06-23 12:00,43.69568498,39.73279354,93.11286348,71.51616965,0.031416292,1
23-06-23 13:00,62.53742477,64.33016682,137.712721,68.25313541,0.025540911,0
23-06-23 14:00,45.62779134,69.48588334,134.9474056,48.54623728,0.014026691,0
23-06-23 15:00,46.36495374,71.32569883,179.4953299,28.515249,0.003723267,0
23-06-23 16:00,65.7685862,50.83833563,191.8971273,48.80239161,0.022679398,0
23-06-23 17:00,39.82730747,110.340293,117.3576214,24.85919737,0.001229049,1
23-06-23 18:00,29.2381935,35.32170329,70.07288794,49.40874353,0.044596058,1
23-06-23 19:00,47.61633556,93.82911303,220.8750742,71.11111025,0.029302259,0
23-06-23 20:00,42.97181515,87.73095436,87.52908504,101.7968067,0.0356152,1
23-06-23 21:00,36.43993715,105.3387319,167.3902581,26.3540192,0.007307953,1
23-06-23 22:00,47.40008076,30.4309289,141.8557076,43.92672344,0.026077679,0
23-06-23 23:00,57.61416251,42.88684099,160.3110722,37.70600292,0.010667433,0
24-06-23 0:00,49.86075785,94.66964538,269.561565,57.06828418,0.022451781,0
24-06-23 1:00,54.69895347,25.86709173,395.2795318,18.90249279,0.007015646,1
24-06-23 2:00,80.48956296,30.13542838,63.91886845,29.37067618,0.018685818,0
24-06-23 3:00,44.97438299,50.10320322,217.3025626,16.28834615,0.003644551,1
24-06-23 4:00,54.25270748,64.08716198,140.3809944,20.24854634,0.01751634,0
24-06-23 5:00,42.62109781,97.23949757,222.0789016,34.79758939,0.001801866,1
24-06-23 6:00,38.02092898,56.16090098,215.3270578,100.1476114,0.057111038,1
24-06-23 7:00,41.56850216,47.78191018,250.033333,59.0524902,0.022643669,1
24-06-23 8:00,43.0478312,66.68463423,168.2975372,51.63757023,0.02009098,0
24-06-23 9:00,55.52135981,70.19230743,99.14954763,89.11445582,0.032188072,0
24-06-23 10:00,90.75429385,69.55807514,213.1412945,60.03138903,0.004275686,0
24-06-23 11:00,39.77206666,56.30980827,157.4583891,62.62363961,0.009336701,0
24-06-23 12:00,43.92419706,24.67673418,135.7128949,38.8456448,0.029343031,0
24-06-23 13:00,49.05713932,41.99309288,121.5967426,35.28535341,0.022661477,0
24-06-23 14:00,56.09363946,92.85144772,218.9722407,22.37898789,0.010039287,1
24-06-23 15:00,54.02272121,63.98093988,265.6353556,36.05668685,0.031628621,0
24-06-23 16:00,70.91033892,53.38306627,83.86367152,43.22299481,0.025118639,0
24-06-23 17:00,19.49149742,85.35699087,191.1929627,58.97446715,0.028855681,1
24-06-23 18:00,19.89348615,38.18329612,127.5578342,49.08509317,0.026691504,0
24-06-23 19:00,42.80772258,55.34386186,71.21280486,41.2730905,0.010490482,0
24-06-23 20:00,67.66357051,62.92139258,159.3625159,29.7015447,0.018803696,0
24-06-23 21:00,28.96653328,51.02329358,102.0936001,60.45607683,0.000633074,0
24-06-23 22:00,13.9313672,62.131249,66.32625475,38.29916106,0.012609533,0
24-06-23 23:00,58.89393701,56.11127096,104.8079295,59.22042861,0.016255087,0
25-06-23 0:00,53.7142272,33.55103744,92.10204549,13.15002776,0.031206515,1
25-06-23 1:00,34.83542827,63.86043685,112.091295,58.75006667,0.02898131,0
25-06-23 2:00,36.18819429,34.7513901,77.6800567,70.34628233,0.009663572,0
25-06-23 3:00,36.39424709,63.51906018,126.2405574,66.63972694,0.009410889,0
25-06-23 4:00,51.67024782,91.6892262,108.4742754,45.19808614,0.046036134,1
25-06-23 5:00,40.99754168,54.21697391,174.322382,75.39638074,0.015556612,1
25-06-23 6:00,57.65505794,37.45741336,189.2099178,23.03730088,0.021867158,0
25-06-23 7:00,15.32949344,57.35744478,166.6653497,47.79372154,0.034413825,0
25-06-23 8:00,37.88141714,43.56687062,135.6173259,45.27731078,0.018746935,0
25-06-23 9:00,34.37718811,73.01485049,134.0114847,79.13236517,0.017642443,1
25-06-23 10:00,46.22060037,56.92508731,101.8869805,11.73484869,0.015252992,0
25-06-23 11:00,42.21877901,100.2899639,103.1535957,26.90567255,0.012632298,1
25-06-23 12:00,62.6042114,86.45159871,196.9455922,102.8399264,0.022347704,1
25-06-23 13:00,25.56708166,56.82045987,58.597907,6.958801951,0.000804703,0
25-06-23 14:00,50.68444162,75.79593493,144.9937904,72.35045851,0.014613352,0
25-06-23 15:00,58.68678591,51.97398772,130.40746,33.96319533,0.029519627,1
25-06-23 16:00,81.29685125,60.71482419,189.599512,56.56218534,0.027317375,1
25-06-23 17:00,43.00560888,52.60583389,73.12070595,91.34090215,0.048550345,1
25-06-23 18:00,54.97215245,76.97675726,150.7809787,57.58808258,0.035502484,1
25-06-23 19:00,26.19597909,93.17293691,172.1423509,92.03699245,0.027032146,0
25-06-23 20:00,19.84211142,77.72837079,52.72230493,38.41849363,0.020461072,0
25-06-23 21:00,63.38525938,80.63561927,89.77958526,41.38477441,0.013320736,1
25-06-23 22:00,49.91662651,80.66168827,144.3136868,71.52841839,0.028812129,1
25-06-23 23:00,69.06658251,72.03219901,183.720264,39.59353588,0.025489769,0
26-06-23 0:00,31.28519216,38.02195009,161.6060429,66.00412762,0.014431749,0
26-06-23 1:00,58.06883033,100.0603581,186.9130446,83.79928268,0.008382077,1
26-06-23 2:00,81.52474773,102.776475,89.52948809,73.97044924,0.019158888,1
26-06-23 3:00,56.47173692,55.17057783,65.84786918,18.00609606,0.042505168,0
26-06-23 4:00,54.22521991,52.4214692,155.3244602,41.81510308,0.021799755,0
26-06-23 5:00,50.12841442,73.42321676,82.23327892,57.28410075,0.020456779,0
26-06-23 6:00,28.9044467,72.02216171,100.410051,44.08111369,0.027307883,0
26-06-23 7:00,72.17117202,55.82030588,213.4822548,52.00304723,0.028396138,0
26-06-23 8:00,41.21028246,36.09330744,162.0332742,57.63796884,0.024168381,0
26-06-23 9:00,57.8217522,66.55990483,116.4276752,37.66761894,0.019332027,0
26-06-23 10:00,28.99756164,72.03629069,109.2965188,45.27628379,0.012643834,0
26-06-23 11:00,33.69923013,76.03246862,191.1208588,24.65866089,0.039106919,0
26-06-23 12:00,73.58578683,67.51815638,163.5177735,38.73895365,0.013715502,0
26-06-23 13:00,44.91108455,54.41683702,82.94109688,18.8252776,0.052573909,1
26-06-23 14:00,73.91114175,82.35610291,51.02512045,52.95313183,0.022541217,1
26-06-23 15:00,48.83266015,61.38932249,288.8596834,45.28144935,0.020851389,1
26-06-23 16:00,25.76412081,50.56084681,82.56178116,29.62116231,0.033892356,0
26-06-23 17:00,64.1767986,56.25523244,184.6518131,104.192953,0.010828978,1
26-06-23 18:00,41.49958818,27.90726211,258.1114671,44.04539331,0.030169847,1
26-06-23 19:00,60.96849826,56.22273982,159.3555583,57.41016137,0.021883985,0
26-06-23 20:00,50.3787986,75.16808418,114.6358529,35.25772784,0.027080572,0
26-06-23 21:00,29.23444045,67.30862222,73.07363011,40.15635233,0.010464392,0
26-06-23 22:00,52.49141425,95.40257692,72.44112355,58.42606907,0.010353097,1
26-06-23 23:00,87.76674322,54.58126051,174.3948221,42.02489604,0.000754081,1
27-06-23 0:00,57.63783253,70.5897876,253.3180139,50.08261666,0.013311187,0
27-06-23 1:00,49.140542,77.59019918,126.2221338,72.12351326,0.0126241,0
27-06-23 2:00,67.28651446,117.4334656,117.1204225,37.85439888,0.010658224,1
27-06-23 3:00,53.20440818,63.07151088,196.5114474,22.01993067,0.018192607,0
27-06-23 4:00,53.18691805,39.70755954,109.9514384,18.8318408,0.021040636,0
27-06-23 5:00,34.81726793,78.88497858,167.6072269,92.16829649,0.028745084,0
27-06-23 6:00,53.56240529,104.4016823,152.6230748,75.87977005,0.030012981,1
27-06-23 7:00,66.60379431,53.38253359,125.4142309,67.68521129,0.031677023,1
27-06-23 8:00,38.15806764,78.72383954,149.0303137,39.669106,0.032514629,0
27-06-23 9:00,73.39662566,88.06794811,278.8492394,22.00430667,0.0246324,0
27-06-23 10:00,48.63281963,82.9100099,189.9760695,43.18154227,0.02089278,1
27-06-23 11:00,37.47159203,62.66037639,225.4426483,47.69228583,0.037455358,0
27-06-23 12:00,65.95975091,46.06384946,97.64559842,25.55243585,0.032534509,0
27-06-23 13:00,45.7803374,58.30303904,225.7024655,19.73826121,0.002877215,1
27-06-23 14:00,61.96958618,69.9460811,192.3888627,15.72412999,0.017324959,0
27-06-23 15:00,45.70874362,80.30997524,69.76797468,67.7313271,0.000902352,0
27-06-23 16:00,49.10618701,67.18012495,185.4851651,24.22470812,0.000802195,0
27-06-23 17:00,57.64700474,52.2384278,119.5010685,58.02246226,0.012634859,0
27-06-23 18:00,54.44807696,72.12564262,67.72432426,40.52973783,0.01800126,0
27-06-23 19:00,24.04917038,79.17140591,158.2120337,65.78396631,0.013752939,0
27-06-23 20:00,34.43853142,68.18796688,185.4335634,58.73394711,0.001046048,0
27-06-23 21:00,64.80495269,43.48888393,159.6134143,44.36294945,0.034203855,1
27-06-23 22:00,48.03541124,56.2398355,143.2503058,53.31238992,0.010188221,0
27-06-23 23:00,42.41832494,81.25178264,129.9941363,47.27811946,0.028548486,1
28-06-23 0:00,31.46711313,33.82573341,340.666089,35.75227758,0.010513903,1
28-06-23 1:00,34.9697857,22.61535288,84.48023537,77.38375644,0.012780796,1
28-06-23 2:00,23.76069014,95.08121068,209.1295806,39.96013037,0.027503192,1
28-06-23 3:00,48.491047,71.1320387,150.9653629,47.85137519,0.014779357,0
28-06-23 4:00,41.38156383,73.293512,100.9765214,20.62960965,0.02281534,0
28-06-23 5:00,36.43547379,39.12614575,146.9891141,57.07641643,0.024667881,0
28-06-23 6:00,48.98278942,76.3040108,74.58327815,35.85388973,0.003276021,0
28-06-23 7:00,55.59203408,65.8938652,114.9095025,38.76093745,0.028329466,0
28-06-23 8:00,85.77944657,30.49426168,147.0798216,31.1255658,0.007635533,1
28-06-23 9:00,29.60754018,92.95282657,67.49096861,46.94621416,0.005926374,1
28-06-23 10:00,68.73488005,63.37012039,183.1874483,11.91598169,0.009958218,0
28-06-23 11:00,65.54345006,51.91756047,95.33794701,68.4557586,0.03502198,0
28-06-23 12:00,38.92059441,52.27652971,71.91240256,49.03786553,0.002077634,0
28-06-23 13:00,53.08984417,23.77201898,89.47770641,38.97292747,0.03168736,0
28-06-23 14:00,43.34492945,72.98814107,314.4057942,18.48528794,0.025778736,1
28-06-23 15:00,52.81980896,65.60185515,49.84741763,61.38930743,0.021205916,0
28-06-23 16:00,74.91444162,55.98081787,178.3989131,35.34892535,0.024129372,0
28-06-23 17:00,59.4508524,89.29997599,106.4124756,87.76976049,0.015610825,0
28-06-23 18:00,57.88780808,33.81155928,128.8525277,62.86749246,0.032313146,1
28-06-23 19:00,43.73052631,48.00198408,189.9340784,95.43189647,0.013720891,1
28-06-23 20:00,29.94157421,43.2335977,186.5231125,53.4805334,0.001922753,0
28-06-23 21:00,46.91643584,54.26189539,110.2365595,80.43067474,0.018782341,1
28-06-23 22:00,69.55502556,61.42369884,76.19811578,62.21174725,0.034748223,1
28-06-23 23:00,29.42472381,69.30765145,191.2061672,39.3356174,0.028598925,0
29-06-23 0:00,35.28687305,52.89414335,186.3542979,54.78539324,0.058906594,0
29-06-23 1:00,51.90995958,42.73015919,132.6766514,31.23694262,0.016141307,0
29-06-23 2:00,36.19972327,99.6700751,178.793413,114.5590309,0.017505494,0
29-06-23 3:00,38.74024171,119.3684566,123.328241,47.50889357,0.016430351,1
29-06-23 4:00,43.82545703,63.03981672,102.414099,50.65731823,0.009387001,0
29-06-23 5:00,31.38064983,44.96668708,150.2477305,60.20591346,0.013101262,0
29-06-23 6:00,36.33708568,94.24998409,184.0559162,26.37071731,0.006615684,1
29-06-23 7:00,61.04622959,32.75775995,169.9019562,88.27234244,0,1
29-06-23 8:00,32.09866901,53.13786995,183.3781473,27.52066329,0.011726411,0
29-06-23 9:00,28.58511334,46.10841035,105.9347018,23.41177165,0.02037747,0
29-06-23 10:00,40.94655678,37.66653748,263.8816577,45.92009042,0.03128496,1
29-06-23 11:00,61.5150914,54.23711147,129.3045444,22.92736882,0.011783648,0
29-06-23 12:00,47.08495108,42.97257641,142.6526174,96.36748812,0.011929583,0
29-06-23 13:00,43.24711941,60.26598395,78.01712612,44.39209025,0.039676445,1
29-06-23 14:00,50.66734967,60.57182842,138.1095317,0.598572701,0.004017293,0
29-06-23 15:00,26.86188295,47.53111347,184.9645206,55.11865118,0.017467603,0
29-06-23 16:00,57.66531849,52.42513973,201.1454479,64.7567563,0.038065084,1
29-06-23 17:00,55.89854789,55.23210854,262.2592493,39.99700921,0.010170941,1
29-06-23 18:00,44.02790632,77.99054325,184.1385471,21.61801205,0.002518625,0
29-06-23 19:00,66.1007518,56.91602951,167.7671602,47.4493416,0.0560496,1
29-06-23 20:00,34.35880597,78.338936,123.3016315,38.65348379,0.034705344,1
29-06-23 21:00,68.1908136,72.81683793,111.2686267,28.46592372,0.035354436,1
29-06-23 22:00,52.34127328,72.49211564,216.2888252,26.79954459,0.018594977,0
29-06-23 23:00,45.0649788,92.03394003,214.8691059,53.97912255,0.031481243,1
30-06-23 0:00,49.70229043,38.37234544,89.64644434,75.02189013,0,0
30-06-23 1:00,48.40253424,50.39900815,198.3306989,62.17766409,0.013576974,0
30-06-23 2:00,69.79333379,101.6931088,193.1869744,15.75798333,0.037854782,1
30-06-23 3:00,35.00905103,54.69567116,87.83036608,66.52338964,0.003511175,0
30-06-23 4:00,39.143647,12.7697846,185.5311116,71.1019986,0.014998322,0
30-06-23 5:00,66.61846707,55.79945902,91.01263291,90.66959067,0.025421142,0
30-06-23 6:00,41.42163783,62.86104315,33.57797546,28.95966635,0.009296842,0
30-06-23 7:00,64.31895598,15.31454614,140.1473958,48.59454559,0.020118166,0
30-06-23 8:00,78.37962241,90.68172487,166.5122296,65.15435758,0.026617217,1
30-06-23 9:00,44.13451384,45.77611648,142.8875224,37.64609626,0.025105122,0
30-06-23 10:00,60.68468952,67.061756,378.5159851,64.71155971,0.014069896,0
30-06-23 11:00,34.02562166,55.33098904,174.5393714,49.40107364,0.00879714,0
30-06-23 12:00,61.89062182,35.43439427,159.326268,30.98808685,0.02680922,0
30-06-23 13:00,53.03112972,39.23831067,177.9567486,32.70741327,0.02577151,0
30-06-23 14:00,57.31933945,41.6748303,123.586137,85.91440559,0.024892779,1
30-06-23 15:00,40.73318222,84.56713533,213.2760293,28.06808389,0.021871256,0
30-06-23 16:00,27.84294688,56.93434933,173.3445561,24.89266689,0.025789423,0
30-06-23 17:00,57.80204361,49.44933958,170.2942307,58.96526203,0.036338666,1
30-06-23 18:00,23.30658528,41.68345356,113.3296424,49.23848448,0.025247451,0
30-06-23 19:00,45.34045395,87.26531768,66.91213082,22.37051748,0.021592303,0
30-06-23 20:00,65.0035513,93.96405477,120.1716975,37.8238876,0.012402975,0
30-06-23 21:00,52.91529078,86.98504903,168.1439074,31.58185899,0.047936024,1
30-06-23 22:00,83.02117873,70.70492592,123.3928283,35.19352306,0.005815065,1
30-06-23 23:00,66.42748606,66.21243306,168.7435764,132.2506864,0.016878734,1
01-07-23 0:00,40.61910728,36.68306299,135.8013349,42.71016618,0.01263229,0
01-07-23 1:00,50.41044672,54.9284389,178.0236099,30.29853608,0.000781268,0
01-07-23 2:00,49.29168345,46.3404329,94.67360437,112.8075612,0.026036557,0
01-07-23 3:00,28.77063186,26.6629874,162.2788651,74.57335971,0.016871758,1
01-07-23 4:00,36.77836637,83.87392299,112.4052992,69.69675529,0.020513066,0
01-07-23 5:00,41.90303919,46.1138401,68.05520258,31.25478095,0.017234718,0
01-07-23 6:00,23.60288639,87.26019563,139.8415226,84.04598172,0.033754704,0
01-07-23 7:00,50.71465765,79.68288949,260.1814785,72.40577732,0.036434391,1
01-07-23 8:00,46.32595911,72.15597987,71.60364533,53.74214558,0.006018107,0
01-07-23 9:00,27.70516549,73.43400584,157.5475427,15.92951116,0.057594668,1
01-07-23 10:00,56.22658102,47.64632524,203.6653415,49.50319036,0.016330251,1
01-07-23 11:00,61.25056496,104.192264,325.4927647,102.2262487,0.03043704,1
01-07-23 12:00,53.45706184,60.90842375,120.6495861,55.65527626,0.022982571,0
01-07-23 13:00,45.24399755,66.4773095,112.8965108,41.01351796,0.021724943,0
01-07-23 14:00,59.2214361,47.00134713,85.24876183,44.4451447,0.029839566,1
01-07-23 15:00,60.66600515,41.74613264,229.086936,46.09477622,0.04630696,1
01-07-23 16:00,54.7055505,70.36493341,100.3010501,31.92779333,0.034244363,1
01-07-23 17:00,38.31080161,64.6387516,127.6617733,48.97398267,0.016284115,0
01-07-23 18:00,54.22551947,44.35821605,54.95281031,92.31281201,0.018673311,1
01-07-23 19:00,69.36138375,32.89664604,209.9366775,88.5387228,0.011936681,1
01-07-23 20:00,41.40653035,35.75067214,230.440516,32.84867024,0.032977557,0
01-07-23 21:00,85.87043956,87.26491186,207.1529542,86.78117702,0.030482383,1
01-07-23 22:00,42.39182387,47.68579025,65.12958547,70.76654111,0.014877255,0
01-07-23 23:00,50.48715541,53.05520904,190.1587344,67.03681655,0.046503029,1
02-07-23 0:00,40.36495294,93.61237573,62.24505825,61.35744066,0.040639957,1
02-07-23 1:00,53.3989124,38.32367103,153.6477309,29.33739115,0.059151621,1
02-07-23 2:00,26.90201104,45.52589087,163.0696896,40.35402637,0.00923425,0
02-07-23 3:00,42.10753466,44.74240026,169.9637329,72.90421928,0.018427068,0
02-07-23 4:00,34.81091071,97.90665652,185.1298006,24.19784948,0.016971706,0
02-07-23 5:00,52.04839169,107.8214202,149.498287,27.23026083,0.081997342,0
02-07-23 6:00,65.90563622,76.63009866,50.45493301,57.93620621,0.020157772,0
02-07-23 7:00,60.1074168,77.37161665,185.16319,32.13176895,0.045044732,0
02-07-23 8:00,20.04987771,48.31776283,156.1576729,72.63376456,0.039768514,0
02-07-23 9:00,84.80109326,106.5820306,98.47459797,32.85108527,0.018678034,1
02-07-23 10:00,54.51638935,65.72911327,66.69071077,56.28866859,0.020897418,0
02-07-23 11:00,38.95546381,79.00701124,260.4813966,58.52468197,0.029184437,1
02-07-23 12:00,52.38160797,57.80067955,236.0528897,38.64487889,0.044872001,1
02-07-23 13:00,52.67389019,54.47907787,197.1125931,44.18112578,0.017336669,0
02-07-23 14:00,40.44195646,99.07245179,110.475545,34.38695984,0.012638677,1
02-07-23 15:00,53.00792102,71.77114975,31.12253336,49.53592076,0.037524013,1
02-07-23 16:00,41.25693827,93.63862078,201.3008539,28.73234604,0.005596025,1
02-07-23 17:00,44.09807873,65.45968032,173.7246785,44.56217336,0.024235475,0
02-07-23 18:00,40.17679202,43.26389141,127.4258368,70.39299156,0.040334667,0
02-07-23 19:00,30.56247768,48.26023188,227.8915295,25.45783207,0.027439299,1
02-07-23 20:00,52.20881533,62.17817285,207.3144448,38.53497454,0.011892777,1
02-07-23 21:00,59.12206698,47.43224924,161.1920257,63.76234803,0.006987667,0
02-07-23 22:00,57.98835906,38.58301658,152.1985257,11.00870397,0.043220604,0
02-07-23 23:00,62.97115621,87.39486199,153.2010686,106.7191773,0.017281923,1
03-07-23 0:00,54.97029972,49.0030536,195.2701514,79.40914017,0.008015093,1
03-07-23 1:00,42.29291398,62.93069356,100.8193225,18.64103957,0.042112708,1
03-07-23 2:00,63.29999337,66.35034804,177.7127148,10.6780249,0.034740849,0
03-07-23 3:00,31.48009077,48.16767052,97.54799209,50.74307129,0.00649062,0
03-07-23 4:00,37.3011382,93.62401743,244.2529766,25.75873628,0.079194072,1
03-07-23 5:00,36.46668071,38.41203159,184.9570006,76.8107403,0.012228013,1
03-07-23 6:00,67.36736198,65.5968022,109.8276825,60.31576716,0.034388989,0
03-07-23 7:00,65.03067789,65.25933272,155.0762131,53.13014255,0.063624901,1
03-07-23 8:00,57.54704495,58.86506868,101.0120583,36.71916741,0.036578327,1
03-07-23 9:00,67.22798161,35.28780861,257.5811849,97.68026434,0.024348393,1
03-07-23 10:00,37.58389648,79.4246534,267.2321078,70.53937272,0.003237895,1
03-07-23 11:00,55.35044536,76.44293625,196.4223447,66.17057221,0.06515386,1
03-07-23 12:00,48.13805221,46.49765015,261.8301135,84.32180207,0.036087568,0
03-07-23 13:00,63.42044086,75.60803857,159.6254989,27.64271079,0.003367773,0
03-07-23 14:00,48.28491314,68.08389507,201.2172441,87.0701009,0.051871643,1
03-07-23 15:00,44.3740377,35.56709615,235.5449835,43.59484524,0.020989655,1
03-07-23 16:00,58.4062098,43.16128468,149.6412232,58.70437432,0.015788757,0
03-07-23 17:00,63.91020992,85.84743731,154.4743256,46.16186678,0.01182825,1
03-07-23 18:00,40.42150738,66.64134745,213.5838255,13.63249755,0.022826477,1
03-07-23 19:00,49.08759517,48.62729486,192.9138806,76.6832536,0.034885837,1
03-07-23 20:00,35.24368707,43.07747757,106.2080304,14.37413511,0.01281908,0
03-07-23 21:00,18.76939358,49.57517639,42.01650049,28.63947121,0.022090171,0
03-07-23 22:00,53.04707854,50.96227295,139.2143567,39.29453468,0.108375495,1
03-07-23 23:00,59.50434608,43.30825649,45.32515825,12.60945245,0.028290065,0
04-07-23 0:00,53.99968115,27.97356697,93.95410866,26.1185449,0.038253463,0
04-07-23 1:00,24.55736513,85.88972445,99.94333128,56.3003129,0.007422534,1
04-07-23 2:00,44.86035387,81.79650171,116.39998,41.69422136,0.003809181,1
04-07-23 3:00,21.64585038,35.69340468,205.3160965,43.60550838,0.049867094,1
04-07-23 4:00,72.42159774,62.89040836,221.3156443,29.63654914,0.043035702,0
04-07-23 5:00,34.88869582,42.2740484,183.3491977,51.16093124,0.05623366,0
04-07-23 6:00,70.40709236,54.60971443,191.9320765,42.1861582,0.018745471,0
04-07-23 7:00,65.08271404,52.93819781,193.5904928,17.05416732,0.044788931,1
04-07-23 8:00,37.3022077,51.29004464,31.35308558,45.0981382,0,0
04-07-23 9:00,34.29142748,108.0795843,150.6379791,23.57923928,0.029538294,1
04-07-23 10:00,55.37831253,51.04399068,57.08491355,74.86000811,0.039729855,1
04-07-23 11:00,38.04802252,44.00639529,183.3765553,40.6721642,0.010408568,0
04-07-23 12:00,51.54777273,44.85808564,45.46735109,132.1123671,0.040237698,1
04-07-23 13:00,42.99070862,83.55352159,138.9179399,76.97726496,0.017220347,1
04-07-23 14:00,26.45514908,29.40001421,186.0359214,46.79418079,0.018743847,0
04-07-23 15:00,21.5179673,44.85730932,87.63642522,65.49435799,0.016063027,0
04-07-23 16:00,53.45164948,93.52322414,215.6566331,10.85680223,0.052802785,1
04-07-23 17:00,41.89198091,65.21300384,183.2038818,76.83800754,0.013349515,1
04-07-23 18:00,42.00956109,64.08561319,174.6717082,31.51136707,0.011770992,0
04-07-23 19:00,60.92218407,111.5941485,196.5483365,52.26748198,0.008488853,1
04-07-23 20:00,68.97860093,65.26433798,128.3241427,33.39774074,0.014510332,0
04-07-23 21:00,45.9861098,45.88038207,159.633405,35.62515019,0.02323413,0
04-07-23 22:00,45.00702688,54.195733,150.6288295,45.57012425,0.031440812,1
04-07-23 23:00,57.75228855,38.0897313,149.2166358,51.9385292,0.009649687,0
05-07-23 0:00,31.48724059,88.74074461,110.7078123,49.32927637,0.026383635,0
05-07-23 1:00,53.39709311,72.56097782,81.60505917,49.95039621,0.030915059,1
05-07-23 2:00,58.5828677,85.50915792,129.6271945,17.28646511,0.007685804,0
05-07-23 3:00,60.66616626,87.67965752,126.4249948,124.6166062,0.021022145,1
05-07-23 4:00,24.69972049,51.55892946,107.2109486,55.96095285,0.018664022,0
05-07-23 5:00,39.1593328,41.49902703,207.6093352,61.51357919,0.021197956,1
05-07-23 6:00,37.59739755,58.91803603,84.98149651,41.8470041,0.012362834,0
05-07-23 7:00,51.50828172,42.81458534,139.4571699,30.43857193,0.017887085,0
05-07-23 8:00,57.44228405,63.50491054,231.0583219,53.84432865,0.02050003,1
05-07-23 9:00,74.69079816,85.69649952,211.7796816,57.48296616,0.060248791,1
05-07-23 10:00,42.82050862,56.51147384,234.8945927,87.629341,0.020721831,1
05-07-23 11:00,42.78399092,63.18364468,115.1703441,114.8899278,0.046788685,1
05-07-23 12:00,68.56682603,58.04245256,202.708655,93.47034565,0.048624905,0
05-07-23 13:00,54.53661196,77.82383635,90.34378658,15.19865023,0.004115536,0
05-07-23 14:00,70.62171302,46.64546971,133.2145164,39.12550107,0.015595346,0
05-07-23 15:00,54.4142839,21.11119278,138.8384729,58.73374741,0.048675413,1
05-07-23 16:00,33.98216959,70.22082227,115.9995384,40.4735445,0.022996136,0
05-07-23 17:00,31.78030589,82.20824811,128.1720819,48.91009195,0.018178494,0
05-07-23 18:00,29.13450652,69.67273409,120.6245234,10.17642241,0.033688114,1
05-07-23 19:00,60.36909015,47.17000223,94.39097241,75.36268126,0.040499234,1
05-07-23 20:00,69.24171475,38.09712463,207.9265087,13.66561609,0.01953265,1
05-07-23 21:00,81.16057245,70.75123988,138.7966028,18.10593181,0.015780209,1
05-07-23 22:00,63.35740659,63.00108245,162.8332441,27.72190079,0,0
05-07-23 23:00,68.79477222,57.3820905,160.3969916,47.59018977,0.020759498,0
06-07-23 0:00,41.63617396,103.2537892,153.4383715,17.33157886,0.014337347,1
06-07-23 1:00,33.99106029,41.46184365,155.8519602,26.86348922,0.006934854,0
06-07-23 2:00,63.47382486,102.0019121,131.4711018,82.68385019,0.016841125,1
06-07-23 3:00,56.43966849,60.66897733,250.7209023,47.22886572,0.013844108,1
06-07-23 4:00,51.62320991,26.50699845,201.0189432,61.40256342,0.02279249,1
06-07-23 5:00,55.96062887,56.28491465,151.1509044,23.67881906,0.015769481,0
06-07-23 6:00,54.95223109,81.53036669,123.2582438,48.66279434,0.027751378,1
06-07-23 7:00,70.90543863,52.53374208,142.6584077,46.65871405,0.02287322,0
06-07-23 8:00,71.10177144,32.29210825,177.1477912,32.01560359,0.045242573,1
06-07-23 9:00,58.45948108,56.58579238,257.2451775,48.73089901,0.012307656,0
06-07-23 10:00,63.40242559,43.10149687,75.49608582,13.43728205,0.057981172,1
06-07-23 11:00,57.97519859,70.69092453,193.8477388,61.5423515,0.04049287,1
06-07-23 12:00,43.29513154,77.13861705,228.0372642,40.49146536,0.050419131,1
06-07-23 13:00,61.92086023,39.4918822,70.34208648,43.76800065,0.024235964,0
06-07-23 14:00,31.02719046,45.92535389,138.874964,73.47066,0.015736353,1
06-07-23 15:00,66.91906069,76.7482535,90.26681777,61.36079571,0.012261002,0
06-07-23 16:00,33.50904096,43.0706904,178.0202352,42.34553979,0.057250845,0
06-07-23 17:00,54.36873282,39.03127849,128.3735591,25.82564235,0.041154583,0
06-07-23 18:00,38.03697584,37.33145541,141.9679254,88.51255851,0.006919034,1
06-07-23 19:00,58.60707411,67.57870765,125.3228133,21.88473089,0.03850904,1
06-07-23 20:00,49.49227253,66.63567985,198.1220268,66.92248066,0.008837897,0
06-07-23 21:00,28.62190719,46.33691182,164.6292966,17.72015363,0.025504146,0
06-07-23 22:00,56.48748264,60.10683211,164.7528858,75.47430678,0.035261415,1
06-07-23 23:00,41.66518077,95.56798005,160.1936603,78.32896357,0.049704701,1
07-07-23 0:00,63.99362036,40.96792649,187.7471549,13.15896963,0.023969993,0
07-07-23 1:00,50.01988709,24.72735403,134.0385346,61.83908229,0.017909928,0
07-07-23 2:00,56.08767254,69.86722776,273.6542335,59.56556597,0.020711958,0
07-07-23 3:00,36.55340398,57.69985818,81.97363651,69.05906759,0.040484028,1
07-07-23 4:00,41.50732901,45.84567661,60.00286393,59.53120825,0.034478744,1
07-07-23 5:00,43.33076986,74.33149794,56.58541686,28.72026216,0.01973946,0
07-07-23 6:00,63.58447634,78.6801763,45.97386302,44.7107463,0.00060262,0
07-07-23 7:00,77.97425021,20.9408993,194.792059,99.92930768,0,1
07-07-23 8:00,38.57072527,46.93426995,186.2845192,25.98641519,0.023757705,0
07-07-23 9:00,67.3123241,116.7241631,234.2383751,58.38416074,0.005286058,0
07-07-23 10:00,22.16233883,72.76204518,90.65901748,82.7575033,0.012377525,0
07-07-23 11:00,33.51324731,74.8838506,199.9256176,28.17595316,0.016523433,1
07-07-23 12:00,36.53757929,86.69430133,153.5708777,20.60218703,0.066159143,1
07-07-23 13:00,31.54164941,60.35888235,160.5781626,23.15648702,0.022002885,0
07-07-23 14:00,28.75392634,77.68242584,191.449855,60.34229117,0.033074728,1
07-07-23 15:00,56.36555178,75.85272257,106.1641631,23.00875001,0.028836462,0
07-07-23 16:00,46.83480951,71.75572003,351.8662195,46.67096601,0,1
07-07-23 17:00,55.83502942,53.39328618,243.8859499,89.92294063,0.014086923,1
07-07-23 18:00,60.83384282,63.65764378,118.4646452,48.72519446,0.004944938,0
07-07-23 19:00,54.05480728,48.16366115,88.96712846,32.3696585,0.056584941,0
07-07-23 20:00,60.29910004,60.26934671,144.5523527,53.18242458,0.000820684,0
07-07-23 21:00,48.96185045,37.50974771,161.5904616,48.29732653,0.013798095,0
07-07-23 22:00,33.60405248,44.33452563,223.414169,61.93113778,0.016032298,1
07-07-23 23:00,66.98618355,54.19099725,85.15039444,98.3435011,0.007142204,1
08-07-23 0:00,41.51037111,41.51805585,168.3319507,60.39149805,0.021653645,0
08-07-23 1:00,36.84139595,49.77720098,68.46388264,113.2533767,0.019328914,1
08-07-23 2:00,47.36288663,56.59786208,178.4147973,62.00444706,0.022688482,0
08-07-23 3:00,37.14105998,68.69023173,143.3503292,32.58310962,0.028797353,0
08-07-23 4:00,43.91279239,81.28603748,293.5468562,122.9165666,0.023957351,1
08-07-23 5:00,55.27918192,50.58317212,67.71558419,46.92628818,0.026521906,0
08-07-23 6:00,55.34646806,90.71095347,246.9344279,26.96608707,0.04150643,0
08-07-23 7:00,37.33864783,81.03231879,60.92878886,124.2923613,0.001769545,1
08-07-23 8:00,42.92227594,70.96713636,77.61828052,33.28445895,0.032669323,1
08-07-23 9:00,67.26918648,63.2620438,62.05746704,32.4800205,0.006549242,0
08-07-23 10:00,57.69241484,66.85429485,166.0230966,37.12559646,0.010959646,0
08-07-23 11:00,85.43187051,87.04170982,84.90923772,54.1969659,0.021981355,1
08-07-23 12:00,69.09462511,87.94089363,76.63726801,75.87104376,0.027088691,1
08-07-23 13:00,68.47380266,90.70700545,162.9196633,4.828500696,0.029304559,1
08-07-23 14:00,31.10815086,60.87042533,179.4605676,75.73772158,0.007557816,1
08-07-23 15:00,62.04138791,72.1162933,152.5001093,37.05916082,0.054081479,1
08-07-23 16:00,49.20621831,90.92215246,140.0191935,40.18908438,0.013838162,1
08-07-23 17:00,42.03885389,47.48549581,284.3763147,101.7054441,0.010042125,1
08-07-23 18:00,52.54845926,53.46533001,159.2423759,55.46920511,0.004502489,0
08-07-23 19:00,65.07159786,60.33715569,204.2505496,61.79384319,0.003706708,1
08-07-23 20:00,57.76330615,80.10549033,159.0551933,48.79307138,0.003481527,1
08-07-23 21:00,37.5946092,80.47492526,88.61472605,70.84051458,0.025326198,1
08-07-23 22:00,61.68812894,55.23180102,186.1822389,98.30413897,0.030761963,1
08-07-23 23:00,40.84270474,31.73305519,111.5930887,6.50121239,0.008413271,0
09-07-23 0:00,53.29719836,65.26077263,144.3630372,80.64463833,0.005641601,1
09-07-23 1:00,45.54177025,41.98031791,169.6472924,95.8557605,0.016748053,1
09-07-23 2:00,46.76490866,32.04120454,51.27599548,63.27977433,0.021584976,0
09-07-23 3:00,62.08077292,35.85475421,64.94909978,34.44239899,0.024415111,0
09-07-23 4:00,35.47909718,67.01378801,211.8038942,25.17638419,0.00736096,0
09-07-23 5:00,82.96170999,91.36041863,111.1592032,125.7810873,0.017408723,1
09-07-23 6:00,26.00006343,60.81905402,113.7589924,29.83239425,0.052442977,0
09-07-23 7:00,41.39219141,64.50601642,160.5686103,94.85074709,0.005166158,1
09-07-23 8:00,55.69023519,86.93965437,126.7879228,60.2202804,0.019536491,0
09-07-23 9:00,59.10613554,31.14445836,177.1455542,113.7020412,0.02874964,1
09-07-23 10:00,48.50295956,71.32958012,146.8205688,42.34736449,0.007324324,0
09-07-23 11:00,49.14243315,59.75681601,162.6493432,17.56342619,0.030902145,0
09-07-23 12:00,56.32680265,72.36783821,109.0894818,50.05428532,0.003952888,0
09-07-23 13:00,46.58735094,50.19747296,162.3245502,19.46738879,0.031360113,1
09-07-23 14:00,72.83867289,43.82684902,226.3953993,138.4264725,0.020699344,0
09-07-23 15:00,63.29474365,62.98030112,116.4497647,66.92625964,0.003333534,0
09-07-23 16:00,63.85418761,98.71276582,212.2342393,71.26972222,0.032421303,0
09-07-23 17:00,36.44110796,79.19086151,146.7934309,71.28870654,0.008073931,0
09-07-23 18:00,48.81547616,49.72507975,199.1418833,34.10345792,0.017617539,1
09-07-23 19:00,45.58329056,34.53689625,158.1476997,46.75153384,0.031274001,1
09-07-23 20:00,35.92721349,28.92061256,147.9185152,52.79565684,0.007359357,0
09-07-23 21:00,55.532181,90.23626514,172.5919702,109.9333187,0.012384663,0
09-07-23 22:00,42.22437659,41.31154521,234.6867619,25.08928933,0.041823251,1
09-07-23 23:00,60.26061163,53.3231568,165.0905325,33.37790621,0,0
10-07-23 0:00,35.09243654,90.36383191,181.2821275,41.32187931,0.048736673,1
10-07-23 1:00,78.74070982,30.0150863,127.7843797,34.52023299,0.003004053,1
10-07-23 2:00,37.35842236,94.67783475,262.9865105,19.91223784,0.01027861,1
10-07-23 3:00,53.33762857,54.77005069,192.4812591,4.328666618,0.024757868,0
10-07-23 4:00,62.50493082,37.85861583,154.8930104,14.34097046,0.030741571,1
10-07-23 5:00,41.76602405,54.89740425,142.424409,81.09934869,0.025034235,1
10-07-23 6:00,63.51373244,45.60868675,216.8570943,49.79473013,0.020762948,1
10-07-23 7:00,33.07313835,69.54869892,114.3171455,72.98284875,0.013593686,0
10-07-23 8:00,73.8904113,47.01933237,57.64217142,36.45512637,0.052293539,1
10-07-23 9:00,50.21243918,25.33707748,154.5564252,47.5706182,0.034159687,0
10-07-23 10:00,41.40953545,55.44115852,232.8719511,98.13576889,0.042955819,0
10-07-23 11:00,45.60178315,34.27287562,264.6503831,96.05090761,0.013790909,0
10-07-23 12:00,62.78813943,64.35333749,143.3632005,76.21123781,0,1
10-07-23 13:00,41.57475861,37.18418066,152.7356283,55.18336356,0.039441871,1
10-07-23 14:00,39.32117161,50.10896588,184.0901233,63.75411267,0.026084072,0
10-07-23 15:00,46.7260295,63.88435135,133.897445,59.67807571,0.023026096,0
10-07-23 16:00,33.73080812,55.60607484,183.8754224,45.91042382,0.011887745,0
10-07-23 17:00,80.62253874,65.35310893,144.7061513,40.38129959,0.014793662,1
10-07-23 18:00,41.82488396,74.98021642,219.3477106,81.83832805,0.011491786,1
10-07-23 19:00,63.16583827,37.69460799,198.322487,22.64526351,0.020728806,1
10-07-23 20:00,53.18592897,58.65387221,204.5780544,93.82066087,0.00569845,1
10-07-23 21:00,36.20129654,6.708813559,137.4205792,43.34153605,0.0339465,1
10-07-23 22:00,49.91071482,65.28575998,292.6256338,22.32887222,0.06502964,1
10-07-23 23:00,62.37470205,53.81863697,181.649521,37.25510521,0.011509124,0
11-07-23 0:00,47.2115223,40.79831512,165.8228044,30.43357028,0.002126296,0
11-07-23 1:00,69.32021269,66.779626,105.915269,36.60234408,0.01839898,0
11-07-23 2:00,66.36622459,86.68947853,143.9895489,36.20950438,0.025341671,0
11-07-23 3:00,64.62812733,50.34351664,157.2272314,35.36233791,0.02786838,0
11-07-23 4:00,43.31643276,41.49790734,104.4927821,42.58558596,0.053344287,1
11-07-23 5:00,34.968423,63.50638052,132.2428743,48.39325345,0.03504945,1
11-07-23 6:00,41.17267567,34.62802775,139.8024367,70.84693551,0.000860177,0
11-07-23 7:00,52.98212462,46.78614655,153.513804,44.05618958,0.004807316,0
11-07-23 8:00,58.48468384,87.91184596,58.47362872,58.46938886,0.026984126,1
11-07-23 9:00,22.14215129,61.31156321,141.6553799,50.18845296,0.013352315,0
11-07-23 10:00,49.8783678,25.82978786,127.2702044,64.39120197,0.051128863,1
11-07-23 11:00,52.39633058,27.10694388,148.6973575,51.17341925,0.00764053,0
11-07-23 12:00,45.91386697,63.4432072,221.1355708,35.08459084,0.03814025,1
11-07-23 13:00,71.03649571,79.22577835,303.5486818,29.57428049,0.010875485,1
11-07-23 14:00,56.50459954,29.95499814,195.1597487,55.38832941,0.024401327,1
11-07-23 15:00,71.36948146,69.7473269,81.99140284,86.69894058,0.00880957,1
11-07-23 16:00,46.80723114,90.59193443,129.1279013,44.42937861,0.029878725,0
11-07-23 17:00,64.94102644,104.9910561,189.3787404,33.95203824,0.04061551,1
11-07-23 18:00,77.19943803,67.12024073,181.6070743,43.79260336,0.024239943,1
11-07-23 19:00,71.39594144,71.02812779,217.5567311,36.91062862,0.061480482,1
11-07-23 20:00,34.81064936,22.02884072,143.9724262,34.66007606,0.010030106,0
11-07-23 21:00,46.25921039,110.7082447,128.0740293,20.16203141,0.02159629,0
11-07-23 22:00,44.94166809,48.411489,277.9524396,44.06899907,0.035679974,0
11-07-23 23:00,57.57818803,41.70415828,153.6875661,56.06120144,0.007509788,0
12-07-23 0:00,60.76638453,54.73836643,92.65961222,26.46394589,0.021008241,0
12-07-23 1:00,38.12035081,95.17287646,255.2519694,30.35594839,0.031947485,1
12-07-23 2:00,51.02217977,113.682168,69.9238421,28.99491477,0.037457435,1
12-07-23 3:00,23.78119644,62.65717327,23.78716083,21.10167818,0.04218091,1
12-07-23 4:00,73.70838049,82.45402565,201.6384083,28.84966621,0.008360805,1
12-07-23 5:00,42.57691375,60.91008491,211.8950682,45.17103078,0.024861413,0
12-07-23 6:00,50.84107988,39.82182423,176.9042492,21.85191231,0.004148396,0
12-07-23 7:00,45.45113724,94.28277489,78.77484585,46.6181921,0.009984167,0
12-07-23 8:00,68.50379283,47.51588682,146.341428,33.89792677,0.017305137,0
12-07-23 9:00,15.48884618,95.78292837,133.0787307,29.36447153,0.042230839,0
12-07-23 10:00,49.75112077,89.7986823,118.1515137,59.85707988,0.029282727,0
12-07-23 11:00,48.42391625,73.46032234,250.2179799,35.22614224,0.020646278,1
12-07-23 12:00,43.40124016,103.4261929,91.15643037,38.91239245,0.027782386,1
12-07-23 13:00,78.87325627,114.3543199,170.3560605,87.50463529,0.029154223,1
12-07-23 14:00,37.47741169,56.36595473,233.1824257,29.53811626,0.026312909,1
12-07-23 15:00,62.172612,43.9965454,174.7130812,96.50275299,0.011790909,1
12-07-23 16:00,55.47070788,26.06358646,236.8121472,41.66809778,0.007438731,0
12-07-23 17:00,70.51421961,114.696225,187.1388159,25.46903989,0.01657693,1
12-07-23 18:00,40.437305,51.05665822,177.9404012,37.07186777,0.009188868,0
12-07-23 19:00,39.54270992,85.768237,173.7345862,51.73356263,0.031098412,0
12-07-23 20:00,67.64241785,45.25782656,190.59808,86.0839363,0.051476419,1
12-07-23 21:00,56.56071784,95.85297023,126.7956488,71.88498344,0.02997132,0
12-07-23 22:00,29.21277121,46.03277754,78.80213742,51.6099235,0.000867588,0
12-07-23 23:00,42.20127468,37.10418993,215.0889062,86.26136676,0.011071006,1
13-07-23 0:00,55.94503136,55.68657735,230.7067648,13.58897493,0.020291373,0
13-07-23 1:00,63.26831221,49.25688837,166.1296356,56.42270148,0.00321918,0
13-07-23 2:00,40.27289448,73.05565565,117.5308187,58.03668107,0.020502064,0
13-07-23 3:00,14.77904813,58.92466869,67.20157591,58.364889,0.028169892,0
13-07-23 4:00,58.12211029,73.77276573,155.4071209,17.52398118,0.048496385,0
13-07-23 5:00,33.18437224,54.01558931,76.60860565,27.67952246,0.059022398,1
13-07-23 6:00,23.80957385,46.69629693,70.24078378,45.92128065,0.005194803,0
13-07-23 7:00,15.53718127,48.25604286,148.7068583,81.59806792,0.018175368,1
13-07-23 8:00,62.87227774,109.2163768,105.7644693,108.8863267,0.018368963,0
13-07-23 9:00,51.9458042,64.8046425,172.2972794,34.71354132,0.010117003,0
13-07-23 10:00,46.66607509,24.24396236,140.1962754,22.40092606,0.02160757,0
13-07-23 11:00,72.76475413,49.48153684,114.2933726,72.39043607,0.018738119,0
13-07-23 12:00,59.966053,62.04826122,60.88322005,135.864042,0.030951108,1
13-07-23 13:00,76.85692647,103.8616433,101.0590011,81.34946853,0.047227027,1
13-07-23 14:00,31.04868001,83.19000461,102.987942,32.96553477,0.022170384,0
13-07-23 15:00,49.48293439,41.91827109,82.42654377,146.0868365,0.01287965,1
13-07-23 16:00,28.36306151,119.5581377,130.0843524,68.58507167,0.006746775,1
13-07-23 17:00,46.61188128,59.34708879,86.19387334,32.10177537,0.065194313,1
13-07-23 18:00,46.33257204,88.50293303,139.9269484,109.5821288,0.03697728,0
13-07-23 19:00,59.79184921,37.7458885,165.3724862,30.52086197,0.026874681,0
13-07-23 20:00,50.68553428,18.26535435,102.4597186,35.63003988,0.017426957,0
13-07-23 21:00,59.73974353,33.3984576,177.6738744,69.74945402,0.053584517,1
13-07-23 22:00,61.04643002,7.58999856,76.03490457,49.37922788,0.017522453,0
13-07-23 23:00,86.96764777,111.0452579,87.91054399,50.92928688,0.001400161,1
14-07-23 0:00,45.36996215,64.57422786,143.0008278,50.97177864,0.02445114,0
14-07-23 1:00,36.77018321,41.86492545,195.772221,81.58819466,0.004877626,0
14-07-23 2:00,53.75181138,69.8124074,208.7267631,8.098609545,0.024516868,1
14-07-23 3:00,38.60945283,64.02978583,266.373235,57.3556916,0.046926236,1
14-07-23 4:00,74.42561925,73.61793873,127.3141104,42.99756957,0.001631717,0
14-07-23 5:00,45.83194187,87.59460874,142.1287071,32.88635002,0.008033877,0
14-07-23 6:00,41.83623111,54.0377372,91.85629193,32.83228258,0.036078899,1
14-07-23 7:00,43.15240269,42.68455038,81.07118434,4.935300492,0.012756881,0
14-07-23 8:00,61.29238495,78.41109721,164.5992266,31.95196181,0.027159715,0
14-07-23 9:00,47.65867936,77.81459517,105.1198908,87.25745026,0.027199474,1
14-07-23 10:00,40.78673401,62.13067353,236.136251,72.87831791,0.036607123,0
14-07-23 11:00,77.75367577,112.8412513,71.43232393,45.32533688,0.010908776,1
14-07-23 12:00,37.89047919,51.09326774,181.816312,20.69353509,0,0
14-07-23 13:00,50.53475606,42.31759915,93.21036607,72.57315407,0.026822339,0
14-07-23 14:00,60.21009559,69.04212064,102.7607849,87.89331888,0.002281258,1
14-07-23 15:00,28.19122759,46.50961667,185.438355,79.06354262,0.03758649,1
14-07-23 16:00,57.43455767,70.77415195,110.4983589,28.59714873,0.019329136,0
14-07-23 17:00,35.28663707,43.54768076,119.359695,30.62207838,0.015526403,0
14-07-23 18:00,63.01871322,51.83520289,103.1977095,99.62390776,0.032479491,1
14-07-23 19:00,36.48693179,105.0705651,280.6823501,24.15523332,0.001232558,1
14-07-23 20:00,60.87146441,51.72941716,113.6948416,62.64139821,0.016916938,0
14-07-23 21:00,67.81036276,44.18136326,153.2379594,15.03763375,0.027767762,0
14-07-23 22:00,63.66362077,86.6399878,137.6250146,42.76268378,0.02423729,1
14-07-23 23:00,53.83290978,39.58515282,164.1327194,65.65596299,0.012895578,0
15-07-23 0:00,46.58398598,46.16844765,113.8463499,49.25354495,0.013027819,0
15-07-23 1:00,41.68596588,72.60641762,137.6908882,63.92128853,0.051836662,0
15-07-23 2:00,74.22946342,81.0275639,175.5531897,23.85560977,0.037101655,0
15-07-23 3:00,39.99686526,87.86434814,100.5307418,31.51716055,0.010696607,1
15-07-23 4:00,35.51951494,45.14585222,225.2023109,62.74190631,0.047030416,1
15-07-23 5:00,60.42324985,73.04902164,232.5247168,68.8791628,0.033791738,0
15-07-23 6:00,38.69178176,50.53761309,190.112789,55.6402744,0.028529808,0
15-07-23 7:00,36.65166819,47.83145982,154.3965702,76.36719864,0.029257334,1
15-07-23 8:00,30.42992933,87.43904993,27.57048914,16.80881599,0.005602843,1
15-07-23 9:00,42.98955432,48.91237274,177.5983336,38.99707283,0.050881683,0
15-07-23 10:00,48.76611642,65.95839321,126.4606866,105.5336227,0.037940224,1
15-07-23 11:00,53.7054695,63.30347631,134.9717558,87.02859743,0.024102231,1
15-07-23 12:00,65.17457723,39.2339305,53.01416125,67.0454461,0.024075737,0
15-07-23 13:00,58.18109028,81.68795307,182.3110579,46.18824236,0.018561503,0
15-07-23 14:00,47.17334891,72.23677079,72.05400687,79.08292086,0.011870948,0
15-07-23 15:00,47.06634638,24.20592274,157.4856804,61.28102532,0.029409997,0
15-07-23 16:00,57.91262268,65.94128705,211.4515236,18.97186667,0.009171507,0
15-07-23 17:00,70.70798726,44.66378978,121.9886023,77.86868973,0.02247931,1
15-07-23 18:00,51.91066827,84.84394278,234.8759236,30.59900823,0.021586281,1
15-07-23 19:00,43.18312095,32.78037446,106.6610691,70.72358496,0.026608,0
15-07-23 20:00,36.09279288,52.7045974,189.6901866,17.43478444,0.037717854,1
15-07-23 21:00,30.41053929,67.79910823,78.66568568,97.64607178,0.026941436,0
15-07-23 22:00,60.43796036,61.14557548,220.825032,43.35429459,0.032540166,1
15-07-23 23:00,59.00373703,76.89528134,209.3535538,25.95847299,0.00025105,1
16-07-23 0:00,58.99380152,31.57154629,180.588525,34.20948754,0.028002556,0
16-07-23 1:00,48.08666156,98.78343254,126.3477759,41.91917451,0.021217806,1
16-07-23 2:00,73.08348657,71.4417032,74.16859552,49.85585696,0.026362137,0
16-07-23 3:00,42.9725933,91.3273329,126.5005794,88.16616466,0.0123745,0
16-07-23 4:00,65.24157787,79.50548736,226.7908906,51.76832537,0.042388693,0
16-07-23 5:00,49.42035759,59.75638979,158.2239575,9.865719285,0.024195034,0
16-07-23 6:00,41.24482918,35.50558514,67.40673413,23.79330762,0.00974721,0
16-07-23 7:00,59.23904677,48.64177148,87.29459611,141.7503642,0.01187591,0
16-07-23 8:00,56.31234353,97.17089737,237.7442932,53.43971027,0.036889377,0
16-07-23 9:00,55.48202094,91.97335019,181.9229001,76.48175837,0.018657197,1
16-07-23 10:00,51.22578251,47.56425662,82.01153024,42.57657854,0.019924604,0
16-07-23 11:00,49.43303966,12.72986856,58.34449673,27.91244882,0.01695387,0
16-07-23 12:00,91.52990067,55.60137096,113.2789326,38.66284217,0.039245243,0
16-07-23 13:00,69.16631348,54.08239878,54.85525514,53.25755485,0.028415206,0
16-07-23 14:00,61.36488214,54.84835468,140.4060507,39.12954403,0.005233721,0
16-07-23 15:00,51.68948642,71.51835377,339.2893875,109.0032499,0.007244051,1
16-07-23 16:00,66.12172364,79.55208689,65.49185752,35.73298266,0.020073143,0
16-07-23 17:00,58.03824023,82.26733028,138.5810293,26.96714424,0.010951841,1
16-07-23 18:00,50.39375798,69.6578769,242.322319,72.1825547,0,1
16-07-23 19:00,45.53868642,27.04797794,200.1847869,75.9059486,0.009744773,1
16-07-23 20:00,48.79278755,53.0094315,140.8364481,50.75212392,0.015776364,0
16-07-23 21:00,12.49521331,116.3491301,140.9817157,36.03414026,0.014079978,1
16-07-23 22:00,53.2033653,68.06860868,85.77240315,13.32104143,0.033090691,1
16-07-23 23:00,42.91146768,67.92714779,133.701352,84.98852117,0,1
17-07-23 0:00,76.4266477,67.74304995,165.5706249,73.97721691,0.009431798,1
17-07-23 1:00,50.29053526,68.98178242,226.3972521,39.58329721,0.034629841,1
17-07-23 2:00,33.57918272,18.4734797,113.5467304,51.4999586,0.01065473,0
17-07-23 3:00,49.25428572,55.05604719,138.3515288,44.48721807,0.005020149,0
17-07-23 4:00,35.40255305,59.20640433,96.08019485,98.67654263,0.010498856,0
17-07-23 5:00,57.32522582,89.37474907,164.3874523,27.28386564,0.027736619,1
17-07-23 6:00,54.44886083,61.00453984,202.672077,35.65189142,0.016138183,1
17-07-23 7:00,65.28505123,29.4897605,191.7317406,33.62293353,0.009977352,0
17-07-23 8:00,38.76226713,69.3093373,85.07933453,58.04263223,0.028404817,0
17-07-23 9:00,50.51127799,44.08888348,159.3083634,51.41268789,0.026419458,0
17-07-23 10:00,31.38795757,36.66835248,110.4204805,55.1217859,0.004573312,0
17-07-23 11:00,61.01451666,43.52639199,219.3239588,30.31122859,0.021543528,1
17-07-23 12:00,58.05229501,71.83405508,140.0740856,93.73717655,0.004274223,0
17-07-23 13:00,57.68289793,88.81070582,68.88394107,39.2673432,0.042828802,1
17-07-23 14:00,50.02428809,70.49136085,136.5522103,83.9208584,0.044246694,1
17-07-23 15:00,56.39362991,73.87166773,179.9157182,158.03996,0.015645492,1
17-07-23 16:00,76.6389906,70.26960847,165.6076127,30.45474624,0.040441816,1
17-07-23 17:00,45.80486488,62.14327151,119.5843601,58.91130476,0.009616152,0
17-07-23 18:00,52.09890024,75.3641118,115.4756828,46.7618676,0.017820566,0
17-07-23 19:00,34.88777585,17.98142733,94.13196473,113.1454785,0.011669307,0
17-07-23 20:00,37.72996267,62.35136631,126.2631123,43.21995169,0.019606832,0
17-07-23 21:00,51.47676684,39.69437676,100.9131836,56.40282929,0.021073087,0
17-07-23 22:00,67.77767248,86.44946761,216.2767751,55.82611569,0.019957412,1
17-07-23 23:00,46.2214675,56.94222062,98.55120466,47.52027049,0.01858146,0
18-07-23 0:00,46.51690867,60.65134653,157.7324998,70.59906604,0.022085206,0
18-07-23 1:00,44.06227693,31.79135266,153.4116874,52.36107867,0.044814263,0
18-07-23 2:00,42.26461463,82.90436625,214.469937,62.74283674,0,1
18-07-23 3:00,54.51158,73.76420138,225.2058577,55.47694597,0.06180456,1
18-07-23 4:00,29.78291578,72.16119194,196.4043664,35.98295444,0.014756694,0
18-07-23 5:00,70.85489985,43.91802934,172.8053719,43.49297028,0.018771732,0
18-07-23 6:00,40.46145236,44.65134117,91.05756831,64.81105495,0.046569951,1
18-07-23 7:00,61.34969692,64.77058362,90.0505191,64.6960021,0.030811239,0
18-07-23 8:00,32.56291748,46.13902545,101.4354815,85.77536882,0.029419037,1
18-07-23 9:00,60.47994908,69.41645005,200.3873736,106.8514701,0.044584882,1
18-07-23 10:00,60.53067867,21.62515026,154.6153842,37.78781639,0.017445316,0
18-07-23 11:00,55.91064231,50.11811386,208.81847,53.42642707,0.037238017,1
18-07-23 12:00,36.07246026,102.5743073,218.7088508,45.27707218,0.004598699,1
18-07-23 13:00,53.80549714,69.51892408,107.7900432,25.99569968,0.027203367,0
18-07-23 14:00,33.65377917,63.54439714,152.010818,65.07004598,0.029935982,0
18-07-23 15:00,46.27244044,107.6014438,149.1889081,71.26102106,0.04227709,0
18-07-23 16:00,66.50088785,19.12999297,130.157938,26.55494965,0.032828393,1
18-07-23 17:00,62.58526287,43.87556491,118.2886629,41.05826579,0.023397197,0
18-07-23 18:00,50.22797466,51.81677326,232.4690926,38.86636749,0.015220872,1
18-07-23 19:00,36.32814922,79.13052615,153.2644393,19.11541768,0.015064342,0
18-07-23 20:00,60.10059918,79.53894473,150.822586,49.09453668,0.01518324,0
18-07-23 21:00,50.2910942,42.93881054,103.6931073,25.30369358,0.004287405,0
18-07-23 22:00,20.5791305,82.45091001,194.9362479,54.05067926,0.057013522,1
18-07-23 23:00,62.35195684,51.77438409,93.24222773,56.94531731,0.038970857,1
19-07-23 0:00,49.63709472,87.64653801,179.6732298,60.28897031,0.024266317,1
19-07-23 1:00,69.48265772,39.91402975,181.5346059,61.61735024,0.035031365,0
19-07-23 2:00,34.77055973,57.43326505,125.2388214,95.30485635,0.033750107,0
19-07-23 3:00,12.44088992,50.06688237,170.4586721,31.74557222,0.007070373,0
19-07-23 4:00,54.26414568,83.84943802,161.8111866,32.7638386,0.031404377,1
19-07-23 5:00,54.45846453,49.43154475,147.5492565,67.66681663,0.0451527,0
19-07-23 6:00,27.49829614,59.11128371,150.810004,46.75271924,0.010532308,0
19-07-23 7:00,36.27996817,71.02832604,153.8842659,81.93224509,0.002517502,1
19-07-23 8:00,98.91949097,71.89638836,158.2207418,64.98870271,0.005458348,1
19-07-23 9:00,45.50923864,79.80603215,153.7869016,108.9902364,0.018486364,1
19-07-23 10:00,61.49868567,64.50048082,88.31958501,47.74181141,0.004947351,0
19-07-23 11:00,40.6634608,51.47917101,140.6258246,19.53833458,0.017336675,0
19-07-23 12:00,23.01482273,52.83976017,166.9804741,58.86468611,0.010810516,0
19-07-23 13:00,47.47511417,60.54010722,156.1373361,48.22355761,0.019987216,0
19-07-23 14:00,46.08647738,65.3348866,215.0672286,64.21921778,0.012624667,0
19-07-23 15:00,44.16172903,56.94188464,191.0624561,67.88232452,0.019428204,0
19-07-23 16:00,48.29352999,60.403825,100.1450806,37.49351347,0.030729324,0
19-07-23 17:00,54.03386179,31.59075784,139.7523933,27.82913579,0.007424689,0
19-07-23 18:00,47.77078083,74.68250559,131.1230422,46.41531463,0.024738871,0
19-07-23 19:00,32.63761907,63.85256056,149.728333,7.480430996,0.008542962,0
19-07-23 20:00,57.52914752,82.54489517,149.8137158,52.03620309,0.019908065,1
19-07-23 21:00,24.55947391,60.00337069,190.4638568,40.31206548,0.018710411,0
19-07-23 22:00,23.44860384,28.02669006,161.2716948,73.76932776,0.026068586,1
19-07-23 23:00,61.63409522,52.66535553,235.9945089,12.18456986,0.023056299,1
20-07-23 0:00,57.86237364,55.86142958,165.4111912,50.15875353,0.044426576,1
20-07-23 1:00,49.14236375,76.4288274,102.2273762,96.85905611,0.019585038,1
20-07-23 2:00,31.01554896,22.95330439,122.1050683,68.25353406,0.011141224,0
20-07-23 3:00,39.88247379,60.86731348,189.9241844,77.40195258,0.037468784,1
20-07-23 4:00,46.12783464,71.18297287,64.74771859,58.83959466,0.025624395,0
20-07-23 5:00,28.60846803,46.76510374,76.75083862,16.74373465,0.036491509,1
20-07-23 6:00,39.46073349,61.57554222,150.669262,54.24642522,0.018123682,0
20-07-23 7:00,60.21048994,47.42199548,214.8581497,60.71282467,0.004198896,1
20-07-23 8:00,73.44678107,45.4773834,241.9397642,26.5320909,0.071008008,1
20-07-23 9:00,43.88440422,51.67339331,136.7137002,46.88420154,0.011447235,0
20-07-23 10:00,61.91959994,45.83309282,223.053938,2.721866658,0.00546846,1
20-07-23 11:00,24.9527249,75.05698555,154.5480803,41.98241037,0.033014039,1
20-07-23 12:00,60.32664456,45.37624198,68.3579547,39.66187332,0.007557519,0
20-07-23 13:00,38.58710683,42.26175957,149.4956079,90.95480952,0.014183484,0
20-07-23 14:00,54.70464558,101.8148597,113.6165258,36.01105677,0.022039729,1
20-07-23 15:00,46.34509499,81.5600723,212.4483177,43.55391178,0.01776851,1
20-07-23 16:00,71.5497033,26.10606741,148.3992515,48.03811217,0.014581596,0
20-07-23 17:00,37.64810298,44.81717172,79.92880229,36.28743259,0.053016369,1
20-07-23 18:00,59.80798413,65.17990485,69.7626914,69.54908462,0.018253844,0
20-07-23 19:00,45.88551247,66.95608243,148.6913936,12.09907746,0.008036083,0
20-07-23 20:00,47.65047845,32.03200329,33.88112369,82.28983742,0.038494555,1
20-07-23 21:00,47.27599386,86.34328635,119.225641,49.70347031,0.01000558,1
20-07-23 22:00,38.03006643,78.35120582,164.7596454,87.62403416,0.018290616,0
20-07-23 23:00,49.78871429,70.46827805,90.64017184,3.961049775,0.007981021,0
21-07-23 0:00,49.06420147,91.2523666,218.0522601,6.899906893,0.023517048,1
21-07-23 1:00,53.67680058,69.8049392,232.948889,42.95629045,0.020641232,1
21-07-23 2:00,51.27471831,69.72203567,92.65827542,63.41573584,0.019538377,0
21-07-23 3:00,62.60671355,96.35081178,131.9052211,37.05053306,0.022467807,0
21-07-23 4:00,64.7054974,84.94463804,218.1048087,65.61877361,0.03509122,1
21-07-23 5:00,35.34445954,43.39054557,149.9182894,77.42165046,0.032732532,1
21-07-23 6:00,63.78635317,73.89850295,74.5125119,67.98065487,0.006610586,0
21-07-23 7:00,33.61234771,46.71225253,141.1656788,52.61370576,0.010571019,0
21-07-23 8:00,59.16341287,70.96850329,101.0569002,52.41749096,0.037353356,1
21-07-23 9:00,59.68015793,70.3496243,226.630984,35.76404184,0.009313186,1
21-07-23 10:00,24.98337889,33.81815915,190.0736781,48.62484084,0.028596245,0
21-07-23 11:00,51.40333384,57.46351169,130.9808514,27.54137455,0.035545914,1
21-07-23 12:00,43.19204691,65.67593943,159.0054871,32.22916433,0.001819073,0
21-07-23 13:00,39.19424585,51.12342969,78.5094938,63.65281658,0.013993914,0
21-07-23 14:00,72.08758698,66.75747231,106.2979916,39.07074854,0.035033388,1
21-07-23 15:00,40.62210931,77.89806016,261.5560066,33.19294529,0.017713222,1
21-07-23 16:00,38.55458982,59.35894955,153.3618487,61.83620084,0.014023269,0
21-07-23 17:00,51.14115382,64.7922564,213.3207204,59.93046267,0.035370092,1
21-07-23 18:00,60.75387949,91.92269892,164.8237985,44.7565721,0.041318316,0
21-07-23 19:00,47.89533553,70.27300076,242.5066358,46.34315952,0.010526163,1
21-07-23 20:00,68.85597843,64.27780568,49.0447631,60.91773519,0.057642346,1
21-07-23 21:00,58.24657008,41.25720717,138.4489562,77.04056159,0.00100282,0
21-07-23 22:00,22.07143476,74.7669601,269.0306929,55.14844781,0.002700358,1
21-07-23 23:00,42.33833081,67.09664742,215.2464456,24.46198677,0.01334931,1
22-07-23 0:00,41.88803505,89.43050851,243.3754359,44.61140308,0.014983259,1
22-07-23 1:00,57.42020123,60.98774581,149.5774875,40.31856703,0.015629922,0
22-07-23 2:00,17.51740873,26.8066395,118.1617488,27.00168656,0.012305005,0
22-07-23 3:00,94.73259613,28.63307821,92.13262223,63.19213026,0.009969759,1
22-07-23 4:00,58.24738014,76.26113532,88.6615017,65.36268095,0.016620614,0
22-07-23 5:00,52.25531636,48.51361556,204.3493656,69.73734656,0.011606214,1
22-07-23 6:00,69.11961801,69.45827188,183.6560041,28.1729016,0.03230592,1
22-07-23 7:00,90.64752511,62.41845918,145.8657516,54.01064582,0.020492643,1
22-07-23 8:00,63.81939939,56.53812019,183.3114624,49.84323731,0.016608134,0
22-07-23 9:00,65.13244274,57.99034125,159.02499,57.96856732,0.018861705,0
22-07-23 10:00,51.97743025,42.95016889,215.6937838,53.29364918,0.041550649,1
22-07-23 11:00,47.89714324,59.66904194,214.9885945,49.68682358,0.012966541,1
22-07-23 12:00,43.08944964,48.23808677,90.19939431,46.7347528,0.004490314,0
22-07-23 13:00,38.29078115,52.39047545,167.552167,81.34630366,0.00722789,0
22-07-23 14:00,40.16677688,53.36049312,62.40652549,30.68281996,0.016434557,0
22-07-23 15:00,31.56566195,55.31652609,158.4199632,45.76069268,0.028399587,0
22-07-23 16:00,48.86768472,80.64124841,189.9601195,80.54235423,0.036399104,0
22-07-23 17:00,27.56809119,57.29966108,78.24769205,31.69703703,0.054532239,1
22-07-23 18:00,52.90019698,83.06969878,125.0117263,32.73100278,0.033465532,1
22-07-23 19:00,49.45636079,95.84245075,150.5959431,69.96453154,0.008211624,1
22-07-23 20:00,52.22561946,79.05023321,164.9479794,20.48474586,0.016872288,0
22-07-23 21:00,42.44064783,71.65232416,133.0529887,67.82507852,0,0
22-07-23 22:00,105.6199753,67.02370534,84.97754755,38.47836158,0.015306526,0
22-07-23 23:00,72.25165376,79.29580143,146.6420505,60.7543169,0.011416753,0
23-07-23 0:00,32.88074853,61.88855352,63.11422989,23.95221447,0,0
23-07-23 1:00,53.54724886,82.13003344,135.7846424,83.84012394,0.067045688,1
23-07-23 2:00,41.24957933,73.46191082,123.5830131,24.01404355,0.014380875,0
23-07-23 3:00,35.81197322,52.63757806,141.716559,69.70041788,0,0
23-07-23 4:00,31.69471209,80.01669168,116.9194229,24.75857585,0.015839213,1
23-07-23 5:00,56.67006163,61.93363301,69.40855667,105.0173779,0.054587451,1
23-07-23 6:00,40.2435755,57.78812384,127.908787,48.23074153,0.061424666,1
23-07-23 7:00,65.45407757,50.33996609,213.3748144,110.1889576,0.02094415,0
23-07-23 8:00,65.89433631,63.52773919,238.3890004,31.53954297,0.02156991,1
23-07-23 9:00,72.49635652,82.41512154,338.1605028,39.52155151,0.044115729,1
23-07-23 10:00,37.94076171,79.85306162,272.8982372,84.66550306,0.017659771,0
23-07-23 11:00,57.35645662,67.60860051,83.78734199,20.44720473,0.028000125,0
23-07-23 12:00,59.88681159,73.1318752,125.4735776,33.98525517,0.035548175,1
23-07-23 13:00,43.11217232,89.13145172,148.5790129,63.11198899,0.006257937,1
23-07-23 14:00,39.01905259,56.88444272,144.6964333,27.64422717,0.051673239,0
23-07-23 15:00,76.73336676,38.4424226,154.3748424,63.86231582,0.00824654,0
23-07-23 16:00,53.46419251,89.86313523,335.2534426,54.34722259,0.011064409,0
23-07-23 17:00,59.94397124,49.2956542,89.39679167,19.03222863,0.02162705,0
23-07-23 18:00,38.34466879,46.2177495,108.4590641,77.00394898,0.037682174,1
23-07-23 19:00,33.19738761,27.1193367,268.9521028,23.22038461,0.032215112,0
23-07-23 20:00,41.78252643,72.48649061,113.7777641,71.06659176,0.019216926,0
23-07-23 21:00,48.15506049,29.8931578,175.528225,53.26140274,0.024788974,0
23-07-23 22:00,35.16926412,45.08889746,221.0891809,39.24579741,0.040628488,1
23-07-23 23:00,49.85242479,72.87200647,181.8262763,26.0306811,0.020134506,0
24-07-23 0:00,27.52347195,75.94210174,162.2059964,58.556988,0.008985416,0
24-07-23 1:00,34.45379489,46.95129033,213.9491142,30.47077871,0.011443721,1
24-07-23 2:00,60.51379063,57.20977581,98.9686439,84.5762917,0.037028864,0
24-07-23 3:00,59.4214208,42.81764676,120.4555625,85.75723719,0.008994526,0
24-07-23 4:00,44.27541592,48.93477601,185.198795,99.1396777,0.002288902,1
24-07-23 5:00,35.76937955,65.69682631,46.35551938,57.25914604,0.015410573,0
24-07-23 6:00,35.64450478,49.84289383,250.5767473,40.38265412,0.018811475,1
24-07-23 7:00,44.54030549,54.96094564,169.514305,42.84188891,0.035989345,1
24-07-23 8:00,60.08318146,32.45920818,159.7049969,41.15870489,0.003050914,0
24-07-23 9:00,64.78532543,85.71746397,64.04437861,56.3846587,0.025903679,1
24-07-23 10:00,42.79856773,71.10165035,79.51910791,61.48705908,0.042396336,0
24-07-23 11:00,34.02815839,77.5940612,126.0417346,85.33936151,0.008926636,0
24-07-23 12:00,54.08939478,89.59672809,204.3760234,50.50430025,0.021326296,1
24-07-23 13:00,38.32518529,43.69199405,46.08550361,20.82645756,0,0
24-07-23 14:00,42.49479621,52.66638576,203.0019144,40.31245227,0.036257864,0
24-07-23 15:00,71.63549807,25.5940742,128.2757776,96.15831879,0.034628463,1
24-07-23 16:00,63.09085136,131.4042291,136.3355412,18.35434628,0.019681553,1
24-07-23 17:00,52.39457057,56.89227203,166.2354151,70.117777,0.004048527,0
24-07-23 18:00,32.53899293,83.43171937,167.267518,40.69331423,0.032004332,1
24-07-23 19:00,53.21563702,36.2981805,108.5185401,30.2549198,0.016260105,0
24-07-23 20:00,67.06909988,82.41334178,191.3999562,60.35980053,0,1
24-07-23 21:00,44.50659566,104.1853742,37.31526264,96.33354869,0.034268244,1
24-07-23 22:00,72.09222063,58.73955492,123.0660826,58.85881113,0.042679858,1
24-07-23 23:00,71.06236973,40.30431067,159.7468187,43.64318314,0.046810112,1
25-07-23 0:00,77.72399942,57.11417224,129.154608,22.6379999,0.004460163,1
25-07-23 1:00,54.67182026,20.67570831,55.84371355,47.55808444,0.000353594,0
25-07-23 2:00,59.15590451,59.20653238,200.8243442,22.02012392,0.013939086,0
25-07-23 3:00,73.21273501,78.25129049,81.32659452,42.54005353,0.029090383,0
25-07-23 4:00,56.91107039,59.25100738,145.8077234,48.43548759,0.007581911,0
25-07-23 5:00,42.73272401,54.15417228,159.7051798,7.70293112,0.002137621,0
25-07-23 6:00,43.47304813,71.49642261,151.2415558,90.49037075,0.033168117,1
25-07-23 7:00,53.63523277,73.23179081,231.2627021,23.63876949,0.014834194,0
25-07-23 8:00,32.30712745,29.2749129,146.6881114,45.45476244,0.03112428,1
25-07-23 9:00,47.87163939,61.87711649,177.8122715,64.20076495,0.020253496,0
25-07-23 10:00,67.65062236,120.0567229,146.5247495,87.85065005,0.01742509,1
25-07-23 11:00,21.93278567,34.63806141,190.5640462,32.078694,0.018986165,0
25-07-23 12:00,75.37186685,58.21714908,248.7444309,6.158400497,0.014650323,1
25-07-23 13:00,68.09533717,106.4322356,158.7098709,80.45713914,0.013294105,0
25-07-23 14:00,43.31491426,85.01648245,202.5333872,23.44634025,0.006017962,0
25-07-23 15:00,58.44613601,49.61403393,253.6659523,59.37367943,0.028434471,1
25-07-23 16:00,50.04722581,64.39258066,245.8757099,61.07295613,0.044629641,0
25-07-23 17:00,69.96273183,59.95566141,126.8100998,0.426350476,0.01274377,0
25-07-23 18:00,65.7059133,45.12990925,221.2221744,17.45217411,0.060304577,1
25-07-23 19:00,30.95913718,58.44897581,165.91952,39.11676074,0.026450681,0
25-07-23 20:00,59.15381334,54.23828276,227.3160921,5.429953331,0.024330756,1
25-07-23 21:00,46.95786501,62.38679618,187.4797332,21.91986175,0.031767437,1
25-07-23 22:00,51.24934979,45.12406928,167.6852121,53.11726142,0.038454233,0
25-07-23 23:00,39.6076558,35.63564884,178.2532456,47.81139677,0.01334673,0
26-07-23 0:00,79.27803925,59.13565991,166.3432507,57.84115988,0.029800663,1
26-07-23 1:00,66.68265589,100.4299283,168.915607,61.83592293,0.040032487,0
26-07-23 2:00,39.45069392,61.73639743,140.2243438,16.4399129,0.014361745,0
26-07-23 3:00,31.76202637,53.20146229,134.6474196,22.83129859,0.020075889,0
26-07-23 4:00,44.36365391,76.68877001,278.8511481,70.77319016,0.009489929,1
26-07-23 5:00,56.70633224,56.71288579,181.2136919,95.07900408,0.012840518,0
26-07-23 6:00,53.66078651,104.4630119,116.1405136,28.62243378,0.014771797,1
26-07-23 7:00,70.36733425,59.91786027,133.1231731,56.67373617,0.007985567,0
26-07-23 8:00,62.472769,75.44648253,222.7102449,72.13122072,0.019004728,0
26-07-23 9:00,65.48359948,45.00744963,107.2401559,56.10818844,0.025621607,0
26-07-23 10:00,55.00966546,70.94452252,70.55170618,43.96649639,0.027396628,0
26-07-23 11:00,31.09067001,65.89047765,73.8743026,35.21504738,0.009025337,0
26-07-23 12:00,47.10281995,58.8181608,59.87516474,111.4556116,0.011401728,1
26-07-23 13:00,67.02513636,49.84072829,78.94559157,52.43299458,0.035786854,0
26-07-23 14:00,49.22981068,47.21199026,84.56254497,60.17737849,0.011372012,0
26-07-23 15:00,57.79945545,66.04899048,248.0906318,58.42355256,0.035224936,1
26-07-23 16:00,45.32037576,73.80106791,147.1265943,31.66961083,0.009890082,0
26-07-23 17:00,35.61333472,57.35383684,128.0877912,51.27827391,0.026458314,0
26-07-23 18:00,48.1650528,66.15641081,72.28733118,42.25545385,0.033735726,1
26-07-23 19:00,54.73122197,59.20594804,141.1775112,41.84341137,0,0
26-07-23 20:00,40.59461059,62.08360759,59.52684887,58.22536782,0.036158176,0
26-07-23 21:00,46.51989112,55.85092265,127.7302411,29.62413183,0.045966943,0
26-07-23 22:00,36.79064255,60.37790869,304.6037219,24.2348349,0.015343653,1
26-07-23 23:00,68.04138295,126.9804046,194.1315348,63.32632397,0.025890419,1
27-07-23 0:00,45.66986783,66.68999418,137.1517066,37.55756465,0.008686421,0
27-07-23 1:00,73.90183185,74.17584837,196.5569847,41.73171453,0.026212043,0
27-07-23 2:00,75.26828775,69.48629273,119.0355951,12.94085461,0.077547095,1
27-07-23 3:00,48.79087898,54.58445573,103.8041502,76.85965489,0,1
27-07-23 4:00,35.89023786,89.68538561,273.9324486,63.92418427,0.012740752,1
27-07-23 5:00,23.06250179,54.01272533,86.43658244,69.20580385,0.034652522,0
27-07-23 6:00,30.08633705,83.82585568,128.6198339,60.13320392,0.04496011,1
27-07-23 7:00,31.27989975,53.14919452,169.6890184,18.99545261,0.003614517,0
27-07-23 8:00,72.57722293,41.22289795,96.74456907,55.88229569,0.011010811,0
27-07-23 9:00,51.75078414,67.87359196,193.2025304,35.88479331,0.01172522,0
27-07-23 10:00,55.99585955,38.63240279,131.4018434,28.70985378,0.010831278,0
27-07-23 11:00,21.62395432,71.6788104,194.139057,63.25135077,0.018181696,1
27-07-23 12:00,33.46562713,37.06169057,188.684276,99.7146784,0.003264418,1
27-07-23 13:00,64.09310718,53.45348055,135.1660712,94.02367333,0.016121943,1
27-07-23 14:00,54.38385108,33.00845126,274.4742856,66.71481873,0.007650742,1
27-07-23 15:00,47.81359021,128.2416701,111.0725427,49.24703724,0.018912545,1
27-07-23 16:00,58.79168227,29.37022259,245.2211137,44.75081745,0.010209545,1
27-07-23 17:00,77.21280155,60.20623301,231.7161364,29.84179055,0.017381133,1
27-07-23 18:00,46.73322282,85.97010676,279.4962807,43.47493838,0.006639609,0
27-07-23 19:00,51.04535921,83.37524771,161.0602755,75.18934635,0.037966125,1
27-07-23 20:00,52.92604735,78.96535968,104.4445976,105.5499872,0.015108494,1
27-07-23 21:00,91.60383304,53.48915462,305.6782909,31.5878925,0.020221818,1
27-07-23 22:00,22.91695276,91.11102988,129.7533087,12.0648993,0.017730679,1
27-07-23 23:00,60.71513891,80.43263783,103.1246983,37.5736317,0.020115872,1
28-07-23 0:00,48.29114582,64.52589866,138.3544424,75.05025194,0.020035096,1
28-07-23 1:00,58.82280608,65.13901456,94.42663021,114.6899318,0.034826957,1
28-07-23 2:00,40.57155036,53.75617786,184.5452971,87.89965406,0.015668432,0
28-07-23 3:00,49.26792211,42.13850767,114.3467313,87.08800454,0.010037612,0
28-07-23 4:00,61.1772637,88.27598429,132.5281223,30.92624954,0.020672665,0
28-07-23 5:00,106.3838629,90.13920259,216.1057544,31.48930717,0.011320487,1
28-07-23 6:00,62.77346532,42.6061815,191.314785,22.16217494,0.018818219,0
28-07-23 7:00,37.99823129,56.80598635,150.9754931,34.69159643,0.006487848,0
28-07-23 8:00,43.82317704,57.01896778,160.8547821,75.35916886,0.040102649,1
28-07-23 9:00,43.40437273,59.31582563,150.7668656,98.52905553,0.00933917,1
28-07-23 10:00,26.28968681,61.3563932,124.1681765,58.99607834,0.043506166,1
28-07-23 11:00,45.15760666,81.22891064,149.842122,43.81723611,0.019033197,1
28-07-23 12:00,61.52947469,45.14593708,182.1231546,26.74558507,0.035897446,1
28-07-23 13:00,32.51018571,43.30116802,142.2103682,47.22510008,0.009489312,0
28-07-23 14:00,66.82655564,88.26285716,177.2927061,55.20193911,0.000135917,0
28-07-23 15:00,57.55454659,50.60552066,101.9082892,19.84493785,0.001774764,0
28-07-23 16:00,39.52559874,35.86914503,114.4447721,75.58416029,0.078839998,1
28-07-23 17:00,47.89708608,50.16529781,107.3403282,39.94125932,0.011505553,0
28-07-23 18:00,76.52945972,53.23229477,116.5955301,73.76150778,0.041143217,0
28-07-23 19:00,61.5413096,96.28108091,240.3898257,49.72735869,0.004288414,1
28-07-23 20:00,50.13183198,80.70430574,198.5402185,57.69543061,0.022957643,1
28-07-23 21:00,46.4912436,86.0731383,89.6508855,33.92946783,0.025938678,1
28-07-23 22:00,51.15500501,78.22798165,178.4920721,41.74089694,0.089518291,1
28-07-23 23:00,42.58544857,81.21418273,126.5039327,67.28770735,0.015217363,1
29-07-23 0:00,22.8587279,46.26046086,110.1448557,46.76441949,0.010137418,0
29-07-23 1:00,84.80315928,55.88851896,70.38581395,26.03855233,0.025984401,1
29-07-23 2:00,52.35400084,40.68167692,216.412674,52.82669769,0.007769356,0
29-07-23 3:00,56.13073022,55.64620918,75.91928929,60.08811108,0.02705649,0
29-07-23 4:00,49.13473706,75.06820427,146.7685024,89.97668185,0.019152768,1
29-07-23 5:00,39.5136447,62.85341797,96.22857698,82.79896883,0.009643641,0
29-07-23 6:00,47.2457007,90.12107011,202.1018497,48.3966446,0.028643389,1
29-07-23 7:00,28.56714217,37.98451338,129.7737577,37.21534823,0.021768342,0
29-07-23 8:00,89.34142039,70.88036298,141.7045653,44.4488296,0.033899389,1
29-07-23 9:00,33.0063399,36.12303099,143.7649929,37.72955268,0.05463106,1
29-07-23 10:00,35.58546015,61.99100966,169.4599388,63.4226282,0.012728648,0
29-07-23 11:00,43.5899401,76.36914224,150.8138125,79.29682675,0.013923888,1
29-07-23 12:00,70.98027495,55.56446312,147.3066611,85.6074267,0.003901942,1
29-07-23 13:00,50.2178455,72.02926949,119.2123202,40.20458117,0.029150902,0
29-07-23 14:00,32.98599477,41.2272502,66.45804976,37.98585312,0.010931089,0
29-07-23 15:00,70.38844013,29.21430697,87.59750252,40.0203338,0.025886616,0
29-07-23 16:00,61.49937132,72.16304507,198.0022625,12.89737658,0.042722555,1
29-07-23 17:00,58.36643656,101.1865725,131.4474368,24.26996375,0.010454829,1
29-07-23 18:00,61.24828912,40.57121454,111.1448428,49.13975658,0.013086308,0
29-07-23 19:00,91.64839742,87.9067157,73.99842067,59.91333467,0.03931991,0
29-07-23 20:00,87.55106313,60.91471997,60.26517146,63.00307937,0.032820107,1
29-07-23 21:00,40.17084782,34.62658581,109.0165695,32.31515408,0.030709085,1
29-07-23 22:00,76.99527736,38.15884504,210.2351306,38.44581384,0.014197361,1
29-07-23 23:00,55.89434071,60.33185398,117.0450761,43.48030174,0.003209774,0
30-07-23 0:00,57.73553388,51.75167657,175.9926773,40.90762338,0.01013078,0
30-07-23 1:00,27.47971809,35.01443821,114.4908476,68.62054817,0.006905464,0
30-07-23 2:00,47.47324483,28.72982872,192.3780724,22.42960576,0.030319329,0
30-07-23 3:00,38.46832833,43.29429454,128.7579466,25.23025104,0.024795202,0
30-07-23 4:00,63.10656362,64.12633207,82.11246742,42.80630849,0.011497156,0
30-07-23 5:00,67.21342094,59.86564565,133.6244478,21.45452784,0.013703224,0
30-07-23 6:00,23.18619836,49.85086213,284.8063713,13.32360487,0.028289122,1
30-07-23 7:00,49.66996258,64.30076874,281.0898849,19.35449309,0.015196619,0
30-07-23 8:00,68.08649581,83.46304448,181.8286194,44.1088664,0.011714847,0
30-07-23 9:00,47.2346646,68.50966028,141.5465347,66.95597774,0.063401927,0
30-07-23 10:00,61.46748847,57.47459159,169.5480005,67.55699845,0.012112273,0
30-07-23 11:00,55.3907992,80.78148861,170.4056436,97.26231208,0.032039472,0
30-07-23 12:00,55.24163519,41.22511256,147.5166237,52.57263533,0.026743558,0
30-07-23 13:00,46.00388715,55.35257287,178.725591,56.07238485,0.002588831,0
30-07-23 14:00,33.23135679,55.83780789,163.2743294,43.92793513,0.010519196,0
30-07-23 15:00,34.43487766,36.31906162,130.8507572,45.07654012,0.035118828,1
30-07-23 16:00,61.14346871,51.44708406,83.86828294,114.9996399,0.017948139,1
30-07-23 17:00,50.29225246,22.88403322,122.5162244,56.73869965,0.002999111,0
30-07-23 18:00,47.94150197,105.6403763,203.8053104,59.07074163,0.026778674,1
30-07-23 19:00,43.82133213,41.63242736,148.0395502,25.30600273,0.011700362,0
30-07-23 20:00,45.51530755,97.08203382,169.308964,60.7658962,0.027544281,1
30-07-23 21:00,66.79970122,60.80195026,132.7921163,67.75850247,0.084676792,0
30-07-23 22:00,45.08372737,72.34075401,90.51163717,81.45611894,0.026557804,1
30-07-23 23:00,31.68248387,50.0935921,135.4273077,66.94313265,0.030919036,1
31-07-23 0:00,61.7077946,64.43137567,92.36900262,46.87973203,0.016129627,0
31-07-23 1:00,46.96882449,74.2949876,89.18707166,45.85052996,0.005847027,0
31-07-23 2:00,50.47192368,74.61804557,234.0736459,48.2135699,0.039528065,1
31-07-23 3:00,76.69798261,77.1706519,124.8034582,52.71414328,0.011407695,1
31-07-23 4:00,49.69201438,52.46851657,106.9560022,86.51207394,0.016490666,0
31-07-23 5:00,54.42138229,50.258565,266.8292415,80.26765554,0.058345272,1
31-07-23 6:00,33.70600823,30.3343944,204.9217684,70.52339856,0.014938815,0
31-07-23 7:00,46.75321288,71.39823644,127.608788,113.0833289,0.043876318,1
31-07-23 8:00,59.51441268,84.48726845,177.8245073,4.760847537,0.026650068,1
31-07-23 9:00,29.08858144,97.85271046,135.5968069,39.13349732,0.012068272,1
31-07-23 10:00,53.05301515,66.54832083,109.5863509,49.71856574,0.025812194,0
31-07-23 11:00,51.52202493,44.78516163,181.0201921,34.54994055,0.010077037,0
31-07-23 12:00,50.62101649,28.68118397,130.3621624,29.34954111,0.036931184,1
31-07-23 13:00,66.63308206,83.50260577,154.7528253,15.91692068,0.04461923,0
31-07-23 14:00,55.12842684,27.11810635,220.0942993,42.50756121,0.020791319,1
31-07-23 15:00,74.35577501,53.02133107,211.9326749,74.74852947,0.046886352,1
31-07-23 16:00,36.08337739,55.36502694,117.434785,71.14534094,0.022638051,0
31-07-23 17:00,52.057344,58.54867813,181.7943355,32.89385094,0.037141212,1
31-07-23 18:00,51.27413643,60.75377734,87.14134289,55.65165065,0.09334783,1
31-07-23 19:00,35.10448777,62.9297258,179.3681226,89.46922716,0.077980446,1
31-07-23 20:00,65.25892516,18.02834103,159.4132617,18.93013533,0.017179141,0
31-07-23 21:00,90.27420557,60.3080963,174.5479623,46.1047871,0.024954516,0
31-07-23 22:00,49.74519809,20.6354238,131.9405431,57.40864764,0.006469174,0
31-07-23 23:00,57.83036262,76.18079449,306.314573,50.25068442,0.034691834,0
01-08-23 0:00,51.27492051,48.80461764,98.54281525,73.43656636,0.026681937,0
01-08-23 1:00,39.80543303,21.68143992,216.3854583,19.2847977,0.009413014,1
01-08-23 2:00,26.00376382,43.89609566,91.90526355,27.88954702,0.043215404,1
01-08-23 3:00,39.91151396,48.51589672,183.0476892,68.44657475,0.015961892,0
01-08-23 4:00,31.05817242,87.13134034,187.9760782,16.13709874,0.012479508,1
01-08-23 5:00,78.46549506,64.18739218,153.4541261,72.27109711,0.026870733,1
01-08-23 6:00,48.28660483,67.41130731,120.514302,61.85246303,0.013207715,0
01-08-23 7:00,44.93087025,86.89858114,158.940445,70.19932819,0.019496138,1
01-08-23 8:00,64.1279019,57.99483554,167.1159129,38.92845702,0.057088186,1
01-08-23 9:00,34.43205899,76.6911464,281.0942661,63.52576661,0.011298556,0
01-08-23 10:00,39.08511988,75.06258243,100.0445976,24.81558519,0.032175086,1
01-08-23 11:00,51.02571787,35.46664627,117.1096454,40.15281948,0.011685427,0
01-08-23 12:00,66.48990051,94.18717606,168.2824183,50.91243506,0.007270241,1
01-08-23 13:00,57.77696356,33.19954834,134.3900194,29.95451597,0.018715165,0
01-08-23 14:00,53.78654251,80.52704199,143.8074844,55.59538352,0.08456927,1
01-08-23 15:00,51.17786841,31.59373212,223.770908,25.32244983,0.034338828,1
01-08-23 16:00,56.16372657,73.16820106,28.84800122,56.93279002,0.02803332,0
01-08-23 17:00,53.06545747,104.300303,114.7734265,102.6483851,0.012432632,1
01-08-23 18:00,35.61125877,55.59548807,59.31702648,23.32098462,0.014290385,0
01-08-23 19:00,50.69331162,54.71510882,83.8413344,49.43752397,0.002866478,0
01-08-23 20:00,35.04747745,73.37819547,334.9823444,17.4043675,0.058387038,1
01-08-23 21:00,51.22281252,53.24542746,189.5323391,31.25758674,0.024519513,0
01-08-23 22:00,43.02130332,103.1430589,214.9056627,69.02692721,0.023010504,1
01-08-23 23:00,94.53918337,64.09144403,145.005807,39.79060793,0.023386222,1
02-08-23 0:00,49.40317581,53.4302031,200.8734941,70.21377191,0.066548566,1
02-08-23 1:00,30.90829527,49.09186659,58.31421924,59.27704286,0.02506111,0
02-08-23 2:00,48.00530117,41.7136714,221.3620323,48.39953104,0.017030681,0
02-08-23 3:00,58.06011469,47.40825976,102.7926089,27.443756,0.058496192,0
02-08-23 4:00,77.90060609,52.82031648,118.4865403,68.54688776,0.01797595,1
02-08-23 5:00,41.50566813,50.11626726,183.1030075,57.88083519,0.001519025,0
02-08-23 6:00,28.76765868,46.82811128,170.3787537,18.80371227,0.002563143,0
02-08-23 7:00,62.91977787,110.6833676,155.3317163,28.67778903,0.017042901,0
02-08-23 8:00,31.1970722,39.95964719,75.95467714,3.776840802,0.024921379,0
02-08-23 9:00,43.64789995,63.11153601,156.2981309,21.45413957,0.035177912,1
02-08-23 10:00,46.20206103,72.96956293,215.5711533,42.46020752,0.007837001,1
02-08-23 11:00,48.96034702,73.82782204,118.4208115,26.94810239,0.016548086,0
02-08-23 12:00,60.81241451,58.77440359,242.5579219,31.28334308,0.009012199,0
02-08-23 13:00,40.2128416,55.03215258,100.0263013,90.56531003,0.041540502,1
02-08-23 14:00,45.96898892,69.78834002,150.4095005,78.89570367,0.045452514,1
02-08-23 15:00,49.78614835,65.70350533,260.1013708,34.08098698,0.062836565,0
02-08-23 16:00,52.26634891,54.66245399,110.1983405,71.72754679,0.025995291,0
02-08-23 17:00,51.47697778,30.859747,222.5394051,84.79956947,0.060282723,1
02-08-23 18:00,56.73018766,50.50203075,296.8112843,66.611519,0.010353901,1
02-08-23 19:00,63.36965776,37.89431248,160.8657907,57.74126,0.023594962,0
02-08-23 20:00,56.04367328,46.65730225,118.7279197,81.07701769,0.006402905,1
02-08-23 21:00,57.00952268,60.69934368,105.2865764,71.01442326,0.030159481,1
02-08-23 22:00,28.77008265,67.72649646,241.7495982,24.08743649,0.024799134,1
02-08-23 23:00,50.75593831,102.1445258,239.5730759,45.38377984,0,1
03-08-23 0:00,57.42254071,49.14767447,253.1848018,37.11261378,0.041447396,0
03-08-23 1:00,61.46547318,77.16720565,147.9540732,82.79642249,0.035880471,0
03-08-23 2:00,40.09408798,66.56557782,221.3251933,36.500118,0.012035946,0
03-08-23 3:00,40.54874364,89.73536603,146.9618498,32.89272241,0.024736736,1
03-08-23 4:00,41.71808146,72.59886242,99.48777299,78.82928011,0.002793925,1
03-08-23 5:00,58.33394837,40.34744221,227.8436897,56.69406251,0.009456191,1
03-08-23 6:00,66.57712586,28.26936481,268.1340849,116.1734329,0.055062749,1
03-08-23 7:00,44.05412213,66.68182146,92.46214702,30.67434326,0.005528004,0
03-08-23 8:00,64.44383027,49.32141973,91.51806518,37.83667393,0.020153014,0
03-08-23 9:00,51.8674444,40.8549339,152.5084622,81.82562825,0.003507696,0
03-08-23 10:00,48.1511603,35.79099806,215.2431293,22.930784,0.025749744,1
03-08-23 11:00,46.87391985,63.41935512,86.84957618,88.21707271,0.029953968,1
03-08-23 12:00,61.756599,95.07163545,164.4977004,24.18746095,0.033159177,1
03-08-23 13:00,54.98966817,51.66840037,115.1899393,66.37270747,0.028144771,0
03-08-23 14:00,89.31676279,72.91830509,196.7487873,14.1142356,0.048936948,1
03-08-23 15:00,37.9429172,57.86809426,103.9518139,51.13435611,0.01205639,0
03-08-23 16:00,58.0399549,35.41673539,201.8117667,21.38857905,0.006427443,1
03-08-23 17:00,42.34203856,76.24095978,140.2617659,109.2884898,0.011639552,1
03-08-23 18:00,37.71635506,38.80899308,96.69811144,26.65441305,0.003897319,0
03-08-23 19:00,49.83711104,60.45486081,154.0049607,31.3395866,0.021279094,0
03-08-23 20:00,52.07915289,53.00302558,51.41111125,64.24569177,0.017824536,0
03-08-23 21:00,102.2883402,79.95100708,116.9321097,36.05950949,0.028324723,1
03-08-23 22:00,47.27172245,39.45835444,171.7706038,68.96863803,0.001976846,0
03-08-23 23:00,34.32462302,68.43743699,58.10001629,33.74384007,0.01979231,0
04-08-23 0:00,54.16969561,43.42214397,30.7164736,32.16382621,0.043856585,1
04-08-23 1:00,23.18453072,49.65863335,36.62537925,49.31331079,0.030138011,1
04-08-23 2:00,48.62910431,3.482816263,243.5131559,24.0194969,0.000450595,1
04-08-23 3:00,50.24063604,110.4993847,145.2379134,60.380478,0.019813068,1
04-08-23 4:00,62.55039551,72.01636499,118.4220292,74.24142108,0.009886478,1
04-08-23 5:00,65.55227403,44.76893604,214.4320758,64.74233185,0.020206286,1
04-08-23 6:00,42.70003808,38.27950617,125.7033721,67.32345262,0.01434424,0
04-08-23 7:00,47.76347436,49.95987772,167.2112995,12.99382235,0.056904199,1
04-08-23 8:00,39.09512867,75.82534463,151.6136895,39.09816228,0.021393451,0
04-08-23 9:00,34.35158681,25.63619461,121.8935789,44.47804663,0.025369148,0
04-08-23 10:00,54.74445646,57.05679642,168.9032485,92.70761452,0.019300807,1
04-08-23 11:00,32.51823692,101.8862383,201.9164238,36.48107013,0.02826652,0
04-08-23 12:00,43.95251196,38.11587838,138.6484792,8.350582706,0.016670952,0
04-08-23 13:00,36.06276181,61.69777845,122.4879453,27.92462664,0.034171274,0
04-08-23 14:00,58.5473994,113.5513673,129.296863,34.78169898,0.014190009,1
04-08-23 15:00,80.26660189,73.87460775,38.06287875,10.03919223,0.047707126,1
04-08-23 16:00,32.17031153,62.66818544,168.1719579,77.03271674,0.028682533,1
04-08-23 17:00,25.63840025,71.0243863,83.20224509,18.15124363,0.017628905,0
04-08-23 18:00,48.14229345,51.82286749,191.7366943,61.74734437,0.035600825,1
04-08-23 19:00,50.23571336,89.82581921,144.3975528,26.27007368,0.028617717,1
04-08-23 20:00,53.32770149,51.85326622,156.6363712,94.48761483,0.035290393,1
04-08-23 21:00,43.50439427,24.61477508,196.7133388,43.32494015,0.021393958,1
04-08-23 22:00,47.03066665,52.012312,97.24294234,38.71085257,0.01631551,0
04-08-23 23:00,55.64772006,41.10043835,173.8960942,64.04351945,0.022219318,0
05-08-23 0:00,66.68895983,54.21353085,167.156042,27.86145069,0.012745105,0
05-08-23 1:00,24.49648414,54.65992158,138.6560617,65.38242308,0.038546512,1
05-08-23 2:00,44.60202472,87.29662068,97.15754019,38.65429837,0.049982519,1
05-08-23 3:00,53.25284611,75.32629522,189.32825,36.1956079,0.030270454,1
05-08-23 4:00,37.07303856,65.63253831,196.9349988,47.83378708,0.048724035,1
05-08-23 5:00,78.96449277,59.93815938,157.1775591,26.32038408,0.041839304,1
05-08-23 6:00,40.87259751,39.44575224,89.97938258,45.33702679,0.015923849,0
05-08-23 7:00,49.38231478,21.33160814,118.7036503,58.83287647,0.035468327,1
05-08-23 8:00,58.64949202,62.39556802,146.2510451,8.272325571,0.00441055,0
05-08-23 9:00,41.48034587,77.63464724,195.8750578,80.85554461,0.023080965,1
05-08-23 10:00,25.7112363,57.7425928,66.07654453,72.39691418,0.005276216,0
05-08-23 11:00,43.7539268,49.19716294,116.6695296,13.95394013,0.018281579,0
05-08-23 12:00,66.5013562,70.07818886,125.8058361,11.86470665,0.003183047,0
05-08-23 13:00,45.06007142,58.26044017,144.8402063,73.17408594,0.041101369,0
05-08-23 14:00,38.0199365,99.66322825,78.82785472,70.8664402,0.014149654,0
05-08-23 15:00,64.74195218,88.16672393,136.6881244,66.74038576,0.036965423,1
05-08-23 16:00,45.14778859,81.53065276,131.1731775,20.43523954,0.01880878,1
05-08-23 17:00,42.60785185,76.77365788,91.61008938,105.7478527,0.000695997,0
05-08-23 18:00,52.26417847,35.40328223,142.7105241,32.83505726,0.012956645,0
05-08-23 19:00,62.15530903,74.58220872,117.9341154,56.15896057,0.012353578,0
05-08-23 20:00,91.39826232,68.11527695,182.4477677,56.48465357,0.019764215,1
05-08-23 21:00,63.09286119,73.28654572,99.36985678,97.43556779,0.050951074,0
05-08-23 22:00,68.74282824,70.70879538,155.6630537,53.17618306,0.055180847,1
05-08-23 23:00,42.66650881,69.81550529,103.3966527,60.91480599,0.01646069,0
06-08-23 0:00,35.66438378,127.0086647,114.673591,48.08969827,0.004600448,1
06-08-23 1:00,50.93885544,58.40880732,169.1110206,24.38056557,0.009755353,0
06-08-23 2:00,51.61903412,80.97817653,165.0004128,8.162045973,0.028363822,1
06-08-23 3:00,34.98549861,50.44196109,124.9795586,50.81768121,0.01830327,0
06-08-23 4:00,47.40131022,77.54114443,133.5973288,20.67523124,0.002239763,0
06-08-23 5:00,56.14921857,81.04920048,71.82742736,59.12230263,0.012703335,1
06-08-23 6:00,55.53578432,67.85215717,249.4792557,53.78513194,0.046145861,1
06-08-23 7:00,57.81862404,99.23376382,195.8016027,53.15729364,0.024932336,0
06-08-23 8:00,54.44913143,42.6031194,193.2618106,27.00283528,0.020763372,0
06-08-23 9:00,42.65192789,50.12443659,65.57525308,79.13687278,0.014232779,1
06-08-23 10:00,42.55558445,64.52763976,114.9095255,62.54550022,0.013275361,0
06-08-23 11:00,33.45321348,79.66067499,129.7623995,24.64674856,0.029591048,1
06-08-23 12:00,79.95704753,63.81631238,51.68264766,114.5503569,0.022333515,1
06-08-23 13:00,50.20193638,89.48070422,210.373948,44.863516,0.034119657,1
06-08-23 14:00,46.67776306,46.76126294,253.5504612,21.98379888,0.029642826,1
06-08-23 15:00,36.93077351,37.99923066,304.3803893,32.76649359,0.020316689,0
06-08-23 16:00,102.6529559,66.61310967,91.19549866,19.10798336,0.026590208,1
06-08-23 17:00,35.05211258,58.38814939,157.4153074,89.52979758,0.011572765,0
06-08-23 18:00,43.75119166,71.84218966,243.1752309,80.51331393,0.019236263,1
06-08-23 19:00,56.41047282,59.42567822,134.5347791,70.12747949,0.046849651,1
06-08-23 20:00,59.36345009,53.03300458,116.4921072,64.68981973,0.020171705,0
06-08-23 21:00,65.28661465,58.43473445,54.26602715,85.88362847,0.016666466,0
06-08-23 22:00,80.38157613,60.60707518,228.4859054,44.12582829,0.023500662,0
06-08-23 23:00,57.8485604,53.73491309,148.7984286,61.10248345,0.005426537,0
07-08-23 0:00,35.27473905,55.79612097,107.6077711,31.68021531,0.023679894,0
07-08-23 1:00,46.21184392,51.7688713,168.2245304,46.23442556,0.0557664,0
07-08-23 2:00,54.71224636,79.09078021,159.7032997,61.85963771,0.009023742,0
07-08-23 3:00,85.30094958,64.13090732,160.6860607,1.451752707,0.024486838,0
07-08-23 4:00,30.98677798,115.0311995,136.7141605,35.65935495,0.019625748,1
07-08-23 5:00,69.48483783,63.41353451,267.1896609,54.20634076,0.01922183,1
07-08-23 6:00,52.73108472,48.88715905,141.7534562,48.08012457,0.018939474,0
07-08-23 7:00,63.26941803,126.7067537,266.9408537,39.30407916,0.032959654,0
07-08-23 8:00,48.48048217,68.9427841,187.1666753,65.77009849,0.00604767,0
07-08-23 9:00,38.07320328,82.26314117,172.6880567,33.80976108,0.032441595,1
07-08-23 10:00,61.82690162,72.96004156,142.9973149,23.93148702,0.02112049,0
07-08-23 11:00,60.24474538,73.66544573,216.5638432,83.79805924,0.001118011,0
07-08-23 12:00,65.52574923,71.67912297,157.1385883,79.32756099,0.026510243,0
07-08-23 13:00,49.80060748,38.67810972,96.95501067,36.09821148,0.021861651,0
07-08-23 14:00,41.36245611,67.9207264,95.24978909,48.29679259,0.008331803,0
07-08-23 15:00,29.04801197,34.81079883,177.4762484,73.29683784,0.022646495,1
07-08-23 16:00,62.96197157,56.38398403,98.22883832,51.10667523,0.004137422,0
07-08-23 17:00,56.53802453,45.55181445,146.1337952,64.09855049,0.010451198,0
07-08-23 18:00,36.4459966,67.6985513,222.7798686,62.56766117,0.020595712,1
07-08-23 19:00,42.2114565,67.18411172,169.5525233,42.32635345,0.001554039,0
07-08-23 20:00,43.21648161,70.45131576,107.9954432,63.6966328,0.005554902,0
07-08-23 21:00,29.95447635,66.15703701,250.0526082,28.66975795,0.006981195,1
07-08-23 22:00,38.40336855,47.80902332,186.043206,60.32321467,0.021285565,0
07-08-23 23:00,34.27811593,54.62111096,219.8274771,48.16402998,0.027645766,0
08-08-23 0:00,43.98295376,80.59901303,39.12852859,41.37234689,0.008106449,1
08-08-23 1:00,39.46521152,84.13546705,171.3350867,23.49465425,0.007518514,1
08-08-23 2:00,28.2420712,37.89022214,206.8902437,53.34348401,0.022267019,1
08-08-23 3:00,84.4297247,31.36612884,273.6139289,50.96771069,0.021815461,1
08-08-23 4:00,70.35696925,45.52787522,71.36792757,31.12405661,0.010267183,0
08-08-23 5:00,38.92157994,83.58804756,234.1104362,17.72820333,0.059292179,1
08-08-23 6:00,54.16053437,87.72647944,268.997687,17.00101755,0.023052259,0
08-08-23 7:00,56.43625345,41.8636886,48.33616783,43.84183451,0.017364227,0
08-08-23 8:00,69.28497334,66.59515499,181.2862411,57.94426339,0.01426975,0
08-08-23 9:00,38.39103879,103.5707655,190.8900337,106.5164746,0.039194537,0
08-08-23 10:00,67.57429899,68.98026646,130.2036252,48.87724575,0.029611931,1
08-08-23 11:00,42.08162066,92.88257637,120.8102517,17.29098816,0.001255913,0
08-08-23 12:00,31.7465923,82.46944011,194.4170427,44.95549118,0.010319481,1
08-08-23 13:00,61.38642215,42.1285197,113.8328558,85.98186479,0.013450274,0
08-08-23 14:00,71.02743367,56.06452952,136.7051006,34.32873932,0.01980921,0
08-08-23 15:00,95.51590746,60.73165585,204.7374841,81.71891133,0.031214053,0
08-08-23 16:00,33.44346174,62.20306679,278.0876928,54.48575535,0.006313244,1
08-08-23 17:00,60.972284,80.50239615,185.3605795,67.4274061,0.018748397,1
08-08-23 18:00,44.0209184,68.83291486,158.4496896,106.8374368,0.055850786,0
08-08-23 19:00,62.36403153,11.27169415,119.3251554,14.19501831,0.0204675,0
08-08-23 20:00,30.10499625,35.01567864,92.96537211,74.82376383,0.010337412,1
08-08-23 21:00,32.65304087,21.24195369,226.7356233,47.65937696,0.003992975,1
08-08-23 22:00,38.96385939,63.72879951,140.5506654,28.97331772,0.012920787,0
08-08-23 23:00,51.19069601,65.1369921,229.8636628,47.51451607,0.006231121,1
09-08-23 0:00,40.79476619,66.0680487,130.0546343,100.8524218,0.014153526,1
09-08-23 1:00,60.32016779,41.24182151,111.9489133,88.7198918,0.029556828,0
09-08-23 2:00,66.45793183,74.83872932,177.3623608,11.99071354,0.020595442,0
09-08-23 3:00,59.35315635,75.81106037,145.2516503,32.53196687,0.013011,0
09-08-23 4:00,76.90228802,36.00496836,83.37425751,76.23950451,0.000968709,0
09-08-23 5:00,56.41031123,32.43709978,283.4024865,49.45781647,0.035388567,0
09-08-23 6:00,33.22738695,59.99723462,113.1721661,49.55063994,0.014733018,0
09-08-23 7:00,72.30944322,102.4431533,213.1370263,18.17078222,0.021762771,1
09-08-23 8:00,41.28887054,100.0282857,206.8683748,33.03028611,0.007906015,1
09-08-23 9:00,64.48513934,72.30762828,80.80105593,21.57902488,0.013958434,0
09-08-23 10:00,76.08265263,45.46941261,93.37945815,16.8674391,0.011730259,0
09-08-23 11:00,57.0588841,79.8034307,131.7011136,23.30226492,0.003995317,0
09-08-23 12:00,29.796109,50.80612201,100.3931546,29.38165241,0.007945766,0
09-08-23 13:00,37.06993109,44.76595281,275.7874329,32.71004441,0.019765331,0
09-08-23 14:00,71.59081993,21.8715872,137.7294444,31.07430435,0.025044597,0
09-08-23 15:00,47.4917622,62.16574934,210.3592353,78.63539363,0.010460357,1
09-08-23 16:00,51.19993497,47.36788498,183.685277,29.7901267,0.005096269,0
09-08-23 17:00,61.95818074,62.0389862,166.9196502,91.75662563,0.014678135,0
09-08-23 18:00,60.92970846,19.6440571,152.5298305,38.60330101,0.034297533,1
09-08-23 19:00,54.25972652,63.60962177,236.5036236,61.55865288,0.007619582,0
09-08-23 20:00,46.91351692,17.81198073,102.5163597,62.44450444,0.020206612,0
09-08-23 21:00,45.40773487,84.62216631,275.7773585,29.9722829,0.01074151,0
09-08-23 22:00,63.60447277,71.36827161,79.49021232,42.12066613,0.041876776,1
09-08-23 23:00,58.60998219,54.26452088,202.5090463,38.18526159,0.012664256,1
10-08-23 0:00,46.20670328,72.29209752,74.02417159,59.72715407,0.031906854,1
10-08-23 1:00,67.40265175,40.89538438,130.866423,46.82869047,0.039332188,1
10-08-23 2:00,48.08113808,61.52774315,155.8841116,32.97034308,0.051792178,0
10-08-23 3:00,37.95039584,77.63775347,121.0027749,53.01898184,0.003841367,0
10-08-23 4:00,39.19147604,9.381864705,138.8436749,58.83641933,0.003494372,0
10-08-23 5:00,36.27682108,50.90830289,74.85646914,106.5191129,0.042716721,0
10-08-23 6:00,45.98805697,59.5252424,94.13469627,51.71708504,0.039032654,1
10-08-23 7:00,70.02793977,55.9356308,182.6311505,50.25050917,0.011270959,0
10-08-23 8:00,38.57175054,93.78385695,151.8597716,61.26054137,0,1
10-08-23 9:00,52.86265953,38.29280698,109.7029721,28.96903547,0.021313822,0
10-08-23 10:00,40.58090071,47.5344141,243.2896298,15.79441012,0.002628434,0
10-08-23 11:00,46.16312518,25.27258164,82.68370716,42.48967085,0.008812068,0
10-08-23 12:00,29.62960628,95.13746833,128.1850819,80.25066688,0.022997571,0
10-08-23 13:00,46.74056367,54.91889526,119.9306122,85.40374232,0.025349185,1
10-08-23 14:00,47.13194108,51.08171688,190.7094794,13.61164297,0.052802704,1
10-08-23 15:00,58.39623022,58.90199532,153.0241491,67.98297264,0.014453013,0
10-08-23 16:00,53.39906807,73.96814644,143.3098704,9.700076881,0.007238659,0
10-08-23 17:00,33.46026181,67.47562347,55.14326751,62.11205422,0.037200945,0
10-08-23 18:00,67.43845949,126.1225047,208.554363,60.4624464,0.026459676,1
10-08-23 19:00,53.19877297,69.84174034,136.6705751,15.81682069,0.014585483,0
10-08-23 20:00,53.01526275,50.55452595,157.3090784,78.00143044,0.020511194,0
10-08-23 21:00,49.86234901,48.68419059,106.5768801,102.7187885,0.01438019,1
10-08-23 22:00,42.50171107,51.98345139,98.30885681,48.4497031,0.032509321,1
10-08-23 23:00,53.31447296,31.84469581,257.1926676,53.58463977,0.055554451,1
11-08-23 0:00,57.3600109,60.83953209,58.03883919,93.5412593,0.009971166,1
11-08-23 1:00,26.84820919,77.37356364,90.7805743,25.6475707,0.02726571,0
11-08-23 2:00,42.20885068,47.68368675,255.6819016,26.11017826,0.002544361,1
11-08-23 3:00,46.2407934,44.02281265,192.5099844,31.1291064,0.006290196,0
11-08-23 4:00,53.90818246,95.2819826,130.2941469,50.93117786,0.029950334,1
11-08-23 5:00,69.32365625,33.09613501,237.2362839,50.86394946,0.018888455,1
11-08-23 6:00,39.01947167,22.98962335,179.1268611,37.0861335,0.005944087,0
11-08-23 7:00,42.7785383,37.78283352,164.8660401,42.75885515,0.020140415,0
11-08-23 8:00,42.57467955,31.21031237,164.4028954,37.38419577,0.036380072,1
11-08-23 9:00,38.61953263,68.33450321,180.3760682,38.43060147,0.003129963,0
11-08-23 10:00,44.91274104,52.6203671,183.1401308,32.5588392,0.057095753,1
11-08-23 11:00,62.15616936,55.45896565,316.1821017,32.72381233,0.030153532,1
11-08-23 12:00,35.30303682,86.20550354,138.0470985,11.98773282,0.030542232,1
11-08-23 13:00,56.60024108,46.19888375,139.9085196,44.55821428,0.019978481,0
11-08-23 14:00,27.36793775,77.17802304,81.87360432,12.5833884,0.057111423,1
11-08-23 15:00,41.8950304,95.16392369,146.7725734,70.45399494,0.038175363,0
11-08-23 16:00,45.1662237,50.74253001,287.2525168,36.94257787,0.01452412,0
11-08-23 17:00,77.92805002,76.292284,217.345577,47.05753647,0.033839152,1
11-08-23 18:00,45.95348174,55.00953769,117.7942137,41.08761547,0.009882237,0
11-08-23 19:00,21.82682073,80.68699673,151.8830002,44.07593022,0.015751644,0
11-08-23 20:00,24.01222326,30.70309446,79.0571163,86.37271816,0.049919183,1
11-08-23 21:00,50.51160181,29.50580868,95.0651948,21.69221736,0.026651997,0
11-08-23 22:00,59.5832775,52.01301362,159.474068,17.32255043,0.031897219,1
11-08-23 23:00,55.77280497,42.51785998,120.5634994,53.02705742,0.04281807,1
12-08-23 0:00,52.54163133,49.54959116,91.25964548,38.34069701,0.029673218,1
12-08-23 1:00,68.78474133,55.46222965,182.0547116,59.37858613,0.008995177,0
12-08-23 2:00,42.19729037,75.8979134,144.89996,69.45487982,0.054860067,1
12-08-23 3:00,64.22452324,51.68840857,66.77138678,26.01340479,0.029057581,0
12-08-23 4:00,28.18324931,43.71703367,46.1407242,66.17695537,0.030421746,1
12-08-23 5:00,37.24471309,52.80356157,116.32376,27.5845183,0.02090338,0
12-08-23 6:00,26.15977768,44.73532582,65.86894553,51.88106415,0.041473534,1
12-08-23 7:00,45.95286043,41.69443387,54.15001617,23.66702359,0.061640474,1
12-08-23 8:00,49.30822184,30.02938178,228.2080038,53.35597985,0.014417158,0
12-08-23 9:00,51.72454153,61.46628125,143.9503539,49.47937556,0.040451968,1
12-08-23 10:00,50.93207984,48.54231943,133.832372,26.07612316,0.020553508,0
12-08-23 11:00,36.94705522,81.69239543,138.437617,21.57556058,7.58E-06,1
12-08-23 12:00,47.18257891,32.74711524,86.6534626,70.45633945,0.003449231,0
12-08-23 13:00,29.7806465,49.05702721,176.6994188,39.29061691,0.027328732,0
12-08-23 14:00,72.30682787,103.0010005,141.933725,78.37339406,0.039228128,0
12-08-23 15:00,45.5377977,41.59249921,106.1039662,37.30098699,0.030858126,1
12-08-23 16:00,42.90571785,55.11672368,114.2384829,87.64150958,0.034080115,0
12-08-23 17:00,76.35883629,36.68469125,82.32375978,28.98858937,0.081551863,1
12-08-23 18:00,32.90947845,34.41040737,125.6000201,93.32561121,0.029291703,1
12-08-23 19:00,34.38313964,96.08478756,135.3677866,54.45051322,0.015971795,1
12-08-23 20:00,34.75839413,63.63571111,124.1035052,60.47443082,0.018021804,0
12-08-23 21:00,48.9865358,62.83406065,153.465412,27.92358094,0.05417972,1
12-08-23 22:00,56.66078031,28.69359222,145.130003,69.82564392,0.004525498,0
12-08-23 23:00,61.64225182,67.72661223,164.7425584,70.84896188,0.044404984,1
13-08-23 0:00,95.19508968,86.31529921,214.2801569,42.20490249,0.020259468,0
13-08-23 1:00,21.31845955,86.12096455,189.1740284,10.3119242,0.008769302,0
13-08-23 2:00,59.50159285,74.70500178,215.1293156,25.88528734,0.003106412,1
13-08-23 3:00,41.95343589,38.19440938,101.3285306,25.88250102,0.050265972,0
13-08-23 4:00,41.54765549,66.72266117,119.7637038,61.8395743,0.008487416,0
13-08-23 5:00,41.08753557,74.68778869,193.4129245,39.02295674,0.021009458,0
13-08-23 6:00,37.19431725,27.14672638,194.672648,39.45546115,0.007254411,0
13-08-23 7:00,78.10549644,38.33903046,110.3493671,36.80432201,0.063047574,1
13-08-23 8:00,63.34392469,79.8345389,190.4682048,93.20869871,0.021599682,1
13-08-23 9:00,50.34847773,79.54814561,96.37075984,51.13996942,0.003896144,0
13-08-23 10:00,72.09047985,31.07692041,181.4544704,55.06081211,0.013690599,0
13-08-23 11:00,29.59980939,77.64353933,148.3606364,35.66619231,0.048112641,1
13-08-23 12:00,31.81019918,62.01499549,74.9727464,49.26166892,0.007233295,0
13-08-23 13:00,22.07402746,77.31615053,124.0009066,28.46367551,0.014608997,0
13-08-23 14:00,39.9979626,47.27897817,314.9654949,58.9475569,0.043222429,1
13-08-23 15:00,52.45162431,74.17324604,162.9204919,25.27991587,0.025828143,0
13-08-23 16:00,51.55345856,78.78847477,325.5305441,70.26708568,0.004949906,0
13-08-23 17:00,52.26243167,52.80712071,72.26413482,33.24665771,0.023723294,0
13-08-23 18:00,30.82522891,60.3732762,200.3030415,76.40816711,0.017625996,1
13-08-23 19:00,62.69237868,47.01191624,30.99247856,108.5956706,0.02084688,0
13-08-23 20:00,53.65183412,98.77628475,149.9852825,50.02753143,0.037832839,0
13-08-23 21:00,61.5331828,57.49598728,191.8416984,87.95138074,0.024023008,1
13-08-23 22:00,25.191116,41.91268246,206.5804898,70.48025029,0.018541306,1
13-08-23 23:00,54.76938944,45.73626592,103.8786348,20.33904214,0.017789858,0
14-08-23 0:00,33.59430767,62.6862888,221.4214048,52.81010935,0.040707387,1
14-08-23 1:00,44.19801698,76.67121639,118.3519362,63.28356807,0.010031161,0
14-08-23 2:00,58.30101932,34.62428629,139.9054893,66.01467368,0,0
14-08-23 3:00,51.37470214,103.9216313,124.0439702,54.55044312,0.016547554,0
14-08-23 4:00,37.95202064,66.62510183,86.72395012,54.21476848,0.026481474,0
14-08-23 5:00,50.0941367,70.12194719,262.8915917,50.1272616,0.013858281,1
14-08-23 6:00,29.37257069,57.97318829,153.0149478,53.38260976,0.012422414,0
14-08-23 7:00,68.57712602,60.40499468,225.0509662,23.90019641,0.014570066,0
14-08-23 8:00,46.96288124,56.91903594,221.8429821,44.26211707,0.019608918,0
14-08-23 9:00,68.02940314,82.9275783,95.12518616,20.00893058,0.004284003,1
14-08-23 10:00,42.37926031,59.83359396,234.8817459,38.30220786,0.031894412,1
14-08-23 11:00,42.42049199,76.99060364,182.9839456,36.27701482,0,0
14-08-23 12:00,39.12117965,51.17153752,91.44449362,34.91917649,0.029514935,1
14-08-23 13:00,63.91028973,64.16586392,179.2619794,27.01995955,0.02530727,0
14-08-23 14:00,39.86182521,44.08710465,92.34328696,56.9494626,0.028693517,0
14-08-23 15:00,60.08443476,87.76700429,265.8878989,42.35174852,0.000301661,1
14-08-23 16:00,44.40948387,43.53400964,204.8351648,40.01961832,0.024942524,0
14-08-23 17:00,24.26498146,53.33384913,145.5835876,20.75444379,0.012202907,0
14-08-23 18:00,41.77054712,53.53463143,238.6485953,42.81963406,0.053336088,0
14-08-23 19:00,33.70367297,52.75494324,66.14188165,82.57505618,0.026180058,1
14-08-23 20:00,50.50969025,75.95541136,106.535243,83.06257161,0.005326412,1
14-08-23 21:00,33.56095454,53.50059515,134.6060617,59.75634943,0.001525332,0
14-08-23 22:00,64.7470564,92.18695354,319.7200086,42.88249823,0.011297493,0
14-08-23 23:00,48.64215691,43.81687539,89.97042054,64.91195617,0.034960877,0
15-08-23 0:00,47.36760042,63.59995996,60.78274011,34.65224273,0.042423753,1
15-08-23 1:00,60.26857656,44.61126008,72.24340243,42.78734934,0.023001079,0
15-08-23 2:00,65.38772059,69.10625556,211.565855,33.09095767,0.021299712,1
15-08-23 3:00,49.69892268,59.66543732,114.9813698,75.18454938,0.015018033,0
15-08-23 4:00,39.02674541,56.77976342,140.2089349,71.32537692,0.019659684,0
15-08-23 5:00,26.53742396,87.07668342,201.1685219,49.1365521,0.043885537,0
15-08-23 6:00,40.17991791,46.90106563,140.2696553,102.2730114,0.014814483,0
15-08-23 7:00,41.12276726,72.83281836,163.0092178,60.82336936,0.031842871,0
15-08-23 8:00,51.61732309,44.73879085,185.1696783,59.28638285,0.012382984,0
15-08-23 9:00,44.94192315,62.38543613,124.1956184,56.41418886,0.039292564,0
15-08-23 10:00,60.79224635,37.03701866,139.7711519,23.22293359,0.030264328,1
15-08-23 11:00,41.18099942,46.74553338,165.4734671,30.04221347,0.03838896,0
15-08-23 12:00,49.14763619,58.28511726,208.7836161,48.64300708,0.060741017,1
15-08-23 13:00,69.16163791,103.0470599,104.2440153,48.84686731,0,1
15-08-23 14:00,55.24422269,62.13212341,27.34568059,65.78752763,0.033764838,1
15-08-23 15:00,49.10304138,98.85492549,195.2449464,34.6414617,0.028166272,1
15-08-23 16:00,41.33317048,64.69960265,213.1461859,51.78215735,0.027760728,1
15-08-23 17:00,40.90251105,52.09598218,162.7422171,52.23753197,0.024023105,0
15-08-23 18:00,37.96434411,95.88091473,167.2002137,53.25417898,0.024010746,1
15-08-23 19:00,42.17758544,69.46384667,116.6413056,50.41117124,0.025721292,0
15-08-23 20:00,61.90601844,47.1224831,182.7625646,20.81629993,0.036958397,0
15-08-23 21:00,46.72091034,70.2141569,207.690288,8.80886523,0.035269029,1
15-08-23 22:00,31.5752913,53.98392778,153.5501724,29.11666534,0.019602531,0
15-08-23 23:00,79.64896204,24.16466743,342.9409301,37.56819943,0.017105818,0
16-08-23 0:00,54.90185559,80.96950498,66.93789916,24.7049497,0.020323675,1
16-08-23 1:00,30.87533872,84.79193605,160.3444435,48.61745202,0.013905384,1
16-08-23 2:00,43.56749657,103.663829,84.87756914,80.81767383,0.057991461,1
16-08-23 3:00,51.67559153,69.13232548,209.6351433,69.73220161,0.004512301,1
16-08-23 4:00,78.4745156,54.86960311,66.16417292,62.31073261,0.033683193,1
16-08-23 5:00,34.60622635,78.58058899,77.30598367,77.54528022,0.033561342,0
16-08-23 6:00,65.59326628,78.92951965,112.8313704,29.44920721,0.01235768,0
16-08-23 7:00,72.95085866,98.4298527,167.0385111,39.20608175,0.02499975,0
16-08-23 8:00,40.96539166,59.06580735,114.9105553,66.50528157,0.044992551,0
16-08-23 9:00,45.91430953,56.56396617,115.4663699,38.81228596,0.015046339,0
16-08-23 10:00,35.52929815,45.74157291,138.8906747,40.03310059,0.046154477,1
16-08-23 11:00,46.98947932,71.72000206,135.2120718,106.966293,0.041643114,1
16-08-23 12:00,49.45248921,31.08217626,256.2406209,52.41337952,0.010153942,1
16-08-23 13:00,60.32988809,77.20130225,195.6922894,103.4217871,0.005954423,0
16-08-23 14:00,67.54125207,72.86286275,130.3460541,14.39081554,0.022729019,0
16-08-23 15:00,39.33820675,72.79993496,307.4479982,35.42231927,0.004770247,1
16-08-23 16:00,24.36049194,62.93138929,182.1792077,60.72180751,0,0
16-08-23 17:00,49.68177965,95.71757666,95.07319633,52.36967188,0.012887977,0
16-08-23 18:00,54.48922723,79.45242168,166.4269045,11.28715474,0.068970155,1
16-08-23 19:00,53.8034745,47.80419306,185.1901762,44.41864029,0.013445344,0
16-08-23 20:00,45.2066167,48.14793789,109.8604216,130.172888,0.026504119,1
16-08-23 21:00,51.88684458,42.68758895,90.86484312,56.35571705,0.032669796,1
16-08-23 22:00,75.02824509,72.03281996,155.4485442,66.20692863,0.019346273,1
16-08-23 23:00,55.87173351,40.49749945,128.2646976,35.14540921,0.014995943,0
17-08-23 0:00,44.53887761,84.51184282,255.5724089,56.25966521,0.044188698,1
17-08-23 1:00,42.7472306,90.40782704,199.6181107,49.692251,0.020643441,1
17-08-23 2:00,47.48106446,42.69966275,112.4151031,81.72559799,0.01856288,1
17-08-23 3:00,77.23001713,56.15512316,177.7096716,80.71973495,0.034667867,1
17-08-23 4:00,47.28408851,60.34945499,238.8291913,60.68611185,0.006706997,1
17-08-23 5:00,49.70347665,79.73578571,74.54336713,51.78925383,0.004576561,0
17-08-23 6:00,42.99792282,97.68119004,92.35281192,16.48051795,0.001922466,1
17-08-23 7:00,67.69251478,28.86598666,149.3027098,15.96404379,0.030056114,1
17-08-23 8:00,83.23852089,53.47006339,152.232728,52.06790103,0.017461755,1
17-08-23 9:00,56.96224786,54.51979672,146.7540034,74.16080727,0.035270327,1
17-08-23 10:00,51.24844491,33.52874711,131.1559211,88.6142941,0.020822349,1
17-08-23 11:00,50.55309547,50.16568719,130.2591219,30.13143637,0.003703256,0
17-08-23 12:00,19.92031703,69.25762724,174.9020594,19.10243856,0.014689571,0
17-08-23 13:00,61.73251277,54.26423594,228.5863639,75.93521717,0.036761463,1
17-08-23 14:00,52.03049687,31.14173729,121.3283476,31.62387385,0.016011479,0
17-08-23 15:00,56.60860767,128.740827,338.0747073,18.03472627,0.04321462,1
17-08-23 16:00,39.83424554,65.69601115,295.6090802,38.38920042,0.013360063,1
17-08-23 17:00,44.38095391,62.3642901,243.68,38.00619229,0.033062152,1
17-08-23 18:00,44.00356745,38.75170982,191.2301214,88.23283192,0.001011442,0
17-08-23 19:00,66.36805828,65.57678096,299.6913541,73.88881409,0.016530692,1
17-08-23 20:00,44.46206146,56.59195979,132.3727912,33.19654165,0.014256369,0
17-08-23 21:00,85.57737885,25.69078935,102.1216049,90.8116876,0.003496201,1
17-08-23 22:00,56.64857871,39.24280582,118.7866259,53.17254084,0.041499834,1
17-08-23 23:00,32.49212635,77.64130743,93.3514404,79.89700762,0.010987998,1
18-08-23 0:00,48.08832975,106.4931776,157.701596,88.46367108,0.009764935,0
18-08-23 1:00,40.64955363,67.91268916,169.2787939,43.64204259,0.045900931,1
18-08-23 2:00,21.89957738,84.98993792,162.7945098,65.26220752,0.022661392,1
18-08-23 3:00,76.55037139,56.76552809,149.2239677,40.32739573,0.034301096,1
18-08-23 4:00,61.04154757,58.19376598,158.4285388,75.8478272,0.001454329,0
18-08-23 5:00,58.28241981,84.69591244,276.6091603,52.2813274,0.009136338,0
18-08-23 6:00,52.50841328,99.06556554,191.0600276,76.77471177,0.06644128,1
18-08-23 7:00,31.17970903,89.86230947,212.7629347,95.09356525,0.035852948,1
18-08-23 8:00,42.97962844,39.31207073,162.1427758,64.57918383,0.006282795,0
18-08-23 9:00,63.33530649,58.60058854,64.6864674,47.68970784,0.023752405,0
18-08-23 10:00,35.3367631,65.9435483,56.3733633,48.09701065,0.007043553,0
18-08-23 11:00,18.43331613,54.64791173,306.2042091,2.306316554,0.048129699,1
18-08-23 12:00,46.64498702,68.37065862,118.4581174,33.70436923,0,0
18-08-23 13:00,47.89373189,78.2421325,113.7353343,75.92341812,0.024632124,0
18-08-23 14:00,52.05182869,82.56744589,165.7160552,77.06903884,0.024367743,1
18-08-23 15:00,61.45851907,99.66651045,186.2178468,33.25457748,0.005911761,1
18-08-23 16:00,59.97062836,53.24453396,195.0527377,54.19561986,0.015853406,1
18-08-23 17:00,53.94850889,34.14618325,279.7925251,45.37580478,0.026431792,1
18-08-23 18:00,69.36226612,67.71542451,257.3092821,68.66671379,0.001035182,1
18-08-23 19:00,29.52272248,104.8831477,103.2623496,119.8493066,0.004438889,1
18-08-23 20:00,57.82333002,50.3247659,216.1765909,69.21749763,0.017590464,1
18-08-23 21:00,59.79062577,75.13142467,126.8794726,34.5929771,0.008753003,0
18-08-23 22:00,32.94308037,75.33675495,141.5191554,48.05796066,0.01323339,0
18-08-23 23:00,29.71556094,64.07525808,88.80654892,90.94441481,0.01967999,1
19-08-23 0:00,39.36729776,60.14549107,61.38192077,20.73618892,0.007919456,0
19-08-23 1:00,40.51451544,41.88706893,148.0333698,35.75844616,0.019576893,0
19-08-23 2:00,61.86893284,19.8940692,95.73453879,69.26124465,0.025034377,0
19-08-23 3:00,41.15957616,38.50545315,213.1533842,87.38416151,0.034281798,1
19-08-23 4:00,37.88810501,52.03211886,132.9066397,66.33672327,0.004723016,0
19-08-23 5:00,41.19958978,84.85238127,169.8582562,35.93686328,0.011130212,1
19-08-23 6:00,68.03082331,57.85026379,246.6911197,64.27699292,0.030455817,1
19-08-23 7:00,50.19582075,49.50454145,70.4056618,60.87223466,0.002876336,0
19-08-23 8:00,47.34336555,42.48008831,107.8618354,59.13977191,0.02173287,0
19-08-23 9:00,48.36201873,74.44001324,161.5015398,47.60142797,0.020451934,0
19-08-23 10:00,71.05032492,91.29320178,170.1188316,51.33328289,0,1
19-08-23 11:00,39.32368238,84.02849346,226.2748342,29.78317148,0.012823602,1
19-08-23 12:00,71.46318643,73.28026988,208.7087979,130.4593446,0.025620761,1
19-08-23 13:00,53.20175318,32.27828179,156.1147284,53.99893249,0.016745023,0
19-08-23 14:00,47.61944365,52.80035306,169.5151183,64.61540419,0.013086307,0
19-08-23 15:00,93.76801077,106.5813794,171.3499107,44.69467548,0.022571939,1
19-08-23 16:00,35.27978239,85.44911969,71.10330382,73.27640689,0.038756067,1
19-08-23 17:00,44.81980722,31.25830664,140.3732524,22.59696077,0.02946843,1
19-08-23 18:00,33.03241817,58.83723447,165.9000098,15.50127767,0.009620291,0
19-08-23 19:00,65.19411336,67.82282779,179.921042,49.24099785,0.003042116,0
19-08-23 20:00,78.19119326,44.86600056,97.35397161,114.0088111,0.029121011,0
19-08-23 21:00,77.83748382,19.50535037,80.35921932,84.58813858,0.005317388,1
19-08-23 22:00,69.85728185,62.08995423,135.6717462,31.74959615,0.012387913,0
19-08-23 23:00,47.07474683,44.3879212,296.1835584,63.70122389,0.023336255,0
20-08-23 0:00,44.65478631,44.46093529,102.8240294,35.3137109,0.042287989,1
20-08-23 1:00,27.72526182,52.74040968,231.6391606,61.20591076,0.045532967,1
20-08-23 2:00,84.68288408,57.21960967,264.1146261,63.37308645,0.020982016,0
20-08-23 3:00,57.25461161,59.80938507,152.8540611,75.73706871,0.012626877,1
20-08-23 4:00,42.86266802,42.60836933,110.2826634,18.21231601,0.005114354,0
20-08-23 5:00,71.68458844,55.44833823,183.6291262,23.16543915,0.062846778,1
20-08-23 6:00,36.35480305,27.72691458,162.4150205,48.12786878,0.015613927,0
20-08-23 7:00,56.26467199,66.67693832,100.7343591,27.38711044,0.032223614,0
20-08-23 8:00,47.4403638,12.25568018,111.4289503,25.95139747,0.02326465,0
20-08-23 9:00,59.98806559,54.04641507,179.5831489,57.01815378,0.01280723,0
20-08-23 10:00,49.05043851,80.570264,213.5678915,29.61647435,0.012260894,0
20-08-23 11:00,30.34127338,39.4371496,130.4507735,121.7324662,0.003609104,1
20-08-23 12:00,51.13935738,75.81494263,145.7078289,37.52364823,0.041738321,1
20-08-23 13:00,66.83307812,86.27396411,194.4723759,43.46327403,0.018115093,1
20-08-23 14:00,49.56260751,6.947404141,139.3980801,57.70410463,0.049004214,1
20-08-23 15:00,62.22753028,56.85574512,131.829644,19.12290377,0.013423897,0
20-08-23 16:00,35.41018962,12.01386723,106.2144373,63.48834332,0.015498121,0
20-08-23 17:00,49.60677773,57.5385825,105.2894602,58.88649171,0.005720638,0
20-08-23 18:00,41.02235648,59.84948171,359.5427835,41.63340514,0.015307937,1
20-08-23 19:00,61.76269298,17.11111326,137.9683668,57.0732912,0.004771781,0
20-08-23 20:00,50.47336515,105.9791097,246.4964504,61.25734055,0.026928992,1
20-08-23 21:00,60.82730682,66.12903952,272.264585,92.05908495,0.021759816,1
20-08-23 22:00,67.49877036,43.25176911,138.7283216,131.2604589,0.050123793,1
20-08-23 23:00,60.85261488,93.99397328,173.8413062,26.84282835,0.003051063,1
21-08-23 0:00,54.17137019,27.12846262,156.4679162,22.61564566,0.043892012,1
21-08-23 1:00,36.02324384,36.45370044,64.83339467,52.60041273,0.007216955,0
21-08-23 2:00,49.9582161,19.64267756,67.45340812,10.99274413,0.025863192,0
21-08-23 3:00,42.28782935,102.6875948,153.0673462,67.50060123,0.005609072,1
21-08-23 4:00,44.95742066,67.14495497,124.5262129,52.86538085,0.02336773,0
21-08-23 5:00,44.52226357,74.49965367,289.6922282,59.58686332,0,1
21-08-23 6:00,36.26137051,66.45692853,135.5499919,42.68716938,0.010619734,0
21-08-23 7:00,24.47109552,72.54293715,294.769806,56.57049327,0.021731356,1
21-08-23 8:00,40.42426941,61.64877619,121.5872303,62.4750201,0.057331924,1
21-08-23 9:00,52.93808739,65.79944576,291.451589,55.12061323,0,0
21-08-23 10:00,31.59492566,62.27703991,183.1903257,21.80040547,0.01996357,0
21-08-23 11:00,50.23547948,47.77514806,187.10953,54.38890369,0.012507375,0
21-08-23 12:00,82.11504645,59.02414073,119.5861668,106.6606723,0.000356931,1
21-08-23 13:00,66.39249304,65.85776702,188.0543244,56.19638841,0.005798462,0
21-08-23 14:00,77.35435133,62.33986317,272.9862622,53.48274304,0.013128066,1
21-08-23 15:00,56.01989917,32.24250134,141.0741316,96.30209393,0.028127711,0
21-08-23 16:00,68.87572653,34.46876367,129.4788402,33.02743874,0.021429552,0
21-08-23 17:00,39.66465397,84.49848847,134.9426918,74.61651991,0.004168099,0
21-08-23 18:00,40.75007037,53.69449305,267.005545,37.58926663,0.000746492,1
21-08-23 19:00,16.41578598,72.79208788,207.8492046,80.70657367,0.027205673,0
21-08-23 20:00,69.1991232,38.85457074,253.0546635,71.86184643,0.01699011,1
21-08-23 21:00,75.47745766,32.31917475,170.1915746,40.20295,0.05357286,0
21-08-23 22:00,42.00834638,43.351954,152.4667359,43.5631778,0.014731991,0
21-08-23 23:00,46.25521587,55.40043633,177.5748737,77.31363477,0.042212625,0
22-08-23 0:00,39.26037638,46.69567114,223.7563441,13.94182161,0.029588689,1
22-08-23 1:00,55.88622701,89.68399993,134.9215144,39.53767627,0.035170828,0
22-08-23 2:00,68.13946141,63.81833226,246.7819724,66.66519065,0.027479541,1
22-08-23 3:00,26.89567454,103.955572,173.6674018,42.58212006,0.027888563,1
22-08-23 4:00,56.30921787,68.73789017,34.34866324,53.4261489,0,0
22-08-23 5:00,45.92647069,18.067035,209.901703,11.47011791,0.016377781,1
22-08-23 6:00,51.71377417,83.84970955,80.19349695,30.82844606,0.010703275,0
22-08-23 7:00,57.09558552,31.71753508,208.1273645,68.3712846,0.045174145,1
22-08-23 8:00,47.21238358,64.92092567,211.2212831,32.91685181,0.006983262,1
22-08-23 9:00,48.45692744,44.63183787,171.2712621,22.52771112,0.015751185,0
22-08-23 10:00,46.83761507,111.8837476,185.7535897,79.92125136,0.034738009,1
22-08-23 11:00,65.49625656,93.34021977,225.9245263,63.68989148,0.025087187,1
22-08-23 12:00,56.45675931,45.24721332,120.4971511,26.34138076,0.022760895,0
22-08-23 13:00,53.35741016,57.34981893,203.3665375,53.52014606,0.0414381,1
22-08-23 14:00,32.55104246,65.22630179,230.8046957,26.94638237,0.02436426,0
22-08-23 15:00,44.46462647,79.24992129,278.5925068,46.25825487,0.012171912,0
22-08-23 16:00,64.28764366,60.61346491,88.22523237,54.49262027,0.004300633,0
22-08-23 17:00,50.56686963,40.05282145,176.5335663,31.7485893,0.028497864,0
22-08-23 18:00,60.3279538,45.70360418,95.45369394,70.21149789,0.009457514,0
22-08-23 19:00,79.61824095,59.90591241,93.3020304,74.84951279,0.016316224,0
22-08-23 20:00,66.65779361,88.2094226,173.2126414,56.79753848,0.040742278,1
22-08-23 21:00,51.40605354,69.25916292,154.8769848,60.86369745,0.016606508,0
22-08-23 22:00,42.59627238,44.65554251,229.4287627,20.01141394,0.013484288,1
22-08-23 23:00,18.2173716,74.24640922,129.0830007,89.62134279,0.015760717,0
23-08-23 0:00,47.50257965,52.09795428,141.729604,47.74189606,0.016149451,0
23-08-23 1:00,45.21609671,79.88780773,163.4874207,29.24270428,0.007088246,0
23-08-23 2:00,56.00787868,122.6458913,100.5921906,53.70969956,0.055278321,0
23-08-23 3:00,47.71510841,52.65778076,107.9451147,70.30392634,0.01211615,0
23-08-23 4:00,45.29687069,77.7975646,227.230224,63.59624541,0.03439599,1
23-08-23 5:00,26.4752766,45.18015686,117.4984197,26.41240044,0.006816431,0
23-08-23 6:00,36.78402208,57.66136562,232.2942904,70.66299275,0.029698362,1
23-08-23 7:00,57.37696183,60.62211892,190.1700077,48.49456153,0.022795735,0
23-08-23 8:00,78.68295347,55.98891318,67.64842456,63.28372146,0.020402393,1
23-08-23 9:00,48.54663044,120.8229421,184.8364776,31.88866691,0.022890795,0
23-08-23 10:00,55.0246262,53.7025444,184.2928999,79.42958289,0.027174417,1
23-08-23 11:00,65.19438699,72.84047441,177.5062497,54.66804305,0.016524017,0
23-08-23 12:00,38.49413993,25.05602873,141.2534786,83.96048547,0.017261603,1
23-08-23 13:00,55.63676319,69.35185938,96.54814496,18.69575761,0.030239282,1
23-08-23 14:00,39.440974,85.93957948,245.0120308,20.85644866,0.00564091,1
23-08-23 15:00,63.72028789,49.33799424,143.7131862,44.17214394,0.00430039,0
23-08-23 16:00,52.2939686,16.73715783,99.46955364,93.1523951,0.022959202,1
23-08-23 17:00,54.56585069,59.19055379,179.8474585,110.6281523,0,1
23-08-23 18:00,38.8734816,60.36130379,106.8865843,30.15724639,0.001570414,0
23-08-23 19:00,61.10538015,75.99200308,96.08670897,51.33461775,0.058660693,1
23-08-23 20:00,85.61672178,108.2945603,127.3788398,53.95101579,0.051992217,1
23-08-23 21:00,35.89721055,52.2355345,111.0691648,69.5011914,0.01184511,0
23-08-23 22:00,45.01905107,43.11779343,97.97797481,74.47354342,0.038981944,0
23-08-23 23:00,53.52775413,37.5372719,204.3025347,25.86569517,0.039747025,1
24-08-23 0:00,62.41452791,64.21850367,142.9635022,51.62735091,0.028203239,0
24-08-23 1:00,41.91989777,70.41111019,237.676727,11.88948466,0.018755883,0
24-08-23 2:00,15.53060627,48.98784643,100.9742763,72.24192959,0.031200483,1
24-08-23 3:00,72.23523849,77.26185789,59.93423798,41.87849354,0.03467817,1
24-08-23 4:00,61.98596135,70.09793912,159.4309425,24.22428589,0.03151066,0
24-08-23 5:00,26.89365314,60.91066895,286.6666292,58.64543239,0.002411961,0
24-08-23 6:00,41.25560796,42.27081936,184.8783589,41.1636787,0.064929175,1
24-08-23 7:00,75.98193258,50.2291392,412.9926746,86.31037757,0.075781194,1
24-08-23 8:00,73.81306075,17.83070496,171.4152746,30.07555522,0.000387958,0
24-08-23 9:00,64.96064543,65.03492166,165.0549223,120.3984695,0.02895873,1
24-08-23 10:00,47.38932908,60.55420786,43.16336252,73.5546841,0.065286495,0
24-08-23 11:00,51.25169819,64.01134531,177.8455491,87.16683103,0.039050215,1
24-08-23 12:00,48.05325449,70.97220583,160.7124279,27.45460675,0.039285023,0
24-08-23 13:00,68.19652176,68.32553854,125.5321273,104.3072453,0.003191713,1
24-08-23 14:00,37.62946382,57.70022988,141.5635716,24.09712779,0.034535009,1
24-08-23 15:00,38.56231826,61.02558177,145.7715402,44.88677043,0.023998792,0
24-08-23 16:00,66.17477354,33.46751215,138.9486749,87.72280243,0.034302134,1
24-08-23 17:00,49.33654611,48.25296113,306.808637,63.43967149,0.006648519,0
24-08-23 18:00,72.57718258,61.06371312,127.6463551,23.62751884,0.006300425,0
24-08-23 19:00,40.37824554,45.35929563,160.7541106,82.25271957,0.01778003,1
24-08-23 20:00,49.18132526,79.1729558,125.7349988,58.84556841,0.014364362,0
24-08-23 21:00,37.01465094,46.81942063,202.6470357,40.11466201,0.017555364,1
24-08-23 22:00,50.11049443,64.61259568,161.2352037,18.58314624,0.013017349,0
24-08-23 23:00,30.00789699,62.46826012,132.9756888,61.43578732,0.016904952,0
25-08-23 0:00,42.92328504,76.50722484,51.88311855,45.99443087,0.010673493,0
25-08-23 1:00,30.51901719,80.13375176,165.5619574,53.98103156,0.019234579,1
25-08-23 2:00,60.89037795,75.29720673,131.2265077,17.90855605,0.003302585,0
25-08-23 3:00,61.26234038,22.42676295,146.2258455,40.05939474,0.029018598,0
25-08-23 4:00,27.03986816,87.21609581,84.48561908,62.69969313,0.024372346,1
25-08-23 5:00,71.78753736,95.57247833,251.9059225,107.4749736,0.004587378,0
25-08-23 6:00,93.69830921,50.22405577,207.9505017,44.99438106,0.046499422,1
25-08-23 7:00,50.69221239,65.05358781,251.7006428,92.331813,0.008821446,0
25-08-23 8:00,40.79431359,42.48290634,229.5795754,71.54346313,0.043264033,1
25-08-23 9:00,100.3418022,24.77831957,189.1248701,56.00859039,0.025596352,0
25-08-23 10:00,31.95515042,45.30552979,86.43619918,27.76596307,0.039012384,1
25-08-23 11:00,50.30200127,49.09470544,285.6001552,28.56352222,0.022912157,0
25-08-23 12:00,52.72659825,52.7370132,97.18584491,66.58259195,0.030033321,1
25-08-23 13:00,71.98663643,41.24207846,133.6567794,37.66920342,0.038771612,1
25-08-23 14:00,55.52549676,45.40494021,197.1796575,35.75194586,0.061427155,1
25-08-23 15:00,42.76912733,59.76904895,200.717923,45.58260181,0.040658464,1
25-08-23 16:00,36.63698615,44.71510776,187.7295247,45.98475086,0.027774386,0
25-08-23 17:00,44.98951485,71.85713903,125.9433551,74.95334825,0.003879256,1
25-08-23 18:00,35.9099923,75.01186554,114.2769693,38.12914131,0,0
25-08-23 19:00,50.71966706,118.4875114,346.9514176,71.95695769,0.017964451,1
25-08-23 20:00,41.85537463,85.54001154,147.5521524,61.57265017,0.010099747,1
25-08-23 21:00,29.82158203,65.19381287,140.0463083,16.55688801,0.010534347,0
25-08-23 22:00,70.40257778,47.55154147,108.4576965,57.62289587,0.018701475,0
25-08-23 23:00,42.78259009,66.29812565,165.6510783,4.656844334,0.03192259,1
26-08-23 0:00,32.58611888,67.01851254,162.6117032,30.02369252,0.011222202,0
26-08-23 1:00,47.50442412,49.61566062,148.9874417,62.22024166,0.036727182,1
26-08-23 2:00,51.03024816,77.37971169,174.7322068,49.73426232,0.02053926,0
26-08-23 3:00,26.85314514,33.57195878,278.881481,15.17902485,0.020606042,1
26-08-23 4:00,55.08470518,54.95720037,114.9337322,25.77852501,0.060546778,1
26-08-23 5:00,35.38917544,72.13649559,152.7038711,5.196455066,0.022944923,0
26-08-23 6:00,78.59305172,54.08478986,112.0277174,21.84334687,0.019142519,1
26-08-23 7:00,58.1339423,55.7222786,168.9397303,65.48252682,0.029205852,0
26-08-23 8:00,44.16142015,57.13497433,116.4096016,36.99637098,0.058443505,0
26-08-23 9:00,39.37775845,43.4997181,118.8163551,54.335283,0.019258655,0
26-08-23 10:00,48.43650261,86.71898466,71.56104,50.34166805,0.02761629,1
26-08-23 11:00,59.56737362,40.17580994,156.1695568,50.81776173,0.018302598,0
26-08-23 12:00,49.61823802,66.83318391,177.9688129,78.71871044,0.018383203,1
26-08-23 13:00,46.78977584,68.94326274,287.0480056,45.05075213,0.012879092,1
26-08-23 14:00,50.87896145,41.42876534,180.6665006,75.25465998,0.01197974,1
26-08-23 15:00,41.30676164,61.54320569,123.1080372,6.478106036,0.05576676,1
26-08-23 16:00,44.96970141,42.13887041,76.11242035,81.49145189,0.012058865,1
26-08-23 17:00,23.06364351,92.11439073,82.61881385,22.74095215,0.002470468,1
26-08-23 18:00,65.55403624,38.03079819,79.09514555,26.63010587,0.022053689,0
26-08-23 19:00,54.57124682,46.90953314,288.5398785,33.87402018,0.039392933,1
26-08-23 20:00,38.99639628,36.53936513,168.4851654,80.62060694,0.044511797,1
26-08-23 21:00,82.08621925,34.25334549,115.603709,30.14006644,0.005168798,1
26-08-23 22:00,51.31281907,97.21347026,95.53675745,34.89335079,0.041518781,0
26-08-23 23:00,35.53143992,71.84017467,100.8907838,28.73233685,0.065660709,1
27-08-23 0:00,63.58506033,62.97568531,114.1462624,56.58054953,0.010457731,0
27-08-23 1:00,56.12916563,46.85852373,242.6611178,70.24906844,0.017305846,1
27-08-23 2:00,56.07439315,80.29548683,148.1339142,101.3222791,0.004845299,1
27-08-23 3:00,43.79493377,43.71034272,72.1043031,127.2728096,0.059967799,1
27-08-23 4:00,56.96038225,77.61122018,326.433037,67.52272387,0.002803469,1
27-08-23 5:00,46.14214305,42.81917708,86.53973333,59.54246362,0.01408288,0
27-08-23 6:00,58.64819267,47.08842353,115.1673113,24.01225477,0.034402226,1
27-08-23 7:00,25.05464656,76.78641837,242.1828941,108.6688944,0.010459413,1
27-08-23 8:00,43.68014424,79.25967075,176.9809473,55.52427323,0.007109194,0
27-08-23 9:00,78.79814465,73.08239247,121.9547783,43.0240544,0.019172334,1
27-08-23 10:00,39.08238065,39.60956719,82.13715416,60.13883684,0.075381037,1
27-08-23 11:00,41.30704623,50.91808316,95.18880679,35.30605856,0.0161006,0
27-08-23 12:00,43.48124928,63.33179939,98.27440384,7.95233592,0.016815484,0
27-08-23 13:00,33.25366191,43.24701703,150.439784,65.27594876,0.005884468,0
27-08-23 14:00,21.75229234,91.6095263,162.1603913,88.96855443,0.026606424,1
27-08-23 15:00,46.59437411,18.21313786,140.8416749,64.85355434,0.036482476,0
27-08-23 16:00,52.05634914,44.55612303,147.558363,49.82317209,0.011401948,0
27-08-23 17:00,49.21518075,49.68859047,90.9539157,50.33232223,0.029432731,0
27-08-23 18:00,47.84781137,12.40920639,168.8365793,54.39603463,0.011498259,0
27-08-23 19:00,50.64746558,33.60337194,239.8707827,53.60155328,0.000459,1
27-08-23 20:00,66.38882675,73.71756023,139.9845267,48.49352101,0.027945381,0
27-08-23 21:00,47.17957696,60.63733202,138.8064515,50.63549877,0.066099323,1
27-08-23 22:00,41.71833215,96.74799188,155.2289008,96.12951238,0.005156163,0
27-08-23 23:00,45.86214926,96.03134252,227.3900964,62.47595633,0.022966609,1
28-08-23 0:00,59.02584406,69.3752677,98.88298801,52.66184227,0.046102458,1
28-08-23 1:00,73.17422308,66.72518053,253.3077064,67.78441271,0.01839943,0
28-08-23 2:00,40.97240847,61.39107365,177.390959,67.78650013,0.003278221,0
28-08-23 3:00,51.4937947,14.81746841,151.797479,76.33468551,0.020725395,1
28-08-23 4:00,55.18984739,33.63144457,234.6591181,32.79595936,0.050509278,0
28-08-23 5:00,36.096541,62.1293889,84.50474486,38.67952355,0.01266518,0
28-08-23 6:00,50.30667437,73.50577139,184.2630353,31.64669084,0.023877696,0
28-08-23 7:00,30.163092,66.20892895,178.0053457,70.93166521,0.006473319,0
28-08-23 8:00,26.59378442,42.45297626,96.78451554,69.49279057,0.018438117,0
28-08-23 9:00,55.63569905,81.00362774,180.0630076,23.03237042,0.026635656,1
28-08-23 10:00,44.3892387,94.42778505,168.1881447,60.22920791,0.022061162,0
28-08-23 11:00,53.07512348,81.01751834,139.0205514,89.95492406,0.013654612,1
28-08-23 12:00,49.73189558,82.25054617,208.392822,44.28282838,0.027676611,1
28-08-23 13:00,36.30735633,48.72535848,116.2267768,58.1450695,0.032056642,1
28-08-23 14:00,49.32323342,84.33106793,167.3335193,69.86297066,0.033392902,1
28-08-23 15:00,33.02401925,63.0927998,141.8744165,22.21766621,0.015570563,0
28-08-23 16:00,72.79938947,71.13519969,113.8485617,53.86900518,0.011220812,0
28-08-23 17:00,31.4991004,67.87437935,182.9476509,86.65774354,0.062971413,1
28-08-23 18:00,47.10155281,57.47090946,137.2754406,36.22546968,0.022258808,0
28-08-23 19:00,35.45225624,43.04935441,70.9555845,72.89065319,0.016079102,0
28-08-23 20:00,58.88169792,58.28524971,56.89640314,50.68125344,0.002912001,0
28-08-23 21:00,45.13837618,82.1825417,203.0517619,34.50225348,0.007688871,1
28-08-23 22:00,42.48901437,51.02135942,82.65168103,47.61522793,0.010960627,0
28-08-23 23:00,63.52597605,79.95739651,167.929865,37.67723368,0.027609869,0
29-08-23 0:00,50.44232503,76.29339384,153.4526116,30.15945447,0.014681057,0
29-08-23 1:00,58.01658817,53.85636001,127.781658,43.83545448,0.02024385,0
29-08-23 2:00,36.24311155,92.05795077,295.2630873,51.72470429,0.003230617,1
29-08-23 3:00,30.90125649,52.72314006,161.4233227,45.93136261,0.048388123,1
29-08-23 4:00,51.61961298,95.11858171,200.6529844,43.57692988,0.009831834,1
29-08-23 5:00,45.31896767,69.39936597,168.2877351,55.80311949,0.023927808,0
29-08-23 6:00,59.78894049,59.6671933,135.8504491,64.13232631,0.012355521,0
29-08-23 7:00,48.80775857,42.53845795,148.8091394,25.32448088,0.01521351,0
29-08-23 8:00,53.11818598,58.15821997,253.9230048,43.88121429,0.009186795,1
29-08-23 9:00,28.28463289,55.78332713,225.1104196,12.34606842,0.025004239,1
29-08-23 10:00,81.89274817,35.9507406,294.8606582,46.02432635,0.007197737,1
29-08-23 11:00,47.56334565,55.50111083,164.1473821,53.83120313,0.025324344,0
29-08-23 12:00,60.95043214,44.08928255,99.8055451,65.21844809,0.018141151,0
29-08-23 13:00,38.15767423,72.82090668,123.632022,53.92386504,0.031271092,1
29-08-23 14:00,54.71501863,89.99144301,84.22876521,64.60588071,0.033251833,0
29-08-23 15:00,32.15473302,36.49275391,201.4703982,51.64338744,0.015221287,1
29-08-23 16:00,56.9853829,100.3564589,115.4400178,34.48101578,0.026258439,1
29-08-23 17:00,44.78710628,57.32521633,27.0851154,25.83755469,0.013430356,0
29-08-23 18:00,50.43870964,40.95055097,340.4071253,43.63244359,0.046253426,1
29-08-23 19:00,60.9567782,76.77413884,116.2909428,32.60463257,0.014642917,0
29-08-23 20:00,33.03105095,50.92343836,115.9578097,47.05002013,0.016893709,0
29-08-23 21:00,40.20115297,58.29355113,271.2414447,38.42890387,0.013158396,0
29-08-23 22:00,57.06900971,51.75531822,83.24351374,61.003912,0.009882982,0
29-08-23 23:00,85.87585547,43.8490947,228.7891056,51.23106539,0.064946948,0
30-08-23 0:00,47.94783171,75.99019523,115.355379,61.78811195,0.028492374,0
30-08-23 1:00,59.21648368,54.11062328,77.77739099,61.64673081,0.021103302,0
30-08-23 2:00,48.40687085,32.92626492,274.0641986,45.60502112,0.013060824,1
30-08-23 3:00,82.90600187,72.0277635,212.806207,47.08360185,0.041526842,1
30-08-23 4:00,26.84445855,36.86291384,212.5784724,63.2949334,0.012162921,1
30-08-23 5:00,51.42826881,37.77654991,173.7894953,129.096325,0.02197623,1
30-08-23 6:00,28.2592329,87.17819464,189.5973887,28.2068626,0.069806211,1
30-08-23 7:00,18.68432748,37.02370585,82.09940384,51.04901676,0.007432953,0
30-08-23 8:00,54.55041447,19.40353317,157.0504205,24.39644667,0.029506613,1
30-08-23 9:00,52.11192658,73.66202583,97.12791674,49.47850324,0.024866498,0
30-08-23 10:00,45.80857801,53.75736746,74.76615215,34.51155171,0.029287405,0
30-08-23 11:00,48.41836583,55.50030308,176.697879,47.04547237,0.015685053,0
30-08-23 12:00,106.0739509,53.54385749,230.4322096,53.95512225,0.011576209,0
30-08-23 13:00,46.19402733,64.94557516,126.9212784,38.48373317,0.023777785,0
30-08-23 14:00,57.91209228,45.04277531,137.018891,14.95141814,0.013327419,0
30-08-23 15:00,40.68120237,94.26678505,86.63790603,91.73484783,0,1
30-08-23 16:00,54.5156509,32.26804456,150.4513842,73.09508204,0.008847777,0
30-08-23 17:00,46.48325016,69.63924379,200.9710512,46.78715641,0.015234162,1
30-08-23 18:00,44.01074818,74.10302016,203.2295805,30.03331646,0.00623969,1
30-08-23 19:00,80.59186985,44.91291922,185.8568134,52.1473023,0.02248418,1
30-08-23 20:00,69.04353889,40.07362497,113.6427947,59.41565942,0.009600317,0
30-08-23 21:00,52.06989936,82.91262357,111.9029414,71.02904998,0.019310638,0
30-08-23 22:00,20.74621361,40.66463172,203.5087892,73.78583529,0.068784979,1
30-08-23 23:00,44.71518931,47.81211895,204.7059869,79.57866973,0.044148647,1
31-08-23 0:00,97.85177148,79.814464,139.4278071,15.57028514,0.030513459,0
31-08-23 1:00,46.5932798,60.73137633,124.4539907,42.66234211,0.05876759,1
31-08-23 2:00,67.76535259,27.10457102,231.127738,77.78626823,0.018854431,0
31-08-23 3:00,73.70833392,101.2665655,128.2805867,29.468494,0.019013159,1
31-08-23 4:00,53.33240393,49.29114117,199.9592533,84.9415297,0.00645331,1
31-08-23 5:00,38.08133918,51.78541706,141.5596579,105.0918417,0.045351525,1
31-08-23 6:00,19.40106118,65.46960767,91.11315075,84.03861855,0.062801342,0
31-08-23 7:00,60.73052743,73.71269424,266.3668114,67.85286578,0.036988731,1
31-08-23 8:00,38.4424873,106.9520852,157.5904855,39.41312979,0.048852261,1
31-08-23 9:00,52.67328576,29.27230825,108.6094433,57.27882458,0,0
31-08-23 10:00,32.81474579,78.36829196,74.6806882,21.78354619,0.073857679,0
31-08-23 11:00,46.09178785,76.43129868,79.35956247,32.302635,0.018363171,0
31-08-23 12:00,50.5069228,57.14775819,127.5274147,33.74563771,0.074347248,1
31-08-23 13:00,54.10104623,77.4624474,292.5572825,51.56083615,0.056702247,1
31-08-23 14:00,34.5204957,80.92905628,115.5096097,40.65697739,0.03414873,1
31-08-23 15:00,69.38626005,33.84351322,253.03668,56.74530253,0.014864455,1
31-08-23 16:00,41.40286161,101.3376209,141.9298655,74.25741043,0.022606945,1
31-08-23 17:00,27.68680607,30.91060233,84.54879803,33.76795098,0.000384188,0
31-08-23 18:00,48.37653481,38.09177268,121.7678737,53.78127418,0.037491953,1
31-08-23 19:00,50.5168113,54.60525803,79.78383513,40.11986586,0,0
31-08-23 20:00,52.43463046,105.9818447,100.8980637,54.86254766,0.015488623,1
31-08-23 21:00,72.28739074,53.669144,99.34804391,68.56681346,0.051836544,1
31-08-23 22:00,46.5091755,59.33091797,52.75907328,75.57692092,0.033089931,0
31-08-23 23:00,48.22001449,93.14992437,258.281066,68.10552582,0.002543281,1
01-09-23 0:00,34.66925006,53.82860549,163.4557335,60.86379303,0.003944369,0
01-09-23 1:00,62.98161059,37.33589866,109.9334679,20.5456854,0.011511818,0
01-09-23 2:00,52.79860579,51.49919582,164.1549181,26.47575979,0.021272441,0
01-09-23 3:00,43.87600738,91.60523389,101.9706403,31.43335252,0.036329837,1
01-09-23 4:00,25.05766529,61.49569771,29.96703526,59.35133053,0.030761158,1
01-09-23 5:00,73.75250952,106.1349854,387.2453796,22.72495824,0.006422814,1
01-09-23 6:00,33.09199863,76.31345538,162.065681,58.77982217,0.031048218,1
01-09-23 7:00,41.48043954,47.08268018,115.2683032,56.82156339,0.033183734,1
01-09-23 8:00,55.50357845,61.07651558,51.57048326,12.8484493,0.028532279,0
01-09-23 9:00,33.48338195,43.17439125,70.01053947,26.35856915,0.078075152,1
01-09-23 10:00,29.82792478,46.63311043,269.8298069,79.36591802,0.033203721,1
01-09-23 11:00,22.65193959,144.7908425,257.4060757,68.89436727,0.038295211,1
01-09-23 12:00,61.3347909,82.94750855,200.4799371,30.90965992,0.060570267,0
01-09-23 13:00,42.11943437,79.19529239,87.76806591,27.34128714,0.035769971,0
01-09-23 14:00,102.4779616,47.49574394,258.0535029,6.753929504,0.012094096,1
01-09-23 15:00,36.07341601,96.6566566,179.32524,93.27659285,0.044516177,0
01-09-23 16:00,37.02730664,84.90079964,193.5063342,51.03141559,0.014061045,1
01-09-23 17:00,41.83877466,104.8247951,179.0800951,107.7383503,0.007174824,1
01-09-23 18:00,53.70613429,103.5358583,69.43936321,45.31843624,0.008062065,1
01-09-23 19:00,43.1680411,32.22068263,83.72847856,57.30430261,0.044250244,0
01-09-23 20:00,59.55993395,38.54098626,119.6733001,74.66570068,0.031078047,1
01-09-23 21:00,36.27880939,40.43184084,192.7131142,99.0284832,0.040349496,1
01-09-23 22:00,31.1849199,41.5137824,75.15655126,63.27860957,0.031173669,1
01-09-23 23:00,26.26035516,66.9494318,139.2253273,50.06019783,0.023128547,0
02-09-23 0:00,21.59066956,48.57902674,139.1490511,50.70128642,0.025391578,0
02-09-23 1:00,42.49736022,109.9680664,203.3168479,27.13542627,0.030505377,0
02-09-23 2:00,45.57588446,105.4399857,194.8980611,40.8904319,0.011449143,1
02-09-23 3:00,40.92715731,59.86436915,92.984218,51.28835742,0.004349821,0
02-09-23 4:00,70.19714493,106.7968015,252.9752908,90.27623892,0.012944169,1
02-09-23 5:00,69.92851134,94.57264418,85.4162721,39.80373161,0.029594184,0
02-09-23 6:00,45.09004823,50.83986686,225.4228871,79.95407082,0.010893683,1
02-09-23 7:00,26.30933626,23.86189722,117.4319003,47.9741421,0.067679668,0
02-09-23 8:00,41.82057806,55.49392924,160.4066024,85.72827766,0.027644351,1
02-09-23 9:00,41.3624648,47.08624179,164.4306382,68.29192235,0.021954632,0
02-09-23 10:00,40.57480192,64.40058499,162.5912444,66.34324104,0.011401538,0
02-09-23 11:00,40.02102811,61.88573656,194.8858949,77.34497139,0.037167515,0
02-09-23 12:00,40.62507032,61.32932767,175.3856619,72.9114641,0.005015336,0
02-09-23 13:00,44.35129018,71.40874813,202.6627064,79.99043172,0.025351478,1
02-09-23 14:00,40.87079601,36.74235332,180.3339778,116.9273517,0.013600583,0
02-09-23 15:00,53.1682359,68.89239175,80.56462893,98.26541331,0.021978746,1
02-09-23 16:00,55.53539635,51.05795433,167.2991914,62.31326055,0.028489756,0
02-09-23 17:00,37.16959817,64.25961552,116.6658267,39.54174939,0.005607029,0
02-09-23 18:00,70.68158695,81.48055717,88.0538746,59.56323073,0.001641129,1
02-09-23 19:00,36.25958759,36.53633697,132.3890497,12.97579678,0.007697486,0
02-09-23 20:00,28.35026962,54.21152247,161.6536766,72.78632172,0.036387066,1
02-09-23 21:00,55.85666301,57.53185663,165.978715,26.87018126,0.02638782,0
02-09-23 22:00,38.40703404,49.59706046,222.6926761,81.84192454,0.014040567,0
02-09-23 23:00,54.92260027,80.1109591,241.9611627,111.2718598,0.063111163,1
03-09-23 0:00,19.72259373,45.65028355,171.6960607,20.04227283,0.045516007,1
03-09-23 1:00,72.82577267,48.79929602,183.9235426,48.74998169,0.039961831,1
03-09-23 2:00,60.53637955,45.84767597,156.0113174,26.78860285,0.009986134,0
03-09-23 3:00,29.74428164,84.72204117,201.483401,15.7534169,0.039714787,1
03-09-23 4:00,30.00512492,50.02242545,181.8597034,47.3758716,0.025799577,0
03-09-23 5:00,77.88046182,69.97841585,146.6123078,67.08948742,0.010008761,0
03-09-23 6:00,39.48303057,107.3449231,312.2850842,70.56737076,0.0183669,1
03-09-23 7:00,38.18309163,58.43720987,117.6534374,53.91922478,0.006620085,0
03-09-23 8:00,21.14421068,85.20829271,253.59623,16.7032036,0.010111427,0
03-09-23 9:00,44.86137227,99.28857248,76.36134809,53.13013602,0.005620603,1
03-09-23 10:00,46.636062,83.15370651,204.8228647,19.36939834,0.038049853,1
03-09-23 11:00,61.24432682,59.64759579,252.1678938,20.43418001,0.018880278,1
03-09-23 12:00,30.97124403,74.1027165,52.62371557,28.06045246,0.007594244,0
03-09-23 13:00,29.50697005,35.45106501,158.8002544,79.5515904,0.029081018,0
03-09-23 14:00,56.96780682,44.53179467,197.7842811,64.52329382,0.02002406,1
03-09-23 15:00,66.1144565,47.8502693,166.1286392,58.37696172,0.040118773,1
03-09-23 16:00,28.90123444,114.5833685,174.4927574,30.66695515,0.022186723,1
03-09-23 17:00,67.39238401,43.92616559,158.6252881,40.75672466,0.003201522,0
03-09-23 18:00,50.56453701,43.65006488,88.79378069,21.37864439,0.012792364,0
03-09-23 19:00,67.56911898,39.71231593,331.6486891,89.6914875,0.005502182,1
03-09-23 20:00,48.95162548,72.22613081,120.0501858,119.4152784,0.02995906,0
03-09-23 21:00,18.52771713,63.02556054,178.2660533,64.84436574,0.040879539,1
03-09-23 22:00,47.74358335,84.59350613,112.0829296,69.90024795,0.002447934,1
03-09-23 23:00,67.0260622,74.7723373,38.83587018,46.1018015,0.018054561,0
04-09-23 0:00,37.39259166,33.87002741,97.34628971,17.38156878,0.042430518,1
04-09-23 1:00,44.33104228,44.02471293,72.09797255,31.03770994,0.00234676,0
04-09-23 2:00,47.38902046,91.4680876,225.3720894,39.01513461,0.013607463,0
04-09-23 3:00,14.91447254,55.79273213,114.2804817,40.81386632,0.019996325,0
04-09-23 4:00,77.86361635,87.05498967,119.4550307,35.75128724,0.040497405,1
04-09-23 5:00,37.29184292,56.89030667,90.27612966,51.20067385,0.029605087,1
04-09-23 6:00,57.84179981,41.08375345,155.9302684,30.91413522,0.033667716,0
04-09-23 7:00,48.70700004,53.76947432,108.3012196,118.2901866,0.030728234,0
04-09-23 8:00,70.44589154,41.0766349,217.9307782,21.45838823,0.014447577,0
04-09-23 9:00,56.25572341,48.60316688,169.4248242,74.54469328,0.054396875,1
04-09-23 10:00,46.53132534,64.27999655,116.2227968,43.65933591,0.01061581,0
04-09-23 11:00,37.39564283,71.13631655,207.4769432,62.21249861,0,1
04-09-23 12:00,62.60432626,30.39904488,150.496661,63.47741383,0.000917187,0
04-09-23 13:00,25.40816276,59.63572431,151.3463293,54.00006848,0.018170736,0
04-09-23 14:00,60.10553074,48.19724659,71.42112369,25.51931906,0.01502505,0
04-09-23 15:00,34.72222809,47.01395166,145.5874361,42.02975743,0.012281228,0
04-09-23 16:00,70.3524693,62.81278481,170.7168857,54.31316144,0.022470954,0
04-09-23 17:00,52.44551068,48.89500657,244.0183292,52.69483037,0.043529929,0
04-09-23 18:00,60.07675195,91.89035605,106.3987123,27.56209774,0.027882875,0
04-09-23 19:00,51.23655437,87.06653593,323.5204624,87.28200032,0.031638655,1
04-09-23 20:00,26.78516906,86.91347135,186.6648837,6.314389643,0.006221222,1
04-09-23 21:00,37.82991724,49.97429005,68.88843244,43.93456518,0.012498295,0
04-09-23 22:00,60.53794749,41.17713048,101.461277,29.51351587,0.032677186,1
04-09-23 23:00,52.52761142,61.73272188,250.9278795,54.65368813,0.021763193,1
05-09-23 0:00,69.10958574,56.87659125,236.9755336,78.5193408,0.028315759,1
05-09-23 1:00,56.21174882,47.77071205,151.1328068,20.76446012,0.030949553,1
05-09-23 2:00,36.43398418,37.38310385,159.5047083,125.4585036,0.022741899,1
05-09-23 3:00,38.69275605,59.13070826,85.34976043,55.16844454,0.05281778,1
05-09-23 4:00,51.55435285,51.75944973,243.0674368,59.98023937,0.012343015,1
05-09-23 5:00,20.64413895,75.16602024,94.11865998,20.22481925,0.008907267,0
05-09-23 6:00,77.90203603,74.63077617,207.0778447,48.8423258,0.001105844,1
05-09-23 7:00,56.82134122,84.93443623,245.4707594,77.12432641,0.033658873,1
05-09-23 8:00,69.91113286,35.93353134,153.0236359,55.3802405,0.011854017,0
05-09-23 9:00,28.78924971,68.66349611,216.0933409,53.56385374,0.045064408,1
05-09-23 10:00,70.21741984,45.5170297,285.9601167,48.71157903,0.02415168,1
05-09-23 11:00,88.45207106,36.60541784,167.1788936,21.24665047,0.014923097,0
05-09-23 12:00,31.9315443,51.27490284,139.2280208,21.15123228,0.006462578,0
05-09-23 13:00,62.16608765,84.15600008,145.8485122,83.33515595,0.035693931,1
05-09-23 14:00,50.0166504,52.38924601,106.8754422,74.39245714,0.019146513,1
05-09-23 15:00,29.21876819,96.5505203,105.6677242,78.94115538,0.02449999,1
05-09-23 16:00,57.63619419,71.97835026,178.8247652,31.46059738,0.030767109,1
05-09-23 17:00,63.19894238,51.9570609,139.9144134,46.13528877,0.024463921,0
05-09-23 18:00,41.34445484,86.37958554,171.1168829,85.34699974,0.00856948,1
05-09-23 19:00,68.84810914,69.65089964,70.19844902,23.8123986,0.02915545,0
05-09-23 20:00,27.77664915,41.72075336,144.2627929,82.07696295,0.0351414,1
05-09-23 21:00,29.81295374,104.2175762,220.7492223,36.36902588,0.026152959,1
05-09-23 22:00,52.06761978,65.55004917,87.57918191,30.81343948,0.031317167,1
05-09-23 23:00,50.38142358,60.39524998,151.0345396,49.20514846,0.033187953,1
06-09-23 0:00,39.76487524,43.13171816,54.72437225,25.81803207,0.014133592,0
06-09-23 1:00,62.79935969,86.85726941,78.63401016,13.37227606,0.013626999,1
06-09-23 2:00,58.24526349,71.26414478,204.3927021,51.91808371,0.070504332,1
06-09-23 3:00,63.60848873,73.80791282,131.2436723,64.212964,0.046485078,1
06-09-23 4:00,48.16811605,49.72822388,283.7992513,84.81304493,0.019235677,1
06-09-23 5:00,59.401807,78.55969766,178.1497367,66.27962274,0.032324029,1
06-09-23 6:00,43.51384965,80.39519151,184.8514196,110.7232879,0.007634801,1
06-09-23 7:00,85.02545156,46.62655348,89.6727535,89.58444966,0.011493876,1
06-09-23 8:00,38.47204408,33.25499865,126.8207509,70.08624952,0.004713797,0
06-09-23 9:00,86.01173871,72.7158262,107.4307733,62.37428144,0.024815389,0
06-09-23 10:00,50.52453638,30.67284499,90.22088788,85.29200872,0.025023121,0
06-09-23 11:00,31.25936686,63.22699453,194.1378449,9.366847812,0.040865255,0
06-09-23 12:00,72.39283137,50.90789508,208.5165677,38.68993826,0.016742332,0
06-09-23 13:00,51.90437199,87.81968677,175.8884799,13.89982923,0.040478236,1
06-09-23 14:00,63.49127371,51.98176778,102.3599721,67.89653622,0.031725501,0
06-09-23 15:00,69.85566209,85.09181256,171.3269213,33.0859976,0.077491154,1
06-09-23 16:00,55.18354727,49.5982187,52.40763191,152.8462439,0.055011683,1
06-09-23 17:00,41.46713655,82.49978412,243.1902004,37.85659644,0.050554103,1
06-09-23 18:00,65.58771726,109.6346833,78.97677729,52.69301849,0.035466018,1
06-09-23 19:00,50.01133318,39.28209713,87.50388359,40.42879174,0.008091311,0
06-09-23 20:00,60.75826823,66.26067745,157.2855207,38.49608698,0.024941889,0
06-09-23 21:00,22.33259678,127.4878242,163.0100593,23.49840332,0.071115397,0
06-09-23 22:00,56.90451841,61.40501647,145.4849667,22.91261229,0.028882285,0
06-09-23 23:00,40.82900448,61.30328036,88.01130796,9.763244184,0.008877503,0
07-09-23 0:00,77.53307731,77.49107378,228.5411156,64.52914494,0.025714138,1
07-09-23 1:00,59.73454806,60.8652296,61.68272318,39.92480547,0.007104276,0
07-09-23 2:00,53.65539793,28.52018501,70.49620949,109.55746,0.008500098,1
07-09-23 3:00,57.53114731,85.70114692,143.3822486,23.54014979,0.027117846,1
07-09-23 4:00,36.02027134,23.95578683,80.5751015,93.44637669,0.033473519,1
07-09-23 5:00,76.98381264,51.50794825,235.3829552,96.72248164,0.009143287,1
07-09-23 6:00,83.83611242,87.54275614,84.69072365,86.81859691,0.011986407,1
07-09-23 7:00,56.04808368,52.70329275,261.8601983,56.03532209,0.003281636,0
07-09-23 8:00,76.38543704,46.15419589,221.1240027,41.88800621,0.017981447,1
07-09-23 9:00,41.78670669,79.62419953,236.3431595,86.78673872,0.00022463,0
07-09-23 10:00,38.67868654,43.21318405,289.3111379,32.09266315,0.015482143,1
07-09-23 11:00,50.61554607,36.57401345,155.1163331,56.98753769,0.02129223,0
07-09-23 12:00,56.71328928,65.87783063,92.84579295,48.912043,0.001155759,0
07-09-23 13:00,44.24542529,56.20880213,143.6256715,30.0984505,0.006927579,0
07-09-23 14:00,58.35571748,36.20294882,116.5100591,57.18310466,0.019049366,0
07-09-23 15:00,54.68971675,73.98456615,108.693259,70.19692826,0.016970696,0
07-09-23 16:00,36.02201479,70.07786282,159.5648804,29.32861823,0.01766202,0
07-09-23 17:00,58.05104146,52.63928016,131.1014437,62.13813644,0.024857061,0
07-09-23 18:00,63.69860466,54.00933938,106.3818112,9.179995296,0.001636645,0
07-09-23 19:00,52.60144149,70.21015158,135.0236845,27.07329726,0.032845158,0
07-09-23 20:00,68.6183192,87.12303028,186.1194181,39.19385226,0.015205123,1
07-09-23 21:00,33.22101509,54.18130059,215.2644787,59.31650063,0.011527197,1
07-09-23 22:00,57.23823393,74.39138389,65.23344585,73.99999314,0.00059537,1
07-09-23 23:00,33.81534634,72.34838149,131.6015175,52.09115117,0.015933558,0
08-09-23 0:00,34.5299569,79.62522512,141.2859171,65.12798554,0.028979009,0
08-09-23 1:00,40.93411121,60.82781099,84.48262023,46.06281206,0.022325282,0
08-09-23 2:00,36.75657464,42.08967097,142.6043685,60.61016675,0.022820537,0
08-09-23 3:00,42.08036214,50.60837598,159.3811418,59.16924664,0.014920153,0
08-09-23 4:00,46.83360569,67.37624553,184.0422948,38.05179035,0.019042222,0
08-09-23 5:00,63.25814493,103.147971,154.8580968,41.49438766,0.005960031,1
08-09-23 6:00,45.28575755,50.18700041,99.59709305,66.08363718,0.019923812,0
08-09-23 7:00,28.72982328,77.87206056,300.0414657,105.1531819,0.012865918,1
08-09-23 8:00,68.40077239,53.27224609,205.9451304,84.5396978,0.005798733,1
08-09-23 9:00,38.14436789,62.33814889,186.3779787,25.5968078,0.033784311,0
08-09-23 10:00,49.12264168,95.2679727,218.8600687,25.66125927,0.002241874,1
08-09-23 11:00,56.89744246,76.92635893,165.6470751,37.46991911,0.029213196,0
08-09-23 12:00,53.0340006,36.2439511,240.3212252,52.50238974,0.030428599,0
08-09-23 13:00,67.6099221,48.46961598,153.5739034,51.21339242,0.012398121,0
08-09-23 14:00,57.41449116,88.74778633,150.1092346,85.62189242,0.039671771,1
08-09-23 15:00,37.8222105,63.00963296,192.1228712,87.40978807,0.012128589,1
08-09-23 16:00,87.42456576,37.85410792,263.4317653,50.14173591,0.011342039,0
08-09-23 17:00,52.95276745,43.80802332,258.2207845,44.46312278,0.005116874,1
08-09-23 18:00,47.81160574,75.51571868,189.1617845,63.71974143,0.019865119,0
08-09-23 19:00,65.38803357,82.36589362,183.889568,79.97122414,0.00741855,1
08-09-23 20:00,53.80398996,60.37543955,196.4095009,64.72647954,0.009213771,1
08-09-23 21:00,56.14780604,121.1723574,217.4299986,39.77005026,0.018966834,0
08-09-23 22:00,93.59374106,78.32604031,241.2909741,35.81821783,0.01962554,1
08-09-23 23:00,45.94887038,54.97582208,135.5493269,25.9352289,0.044827046,1
09-09-23 0:00,45.33455858,43.86823753,242.802544,54.94948267,0.037496992,1
09-09-23 1:00,51.76226823,40.95302871,172.1430685,66.74283843,0.029726653,1
09-09-23 2:00,67.22088543,67.21260892,193.2254983,69.9911222,0.017719636,0
09-09-23 3:00,29.67163433,50.09403656,247.8305362,82.77366509,0.014025431,1
09-09-23 4:00,24.38007159,99.35074606,200.0400027,93.58168956,0.019576641,0
09-09-23 5:00,41.53797528,94.01765332,212.2840099,21.2974504,0.012027832,1
09-09-23 6:00,28.16085985,73.89555738,126.5712224,60.61055872,0.010259026,0
09-09-23 7:00,43.80801146,37.32612833,257.1140964,61.56033393,0.018757935,1
09-09-23 8:00,57.79000139,46.561221,196.3842994,48.167744,0.008260536,1
09-09-23 9:00,37.43220058,88.73431711,157.9744628,31.34984993,0.008931295,1
09-09-23 10:00,30.63343543,48.65117512,226.091338,92.37661195,0.038013339,1
09-09-23 11:00,51.04486507,85.45377952,351.9206062,36.32433891,0.003635678,1
09-09-23 12:00,63.68213353,70.30455571,85.14052558,9.607853124,0.006606971,0
09-09-23 13:00,27.44833338,61.09008769,103.6426278,50.50301582,0.04523606,0
09-09-23 14:00,62.97626716,45.98147187,361.0967694,44.2231457,0.014187092,1
09-09-23 15:00,62.92758249,58.03420214,177.7608386,106.7955493,0.047696759,1
09-09-23 16:00,65.22155491,64.03655657,162.1479423,62.96174936,0.005410382,0
09-09-23 17:00,69.76189726,83.28252173,142.8682744,42.64798736,0.021196846,0
09-09-23 18:00,87.87907419,42.57634372,234.2891555,45.19487852,0.034136387,0
09-09-23 19:00,44.78542082,54.58445535,354.1146318,44.92020837,0.007966809,0
09-09-23 20:00,51.65557963,60.94429944,111.080571,120.1753756,0.055199496,1
09-09-23 21:00,43.92684447,74.57495942,144.0015152,68.25593207,0.014211522,0
09-09-23 22:00,50.02965658,42.16021009,128.8176116,20.76129494,0.028922957,0
09-09-23 23:00,75.34280106,34.95206838,199.0266075,44.06825396,0.0105304,1
10-09-23 0:00,31.6338467,74.83461172,235.3650642,49.41086428,0.050540557,1
10-09-23 1:00,37.82566146,31.57932286,267.0728377,25.99091689,0.025129837,1
10-09-23 2:00,72.55434138,89.46133331,201.4470342,14.96290406,0.066752227,1
10-09-23 3:00,66.34102208,56.76202137,345.5405257,65.95317177,0.043035785,1
10-09-23 4:00,44.68488989,31.09412595,116.0599845,31.82647788,0.035494398,1
10-09-23 5:00,63.5460328,50.25738077,102.0199631,85.89758213,0.007454873,0
10-09-23 6:00,55.23466589,68.17719839,254.7878542,50.20506226,0.02136276,1
10-09-23 7:00,74.75494304,49.23893283,157.7675466,38.81807224,0.015234016,0
10-09-23 8:00,51.12319559,60.42122651,75.36300043,7.103463354,0.0204217,0
10-09-23 9:00,66.43640294,76.36321966,130.8454391,85.04012902,0.022428997,0
10-09-23 10:00,96.61040559,55.81532435,166.370834,57.59664482,0.008022608,1
10-09-23 11:00,59.32920992,41.63890443,112.1153058,39.39776755,0.017568536,0
10-09-23 12:00,50.74235575,53.8554232,92.76092492,30.12057157,0.018485651,0
10-09-23 13:00,61.35863442,92.71430178,137.2818381,97.64855831,0.00689803,1
10-09-23 14:00,44.65421723,99.64551402,90.26604965,26.7921982,0.034728678,1
10-09-23 15:00,91.52190535,23.70170297,192.1160386,41.19151639,0.023708262,0
10-09-23 16:00,52.73349114,84.69709894,51.18246077,65.217456,0.034996194,0
10-09-23 17:00,45.98049279,65.34696286,155.700618,92.58333753,0.028507642,1
10-09-23 18:00,38.16304104,80.68425225,184.0887111,44.73238997,0.001391529,1
10-09-23 19:00,67.66219502,48.89430252,144.3903588,33.2494436,0.00875031,0
10-09-23 20:00,63.7598252,27.55660006,225.4972489,47.36569956,0.054650704,0
10-09-23 21:00,42.7870458,72.78670528,75.61055144,75.06596811,0.03441052,1
10-09-23 22:00,58.97906633,41.56763482,109.1310651,82.06147055,0.001942914,1
10-09-23 23:00,29.64740159,33.73689275,130.0263718,21.29420933,0.028182908,0
11-09-23 0:00,52.80877274,34.92084428,197.5931435,52.9131367,0.008765609,1
11-09-23 1:00,56.9963336,73.16083549,163.9431975,20.31471657,0,0
11-09-23 2:00,78.52492222,62.95767227,311.5244803,74.45094929,0.054754369,0
11-09-23 3:00,39.03187959,77.35016607,103.5341269,61.09482199,0.021222235,0
11-09-23 4:00,32.45889601,74.72207289,74.489158,29.51610813,0.023612893,0
11-09-23 5:00,37.37037182,51.42617274,281.0230978,95.41444714,0.004630083,1
11-09-23 6:00,31.73788785,58.52750474,72.85547623,58.7120391,0.005538978,0
11-09-23 7:00,71.83651326,49.65216441,195.4908675,55.78194697,0.002133732,0
11-09-23 8:00,75.62787309,55.64947343,94.57989268,45.61845571,0.048695081,1
11-09-23 9:00,54.90578733,41.09102309,46.36007369,49.79924547,0.001808329,0
11-09-23 10:00,69.81098553,68.42888715,127.4187902,40.89952416,0.05371054,0
11-09-23 11:00,52.02732056,84.31136267,211.0733487,33.1179577,0.007132888,1
11-09-23 12:00,48.58237151,43.85141163,82.59565453,85.26055069,0.004876994,0
11-09-23 13:00,45.11534977,89.36914041,187.9972313,38.40982104,0.019123241,1
11-09-23 14:00,45.4404777,62.40328212,201.1707375,37.67111532,0.010457077,1
11-09-23 15:00,29.17866631,65.14983711,80.22254105,46.81779863,0.021585128,0
11-09-23 16:00,54.03365203,28.64407113,136.0761707,91.70058654,0.008273706,1
11-09-23 17:00,49.39661817,26.94678708,263.4901664,82.11775618,0.01527909,1
11-09-23 18:00,61.73597347,63.05759791,193.2016633,40.59650647,0.00959119,0
11-09-23 19:00,51.41159909,77.51988986,134.0669908,85.18464308,0.036004741,1
11-09-23 20:00,47.58591697,46.57713823,176.9907896,52.73807417,0.028990315,0
11-09-23 21:00,37.69108185,99.25579237,109.988558,31.04846685,0.024147602,1
11-09-23 22:00,51.08750464,76.24385179,227.0478883,38.77686377,0.040186645,1
11-09-23 23:00,61.61855267,42.16245946,227.0148419,89.9888253,0.024418663,1
12-09-23 0:00,34.15713918,60.64924947,157.6443291,115.0858648,0.022956698,1
12-09-23 1:00,51.31975796,121.2182787,164.7384868,58.30226725,0.018123907,1
12-09-23 2:00,53.54995329,36.22210389,93.5607665,36.79946402,0.010079064,0
12-09-23 3:00,39.74464528,71.51227241,76.46573831,46.92387643,0.010104892,0
12-09-23 4:00,41.52773046,53.37861046,127.3131903,32.68285884,0.022418867,0
12-09-23 5:00,53.5123441,75.59437566,144.5832275,35.72210672,0.039394911,1
12-09-23 6:00,34.28332793,89.02172031,223.1892818,33.65768511,0.030101764,1
12-09-23 7:00,55.37130234,52.11278977,212.7569721,48.0352926,0.029990272,0
12-09-23 8:00,37.37134385,85.37510471,161.7570347,53.06071765,0.005972246,1
12-09-23 9:00,67.07246337,114.0458881,232.912985,46.36182665,0.029185369,0
12-09-23 10:00,90.53285475,61.398358,96.37311084,44.61387816,0.01409078,0
12-09-23 11:00,37.82955025,77.40673782,224.2974841,70.74733312,0.022904436,1
12-09-23 12:00,58.29849598,48.12367428,104.3468707,44.42738707,0.029746399,0
12-09-23 13:00,39.62702522,60.40500187,236.7019633,45.95629539,0.00551113,1
12-09-23 14:00,66.6978982,56.33664419,149.1669147,45.67951381,0.022592787,0
12-09-23 15:00,32.62200271,77.68831474,49.06598057,95.7274044,0.023947657,0
12-09-23 16:00,57.43976501,87.47506082,198.8335997,38.4435098,0.03896997,0
12-09-23 17:00,37.66727523,57.71528445,204.528796,65.97410981,0.012531473,0
12-09-23 18:00,46.93807378,95.73407831,122.7145387,32.97076517,0.019031812,1
12-09-23 19:00,35.59763399,95.64256403,127.6232784,59.11600494,0.022806092,1
12-09-23 20:00,63.01151736,78.8596705,140.1811482,64.55094189,0.012532628,0
12-09-23 21:00,38.1458308,49.56286791,51.91526872,80.63333677,0.012298064,0
12-09-23 22:00,58.58412843,47.7130966,35.75612518,40.83628185,0.011808916,0
12-09-23 23:00,44.95693303,43.92993675,241.5169782,25.87367367,0.018005371,0
13-09-23 0:00,48.29601835,81.28386182,102.5702959,32.24426588,0.057110337,1
13-09-23 1:00,52.23817042,36.75544093,286.6060363,76.90456067,0.018552227,0
13-09-23 2:00,39.15300676,74.90075455,246.9181192,115.0448596,0.028513726,0
13-09-23 3:00,53.19976103,39.04989983,262.6863141,72.95027279,0.020508481,1
13-09-23 4:00,75.29694234,78.31181083,111.8936478,23.22550208,0.015363295,1
13-09-23 5:00,38.93400971,60.36205601,64.99665209,71.93945714,0.019614593,0
13-09-23 6:00,68.95029116,90.67429752,89.15773473,29.07744759,0.034085208,1
13-09-23 7:00,74.71576102,85.92492398,123.2925105,41.63713627,0.019153097,1
13-09-23 8:00,38.42378413,93.22549276,35.46645789,54.78594335,0.017502747,1
13-09-23 9:00,30.29136483,93.87818008,121.6420719,59.26308246,0.016408982,1
13-09-23 10:00,54.62059389,63.04719224,137.6391674,51.64890037,0.007065326,0
13-09-23 11:00,42.08854215,37.67954766,79.15184319,36.05620376,0.039886805,1
13-09-23 12:00,81.52072628,39.55872302,91.4653368,79.86949119,0.013448278,0
13-09-23 13:00,50.52332467,22.70858606,136.5045747,37.64581881,0.049988046,1
13-09-23 14:00,38.61053277,39.00451496,173.0295499,86.08422532,0.024094939,1
13-09-23 15:00,34.10858228,61.45240186,99.0849734,21.55924379,0.048423707,1
13-09-23 16:00,67.53646721,48.71708141,168.7782576,55.52761853,0.016920848,0
13-09-23 17:00,41.75849152,56.26582556,158.6652365,23.85656447,0.009881807,0
13-09-23 18:00,50.65935296,70.71117654,152.9435559,31.23501571,0.039956615,1
13-09-23 19:00,65.25060006,53.7533131,111.7998518,37.96423936,0.011967983,0
13-09-23 20:00,42.97063087,38.32934498,77.33118213,94.95185922,0.045526404,1
13-09-23 21:00,49.31317703,58.88634372,273.2959447,87.83340223,0.030264149,1
13-09-23 22:00,49.75174836,42.34262751,191.7778331,74.14915176,0.049865352,1
13-09-23 23:00,60.71680006,54.42347155,218.9272053,50.83546758,0.007236943,1
14-09-23 0:00,59.2101439,90.90289122,144.8151082,54.80757224,0.038048913,1
14-09-23 1:00,46.74674409,54.42914829,139.9098359,86.47388745,0.009771065,1
14-09-23 2:00,50.95878713,101.8945446,182.1107116,69.00811947,0,1
14-09-23 3:00,44.56153446,93.13872812,55.52846616,50.45118349,0.036742667,1
14-09-23 4:00,30.01915232,48.33798048,87.78936355,93.79736666,0.019897692,1
14-09-23 5:00,53.93037106,38.51829494,103.9577387,72.3536135,0.038177347,1
14-09-23 6:00,81.96326607,58.90050551,122.8293824,56.23679882,0.021497607,1
14-09-23 7:00,37.52517241,86.21513043,99.66220696,39.15755955,0.020344987,1
14-09-23 8:00,39.00212929,50.06642166,171.4650088,37.17394483,0.050692603,0
14-09-23 9:00,37.69725028,80.30683825,155.1302541,41.93465773,0.021934677,1
14-09-23 10:00,61.39390993,87.56773058,248.6944754,62.05129415,0.013070298,1
14-09-23 11:00,56.92842102,44.6441349,341.3268535,72.99016914,0.018609429,1
14-09-23 12:00,47.64706881,46.48849476,80.64060436,20.15064067,0.022596767,0
14-09-23 13:00,37.07247307,75.72773343,159.3367688,12.70277229,0,0
14-09-23 14:00,51.39418535,63.22338506,159.2224341,28.92875339,0.028581235,0
14-09-23 15:00,28.97871049,46.29872857,149.1138302,40.30668533,0.047282337,0
14-09-23 16:00,52.17196968,52.79025719,89.25953041,84.18954914,0.019223379,1
14-09-23 17:00,63.83242055,58.5265489,97.72266657,43.22544885,0.013798988,0
14-09-23 18:00,32.79751223,30.81121113,165.3721199,56.5640621,0.026655371,0
14-09-23 19:00,29.36083812,76.95781929,96.27774098,60.97154534,0.057016631,1
14-09-23 20:00,76.18619243,50.29118335,160.1067036,27.55382041,0.028167549,1
14-09-23 21:00,41.19785526,13.16557332,134.9910862,92.891047,0.023567847,1
14-09-23 22:00,68.3295952,59.4995644,158.9740207,34.70575345,0.014208388,0
14-09-23 23:00,47.7137503,45.25189546,95.87141132,96.29363456,0.006319525,1
15-09-23 0:00,47.59690711,99.74344663,159.990607,46.89336111,0.020376165,1
15-09-23 1:00,56.76839619,48.21977337,99.59692826,41.90414299,0.020670414,0
15-09-23 2:00,37.52147113,38.7567208,160.198414,25.93182824,0.000285443,0
15-09-23 3:00,52.00501265,71.05357947,244.4761495,55.04889674,0.009956105,1
15-09-23 4:00,44.42319295,46.78489136,166.720166,121.6062798,0.042570658,0
15-09-23 5:00,31.93630128,44.54274773,170.7385022,60.85287308,0.016070686,0
15-09-23 6:00,55.17612527,71.08891653,205.0823663,56.9803301,0,1
15-09-23 7:00,46.1197139,39.77404486,74.09745963,34.66799054,0.053310093,1
15-09-23 8:00,47.66928437,32.58272295,275.1607466,65.85092799,0.00812022,1
15-09-23 9:00,33.31207536,100.7145617,90.71124686,54.0149753,0.013139177,1
15-09-23 10:00,76.40356065,72.67320167,209.6216332,48.44098265,0.040381217,0
15-09-23 11:00,63.91934056,54.55631483,200.0291214,63.10433524,0.009778844,1
15-09-23 12:00,65.39193483,59.92699673,98.49802727,14.49574039,0.000122865,0
15-09-23 13:00,45.51162593,71.00699964,219.162491,47.51720321,0.023623053,1
15-09-23 14:00,27.05233012,81.86116513,182.6002032,24.37293086,0.034654347,0
15-09-23 15:00,83.10764704,44.98176684,289.5557809,50.72496783,0.013154425,1
15-09-23 16:00,49.08727029,67.89017196,162.310544,33.46840982,0.018079771,0
15-09-23 17:00,39.32870419,49.74433598,143.2867317,34.89438146,0.005299018,0
15-09-23 18:00,56.42574717,56.08496473,119.4172248,21.99816489,0.007045426,0
15-09-23 19:00,68.86898275,63.41328351,59.27602115,81.62574927,0.015163592,1
15-09-23 20:00,49.65477299,59.85981687,130.7183899,34.43435849,0.031639889,1
15-09-23 21:00,70.81338198,76.25849286,133.2130699,35.56305599,0.021593076,0
15-09-23 22:00,67.41788794,70.58469772,166.7906834,95.29372427,0.039442291,1
15-09-23 23:00,35.01287865,31.74030815,73.20739036,65.16666276,0.054661063,1
16-09-23 0:00,40.34714152,34.25123844,135.4044978,11.55328954,0.036543185,1
16-09-23 1:00,65.27993487,52.44098526,188.008106,90.39167271,0.002144536,1
16-09-23 2:00,16.66907846,103.416936,194.9572346,99.34389674,0.015701141,1
16-09-23 3:00,47.78050161,43.20438449,54.51502643,96.10765728,0.036339295,1
16-09-23 4:00,30.5848099,55.69235814,197.1444748,68.04416167,0.018130154,1
16-09-23 5:00,43.0787965,49.16823402,134.9539226,26.09854919,0.001957341,0
16-09-23 6:00,45.60699211,48.8255157,138.6421943,48.77663177,0.012082379,0
16-09-23 7:00,44.75467337,63.79068873,35.76338699,20.08284882,0,0
16-09-23 8:00,42.02107371,92.35958827,256.7327266,30.59955004,0.015791081,1
16-09-23 9:00,34.74656944,69.88719717,161.2374774,25.93003984,0.010448611,0
16-09-23 10:00,89.63152626,44.09434282,68.35594957,35.5037402,0.014619862,1
16-09-23 11:00,81.4993444,127.5322951,174.2947558,54.17948989,0.043091253,0
16-09-23 12:00,33.91940967,61.65929827,172.2418949,39.4710412,0.004015467,0
16-09-23 13:00,76.23484468,48.37813596,235.3766948,38.51748339,0.010056049,1
16-09-23 14:00,44.16759032,92.64504813,131.2198947,42.98149762,0.005642665,0
16-09-23 15:00,51.9545015,50.47955789,150.7506177,94.23207194,0.04058466,1
16-09-23 16:00,49.0548942,99.06910949,112.3037237,118.1394012,0.041938888,1
16-09-23 17:00,40.53903865,42.85352969,189.5170436,39.34197664,0.026150167,0
16-09-23 18:00,65.72575059,93.09811854,104.7149963,58.74069267,0.025217761,1
16-09-23 19:00,51.90414538,64.28263119,98.97268506,31.09129677,0.005117024,0
16-09-23 20:00,43.07882991,89.61232069,145.7902329,70.9591482,0.023306053,0
16-09-23 21:00,32.13311196,105.3621491,82.39996621,38.76976244,0.005825482,1
16-09-23 22:00,37.39458684,38.13944581,265.5341478,33.7393888,0.020664194,1
16-09-23 23:00,28.07342695,89.23259884,292.7403127,112.0587364,0.014860089,0
17-09-23 0:00,50.18350264,33.39053332,122.8850835,21.6150403,0.011552433,0
17-09-23 1:00,33.48202466,39.65402115,74.87368636,6.728402229,0.020455241,0
17-09-23 2:00,46.0871147,44.09660148,171.7167676,69.99068263,0.032212241,1
17-09-23 3:00,72.42870689,70.95684415,121.2631297,41.21474167,0.057864052,1
17-09-23 4:00,69.42781306,60.69496849,231.6968254,35.10202026,0.029726512,0
17-09-23 5:00,49.51688839,56.53204394,104.5209364,140.6773577,0.07201555,1
17-09-23 6:00,48.70131286,63.10301799,185.8110443,69.85535686,0.023335913,0
17-09-23 7:00,81.73204656,72.94151644,157.2025666,48.54741926,0.058088959,1
17-09-23 8:00,58.08252874,74.70304394,110.4776334,33.80521063,0.027538546,0
17-09-23 9:00,45.19036018,84.77330514,165.3488578,61.74087664,0.02400913,1
17-09-23 10:00,30.64325591,103.1895211,209.5392016,15.68701897,0.017393254,1
17-09-23 11:00,56.06323438,59.55207471,155.4732884,37.89654611,0.025053999,0
17-09-23 12:00,63.12763451,49.46443235,156.1370774,49.07665476,0.027464036,0
17-09-23 13:00,40.92421078,73.44889859,100.0215412,55.47403208,0.003348273,0
17-09-23 14:00,54.45284037,37.93462749,229.3680276,46.50007664,0.032671092,1
17-09-23 15:00,44.67858612,46.43817217,221.8306265,34.11134439,0.002862812,1
17-09-23 16:00,47.27338194,82.48514329,125.3514038,75.55941,0.032693665,0
17-09-23 17:00,18.87192773,57.41641591,142.324657,16.89253938,0.030659491,1
17-09-23 18:00,46.72246594,36.8175519,250.3889127,43.28362824,0.048799794,1
17-09-23 19:00,65.48021638,32.04340539,86.86172052,37.85649214,0.008436022,0
17-09-23 20:00,40.92763085,61.02661024,189.9590112,78.36755688,0.007129473,0
17-09-23 21:00,50.79065454,85.93571883,116.9589353,39.15964372,0.041394201,0
17-09-23 22:00,39.23220087,85.60988469,280.0992329,61.51623709,0.00626841,1
17-09-23 23:00,55.53654335,62.34693229,153.9895735,58.65893041,0.005357696,0
18-09-23 0:00,46.79903433,108.2406734,238.3049814,14.22501944,0.023468451,1
18-09-23 1:00,36.79355156,57.81525328,105.8947567,48.37174411,0.019259476,0
18-09-23 2:00,71.76396543,57.11888139,81.31990058,15.54298889,0.022558091,0
18-09-23 3:00,64.79689489,15.97143662,135.6880489,59.15233438,0.029471077,1
18-09-23 4:00,41.29231073,50.90557848,166.8317317,33.34207028,0.029578523,1
18-09-23 5:00,57.71461784,78.98121016,119.644351,83.89129348,0.018772227,1
18-09-23 6:00,58.3499917,96.51215067,200.8443951,45.57882882,0.020777409,1
18-09-23 7:00,60.0470694,43.59900701,137.142385,32.52755257,0.018941697,0
18-09-23 8:00,27.4566646,70.02781474,45.90446134,84.31545555,0.020568123,1
18-09-23 9:00,66.11235484,83.62839324,186.3843552,30.48332326,0.003575861,1
18-09-23 10:00,41.77907246,60.23555965,99.51466377,74.76881429,0.033818617,1
18-09-23 11:00,44.76062183,19.87116486,128.1846796,62.34396603,0.040085947,1
18-09-23 12:00,96.52664642,65.28481851,261.5439994,41.26483025,0.031417816,1
18-09-23 13:00,54.61922825,76.859708,279.6579012,21.95506495,0.029910543,1
18-09-23 14:00,44.35440792,41.45053442,116.0188165,85.66674115,0.007094254,1
18-09-23 15:00,21.78390768,54.75964664,188.1146888,63.26299425,0.003364738,0
18-09-23 16:00,72.77790636,37.73733977,117.312887,32.48901072,0.035365433,1
18-09-23 17:00,31.631444,15.93538911,132.5642155,56.29463794,0.020459543,0
18-09-23 18:00,35.95530608,83.14919974,114.3408197,78.19113277,0.022798742,1
18-09-23 19:00,45.13950986,59.92130187,60.06868674,52.83811449,0.023569886,0
18-09-23 20:00,73.25239924,97.38002302,155.9951645,56.13047283,0.024311073,1
18-09-23 21:00,62.19649988,79.10626804,168.5085724,78.99518878,0.031598697,0
18-09-23 22:00,47.65735003,52.74979184,110.763851,95.52109987,0.018500467,1
18-09-23 23:00,54.71942495,58.26358467,225.0867268,47.05293251,0.000406648,1
19-09-23 0:00,41.35467759,72.37056046,123.8859822,21.93018862,0.032436195,0
19-09-23 1:00,52.1143085,81.70684706,112.6104944,22.52570732,0.030241426,1
19-09-23 2:00,51.10542945,66.93225775,184.5696781,34.15759288,0.004314001,0
19-09-23 3:00,65.47006355,85.05096036,67.86158196,29.24977834,0.005422247,1
19-09-23 4:00,65.44310536,53.90197504,211.5998407,16.43038236,0.036466881,1
19-09-23 5:00,57.65367439,40.5514284,125.8348678,106.4389968,0.041662155,1
19-09-23 6:00,44.69608239,58.64530603,217.7025014,64.03914805,0,0
19-09-23 7:00,61.67763473,64.37203396,240.4638394,37.72815185,0.027636517,1
19-09-23 8:00,48.62893121,36.93328767,192.4683687,49.19025098,0.016615713,0
19-09-23 9:00,34.94182317,34.60907513,103.207473,14.91368791,0.021203129,0
19-09-23 10:00,44.11332416,69.69534397,81.21049809,82.95122937,0.022152146,0
19-09-23 11:00,51.27504957,51.71419496,72.70984496,12.66268225,0.009548301,0
19-09-23 12:00,64.48172953,56.55859579,226.230391,63.53107956,0.03172066,1
19-09-23 13:00,47.28076001,52.64052224,141.6840194,14.17883419,0.010410258,0
19-09-23 14:00,33.32418085,95.40095959,114.7030384,40.16400573,0.033626289,0
19-09-23 15:00,50.85434487,88.88504621,141.8495397,85.70004871,0.038321519,1
19-09-23 16:00,51.71471287,36.31213874,224.5452787,17.16059602,0.00832744,0
19-09-23 17:00,52.82210006,49.23714544,202.3098505,46.34862051,0.008592375,1
19-09-23 18:00,64.64423635,78.93385051,178.5603606,66.87655496,0.021857241,0
19-09-23 19:00,66.32205317,73.18415183,192.3092703,62.25059748,0.050841455,1
19-09-23 20:00,41.43992348,59.13196094,161.4555447,51.76942822,0.011570568,0
19-09-23 21:00,41.13748089,38.05159704,169.4296999,63.13143219,0.014036559,0
19-09-23 22:00,35.47903269,46.3654504,164.1071899,35.84871882,0.025446416,0
19-09-23 23:00,60.9705784,49.54845416,149.9961722,109.5269958,0.031802568,1
20-09-23 0:00,73.83138133,65.93196974,200.491301,17.51682328,0.029264561,1
20-09-23 1:00,45.3730477,100.1322996,173.3632802,83.10299385,0.020519827,1
20-09-23 2:00,46.43683025,46.28322175,99.60926435,54.84508796,0.015391722,0
20-09-23 3:00,74.15318942,40.0323823,184.7328978,66.57020219,0.025639484,0
20-09-23 4:00,57.83895654,57.73737052,165.8197283,71.75756056,0,0
20-09-23 5:00,56.73383716,83.26324658,190.4563004,64.81688452,0.060390391,0
20-09-23 6:00,33.55453453,32.75566318,143.5522224,31.69772487,0.017130677,0
20-09-23 7:00,60.64159283,93.69589554,204.6873036,43.08910877,0.023016461,1
20-09-23 8:00,36.92624923,56.43173358,146.1845916,20.03159601,0.066812264,1
20-09-23 9:00,34.27569899,45.38811875,198.3864912,42.80490595,0.009787651,1
20-09-23 10:00,44.91867687,30.23693361,122.7207277,58.37503038,0.073630202,1
20-09-23 11:00,41.55626226,75.58569365,126.6964158,66.28402111,0.033475873,0
20-09-23 12:00,46.72511101,56.44935427,189.8030861,60.24552116,0.027742833,0
20-09-23 13:00,30.46170355,63.62852568,129.9246044,15.36377647,0.031546196,0
20-09-23 14:00,65.30157331,42.30014613,317.0542822,36.89377028,0.008660531,1
20-09-23 15:00,68.1869708,53.4517167,187.3279712,34.75948592,0.001773867,0
20-09-23 16:00,24.5820056,50.13693579,151.561445,22.39542171,0.005293065,0
20-09-23 17:00,65.63424676,57.90272325,205.2772222,31.19801893,0.040946087,1
20-09-23 18:00,38.49902721,46.61185162,121.3437963,50.03198442,0.007656738,0
20-09-23 19:00,63.58904013,31.31276666,212.8001643,91.34110696,0.00174255,0
20-09-23 20:00,48.97798753,127.2849975,210.7608776,28.89838662,0.018749807,1
20-09-23 21:00,50.43246149,34.15681752,237.7739644,25.60139386,0.030186086,1
20-09-23 22:00,47.2577964,63.8600302,123.6152825,36.09129054,0.020622902,0
20-09-23 23:00,69.65119527,27.49753954,82.54963128,58.77831036,0.030805308,1
21-09-23 0:00,32.94275825,24.04430153,114.0990672,85.08508026,0.042482382,1
21-09-23 1:00,59.48707496,62.06871136,132.8739872,47.85972868,0.030119535,1
21-09-23 2:00,67.73288061,63.70732543,270.8782922,20.1247274,0.017606352,1
21-09-23 3:00,61.25824432,88.87854836,316.0967187,23.73440908,0.012179762,0
21-09-23 4:00,90.27470876,68.62994018,172.2541467,54.81338436,0.034115293,1
21-09-23 5:00,42.34558324,56.88763978,150.5874421,77.8529538,0.024632423,0
21-09-23 6:00,65.27600486,41.41100581,128.8653735,105.2843043,0.008450493,1
21-09-23 7:00,48.41989569,94.8498092,205.6238319,24.63419433,0.045921951,0
21-09-23 8:00,70.02238169,80.80002312,315.5256681,53.55297017,0.024400799,0
21-09-23 9:00,49.88472418,36.15708672,280.7512611,27.43561647,0.031725504,0
21-09-23 10:00,44.33231089,60.79940016,228.8934829,29.95692282,0.014188739,1
21-09-23 11:00,71.29690766,63.05622343,227.7772597,28.31791258,0.041926992,0
21-09-23 12:00,42.86820405,52.92048789,206.1758064,41.97866246,0.00217435,1
21-09-23 13:00,30.80490769,77.10248996,147.0577531,30.27827201,0.055229836,0
21-09-23 14:00,42.51442745,78.50406593,107.2207558,130.4051847,0.000255864,0
21-09-23 15:00,59.66869599,56.05422755,148.7017188,39.1420109,0.003659313,0
21-09-23 16:00,72.81835316,54.22007714,177.4664496,77.62156956,0.024219539,1
21-09-23 17:00,51.67929037,94.84844243,71.8261904,34.81673839,0.012353008,1
21-09-23 18:00,71.51059952,80.89489934,140.580943,120.793103,0.015070095,1
21-09-23 19:00,31.4720153,61.52742223,102.4722134,58.82151972,0.012348725,0
21-09-23 20:00,43.54753053,29.76809332,219.532316,73.0246574,0.009310415,0
21-09-23 21:00,45.75464884,67.40150634,117.4563008,36.27118013,0.025373063,0
21-09-23 22:00,48.29473245,75.39073355,171.1601423,77.27132389,0.019230087,1
21-09-23 23:00,51.26848769,13.53612991,109.1889022,58.70867762,0.036506138,1
22-09-23 0:00,60.84102231,65.38441574,265.1720667,40.95643329,0.021302032,1
22-09-23 1:00,43.52575055,51.5099166,61.05813641,26.50121063,0.013852156,0
22-09-23 2:00,52.10475928,55.43522504,181.0985679,44.23069298,0.034190894,0
22-09-23 3:00,49.32519272,42.18001028,79.95971863,42.23467816,0.000755482,0
22-09-23 4:00,36.96892356,56.920965,119.7232278,73.99133735,0,0
22-09-23 5:00,48.30791978,92.13828392,163.1417467,44.35559697,0.002158383,1
22-09-23 6:00,47.86574511,50.92453895,166.3510577,13.03839803,0.014857673,0
22-09-23 7:00,47.55104312,81.67554318,164.6445573,67.40714718,0.026723232,1
22-09-23 8:00,50.47740051,44.04229946,159.6224881,87.34600397,0,0
22-09-23 9:00,51.14082959,76.79744649,112.356518,16.67565547,0.019814641,0
22-09-23 10:00,43.70245144,60.03477708,139.9081483,104.8894231,0.014703931,1
22-09-23 11:00,70.7105238,67.57840362,151.9831303,90.76820386,0.02224767,1
22-09-23 12:00,33.8254755,60.15029513,162.4390189,35.42201461,0.000395295,0
22-09-23 13:00,39.70524627,74.09165429,145.920854,25.81514659,0.082363126,0
22-09-23 14:00,99.42765212,15.96945253,198.7932144,79.650721,0.020523283,0
22-09-23 15:00,35.50755573,33.2075243,155.8890124,21.38658714,0.004969712,0
22-09-23 16:00,31.5263316,69.01962467,162.8260658,34.63152293,0.022121326,0
22-09-23 17:00,61.55660726,23.34976807,126.9627651,22.31045517,0.050621083,0
22-09-23 18:00,23.15762908,49.2800858,90.86818364,50.14779994,0.00438001,0
22-09-23 19:00,46.52624516,58.86327173,159.7691576,93.0699311,0.002786463,1
22-09-23 20:00,86.79193849,43.63778124,234.2129334,59.79460876,0.018153162,0
22-09-23 21:00,29.21278817,46.1945963,178.9234037,78.56128952,0.019479963,1
22-09-23 22:00,24.19871594,65.81386154,102.9164067,41.57623306,0.032860243,1
22-09-23 23:00,29.75982625,82.72320853,204.9040595,52.46097426,0.050134153,0
23-09-23 0:00,64.28244344,41.25050082,129.729004,23.85150466,0.034305217,1
23-09-23 1:00,68.13677347,48.41981577,197.7302557,47.60601244,0.003574035,0
23-09-23 2:00,42.57391532,45.44563348,127.7663208,33.02016147,0.006304722,0
23-09-23 3:00,60.71496525,17.94564506,172.8306051,46.07030225,0.009139041,0
23-09-23 4:00,72.78663979,63.00607094,119.2069534,44.43203777,0.034257145,1
23-09-23 5:00,80.00480342,80.93961856,120.6428236,42.43562036,0.030811574,1
23-09-23 6:00,46.36565185,82.89985247,66.82753776,116.0143145,0.044959018,0
23-09-23 7:00,20.7746963,42.85125722,183.5779999,103.5612586,0.029864289,1
23-09-23 8:00,38.36065837,36.06446299,173.9577555,91.41993727,0.011141622,1
23-09-23 9:00,43.7800989,60.4544167,177.7437901,104.5431843,0.016967381,1
23-09-23 10:00,46.18296735,78.44628969,167.6630016,91.52582626,0.003024513,1
23-09-23 11:00,47.21740014,63.28782741,105.8455236,49.44206888,0.031234003,1
23-09-23 12:00,68.03534409,66.20094311,215.9664724,46.9240671,0.011158895,1
23-09-23 13:00,70.74059422,85.93411628,217.9623707,56.0512461,0.044085491,1
23-09-23 14:00,47.45436703,45.29761654,104.4630682,44.86604144,0.030685821,1
23-09-23 15:00,67.68394216,55.45320844,184.9566851,27.24394865,0.062275519,1
23-09-23 16:00,55.49284215,98.33461852,209.2806065,57.67905542,0.02724542,1
23-09-23 17:00,50.97175061,55.92506834,121.9448122,18.20517866,0.026899751,0
23-09-23 18:00,64.41998467,35.79513819,132.0235922,53.49787667,0.017179646,0
23-09-23 19:00,51.08900108,46.61557835,185.0937508,28.09939715,0.014290483,0
23-09-23 20:00,85.1017545,41.61849527,69.29096549,47.99373014,0.016062273,0
23-09-23 21:00,30.49285918,67.69176197,89.0768921,54.88976233,0.038981259,0
23-09-23 22:00,42.53783757,42.38919447,94.01698941,41.55217993,0.003878483,0
23-09-23 23:00,48.11822358,65.80190866,57.09074209,17.0610561,0.021025266,0
24-09-23 0:00,56.78490902,45.35531842,224.8713018,24.53369541,0.001668679,1
24-09-23 1:00,70.6271311,22.17215532,49.45777028,62.08605219,0.026384934,0
24-09-23 2:00,49.63461678,66.58003907,172.150766,36.99617055,0.013294274,0
24-09-23 3:00,30.68929243,63.15079951,204.6831918,64.96490116,0.028818857,0
24-09-23 4:00,63.34753811,71.27502386,132.1674444,50.24281464,0.00977394,0
24-09-23 5:00,61.89434423,46.54663609,110.9073151,45.17161509,0.016086459,0
24-09-23 6:00,24.64293516,44.5411004,164.8779468,59.0536579,0.031317321,0
24-09-23 7:00,49.94295247,68.67256749,150.1145827,34.49403138,0.022061639,0
24-09-23 8:00,28.67642358,95.36054172,218.761186,60.49082122,0.051825327,1
24-09-23 9:00,40.47199462,60.23471529,30.28609145,40.04028151,0.012990922,0
24-09-23 10:00,37.27293005,69.18669577,97.6449233,132.7053723,0.011880027,1
24-09-23 11:00,62.79387983,53.40178659,186.9907668,25.50903952,0.044377631,1
24-09-23 12:00,51.7661019,31.15795182,153.1682348,41.451664,0.014529493,0
24-09-23 13:00,32.36887921,81.71989732,200.3954672,42.37861521,0.013900756,1
24-09-23 14:00,63.97550554,80.31452367,166.7881753,21.68598246,0.026569924,0
24-09-23 15:00,30.54871178,75.6840541,141.687858,69.72572647,0.017458882,0
24-09-23 16:00,55.06068197,56.22880201,131.6552421,39.83331099,0.015306456,0
24-09-23 17:00,38.45245333,73.07289207,327.7512235,7.495577611,0.010352798,1
24-09-23 18:00,44.64856349,79.96721297,260.0705025,68.82782548,0.047364987,0
24-09-23 19:00,57.81835021,97.96070363,182.4422204,35.30991262,0.017657786,1
24-09-23 20:00,58.09365046,82.22482399,154.9409328,47.41047735,0.011953658,1
24-09-23 21:00,71.84202241,61.34635545,185.3708042,68.29483091,0.015514282,0
24-09-23 22:00,48.77296018,35.09397151,205.7791038,41.28136805,0.026056652,0
24-09-23 23:00,54.69067508,63.30516851,177.2291626,41.09473973,0.049786597,1
25-09-23 0:00,43.62555413,65.48687325,106.4261748,129.8418172,0.017379898,0
25-09-23 1:00,52.76296856,75.64371012,280.6387951,10.07221854,0.008428533,1
25-09-23 2:00,56.78543871,91.1812638,165.7517252,22.81198453,0.061748086,0
25-09-23 3:00,48.53501711,58.01541968,300.2061119,26.27626788,0.022223938,1
25-09-23 4:00,26.19725855,110.7419517,161.906863,104.3273756,0.018338824,0
25-09-23 5:00,55.0819364,27.69760881,135.0087389,35.13124629,0.021164834,0
25-09-23 6:00,55.60132723,69.06995073,248.0038211,56.17832278,0.004726152,1
25-09-23 7:00,40.26003381,44.18752399,169.3684664,38.82229535,0.019279694,0
25-09-23 8:00,32.38384452,25.40458164,158.4457243,66.17156052,0.03388474,0
25-09-23 9:00,74.31640652,55.82380745,83.6224825,49.68264621,0.043988004,0
25-09-23 10:00,57.61320135,32.58440174,193.8789381,56.51965751,0.014653576,0
25-09-23 11:00,46.61626265,56.64910259,120.6282319,87.15216894,0.023113234,1
25-09-23 12:00,34.23735053,60.73196756,123.2161512,61.58825326,0.044405317,0
25-09-23 13:00,38.34815719,85.36607192,120.7845262,33.24428771,0.020604687,0
25-09-23 14:00,71.23559769,31.74993158,178.5961189,58.09383376,0.033064527,0
25-09-23 15:00,52.08387992,80.31525741,68.18326471,128.0159621,0.027329101,1
25-09-23 16:00,42.04434011,62.07411912,137.0889006,65.08183662,0.010695373,0
25-09-23 17:00,57.90512158,83.1936281,217.0331183,53.866971,0.007859754,1
25-09-23 18:00,38.4472716,51.21283894,81.45584126,21.37142237,0.040315624,1
25-09-23 19:00,74.76517526,34.68517714,160.9842579,69.68480989,0,0
25-09-23 20:00,72.12207731,36.65597106,112.9295276,74.0880112,0.010643204,1
25-09-23 21:00,43.2190803,35.37519322,125.7469888,58.11146597,0.003515783,0
25-09-23 22:00,40.96517257,70.37655676,269.8841903,52.89140538,0.040348553,0
25-09-23 23:00,17.58262347,94.28731046,63.1891133,144.8833352,0.047424389,0
26-09-23 0:00,29.97137001,48.61477328,201.369035,73.58096363,0.009984651,1
26-09-23 1:00,31.70213265,73.8055581,121.4999758,85.61371682,0.087172518,1
26-09-23 2:00,52.04613154,31.48903034,118.6915766,51.68547353,0.047725641,1
26-09-23 3:00,45.21292286,63.83551986,87.94077864,46.76209082,0.023271096,0
26-09-23 4:00,31.62989526,74.7102789,200.5289153,67.00112467,0.050749738,1
26-09-23 5:00,45.86159258,32.73497777,138.2570258,46.73913128,0.010967793,0
26-09-23 6:00,57.83542285,55.78079985,130.7511448,48.74678114,0.015804056,0
26-09-23 7:00,58.19620463,75.80306598,156.937193,62.22382056,0.028055058,0
26-09-23 8:00,25.11369296,11.30133172,139.5310409,37.96867567,0.01036398,0
26-09-23 9:00,48.09249931,90.71966662,48.97351947,55.65597104,0.004399394,0
26-09-23 10:00,31.16352005,67.61490055,120.7689388,52.02134407,0.007631616,0
26-09-23 11:00,64.3390451,75.82182838,210.775942,76.98105669,0.016969115,0
26-09-23 12:00,62.37708185,51.58840094,69.45583001,35.83825721,0.028169816,0
26-09-23 13:00,37.3360445,28.27448701,89.00666901,12.00088525,0.014936262,0
26-09-23 14:00,39.09614722,71.64315694,124.4184432,42.52360916,0.001829771,0
26-09-23 15:00,43.29376153,58.27583491,107.8077124,60.40565912,0.028188732,0
26-09-23 16:00,21.28317716,60.67597167,148.261823,76.891196,0.045238431,1
26-09-23 17:00,55.15239722,84.61408012,88.85160373,34.11901921,0.010747465,0
26-09-23 18:00,45.98177595,76.87445337,126.6616791,64.43411326,0.054899267,1
26-09-23 19:00,65.49386593,105.8827156,147.0141626,82.24458544,0.036166792,0
26-09-23 20:00,34.73036454,63.26644549,193.085518,70.47439925,0.006467219,0
26-09-23 21:00,41.096469,46.20120076,237.0963403,32.10943401,0.010892809,0
26-09-23 22:00,29.67173948,56.09649758,134.0637444,34.31973547,0.01528619,0
26-09-23 23:00,35.94424108,68.98809488,289.3923939,61.44277025,0.017138555,0
27-09-23 0:00,33.6673515,82.8809336,138.7088891,98.55870119,0,1
27-09-23 1:00,65.93156875,32.42056994,205.9269008,50.35473094,0.009651197,1
27-09-23 2:00,40.01364188,60.17939926,293.1035662,45.94880678,0.012061384,1
27-09-23 3:00,51.87805487,97.68631132,158.8232166,21.38711937,0.060971609,1
27-09-23 4:00,44.43352971,55.04216416,75.47403843,41.2909428,0.023785296,0
27-09-23 5:00,32.56956307,80.85142356,155.7310721,33.653743,0.00914224,0
27-09-23 6:00,47.50381868,70.72021542,114.0169616,50.68220377,0.013560436,0
27-09-23 7:00,59.34547478,81.44357699,133.2998759,19.04530948,0.027343499,1
27-09-23 8:00,33.34229186,43.97859683,297.7018545,42.1091537,0.014381286,0
27-09-23 9:00,62.79135537,44.0595727,82.54818838,27.8304869,0.011662351,0
27-09-23 10:00,37.97621182,60.42632616,169.3208583,76.15782609,0.012066783,1
27-09-23 11:00,42.98851458,31.34489788,99.76478786,30.73522247,0.02836611,0
27-09-23 12:00,58.24187142,54.44458725,131.3392991,36.67402001,0.003619969,0
27-09-23 13:00,40.48860518,65.40632971,199.8813866,57.29194928,0.00615366,1
27-09-23 14:00,50.56503476,102.2547341,170.4926162,39.27468404,0.007739257,0
27-09-23 15:00,45.37866789,68.70035488,136.2393203,125.6873656,0.005991569,1
27-09-23 16:00,51.95725618,73.71616385,111.9209224,75.86045431,0.008856976,1
27-09-23 17:00,19.95683211,86.48799879,170.3543196,50.43105266,0.036762881,1
27-09-23 18:00,25.90250832,41.13803703,274.2275834,59.60903053,0.039803795,1
27-09-23 19:00,59.61892044,56.57414252,98.54011553,7.758475488,0.024568787,0
27-09-23 20:00,66.63346635,119.7576038,291.4057457,85.34457005,0.023575438,1
27-09-23 21:00,37.17168548,58.34782382,233.6013555,63.58353135,0.010626916,1
27-09-23 22:00,46.39912455,85.31467215,246.8353573,48.18711063,0,0
27-09-23 23:00,54.50764823,81.63168146,169.847807,65.10679966,0.022363706,0
28-09-23 0:00,60.87881467,32.23684223,231.4248807,68.61564084,0.025029724,1
28-09-23 1:00,23.69631604,66.66466089,93.05448819,40.11078529,0.010582713,0
28-09-23 2:00,37.49446361,63.11399915,110.9249517,59.93762056,0.006256642,0
28-09-23 3:00,45.12191835,67.09244375,201.3821882,79.51758303,0.004490112,1
28-09-23 4:00,61.0415091,45.01666637,169.0154617,61.99323945,0.022766476,0
28-09-23 5:00,93.71861214,38.41595404,140.8583948,43.87627967,0.021330592,1
28-09-23 6:00,46.63190071,50.34366828,31.23043332,57.68027406,0.043393796,0
28-09-23 7:00,30.87492365,57.96065085,123.9206979,90.28773108,0.009059127,1
28-09-23 8:00,56.19584076,86.99095561,84.89205241,71.44325335,0.01564176,1
28-09-23 9:00,71.55996672,103.1174551,182.3073512,24.98149676,0.020276097,1
28-09-23 10:00,51.63187887,92.25428309,138.2712394,65.69968905,0.01210929,1
28-09-23 11:00,37.22228341,79.17376732,113.0997854,61.97272584,0.035536098,1
28-09-23 12:00,65.28766151,40.42190354,357.0917601,83.16831898,0.044409355,1
28-09-23 13:00,60.39347707,51.66397445,221.3527423,50.82371918,0.005977762,0
28-09-23 14:00,35.66162924,64.47455052,222.6812047,41.17572947,0.01330019,1
28-09-23 15:00,55.86686976,47.31874891,316.7369558,21.41150452,0.046456217,1
28-09-23 16:00,65.95352213,72.62106825,203.9980564,34.082524,0.025483928,1
28-09-23 17:00,69.12521471,75.90885862,105.3815949,84.57603674,0.021916605,1
28-09-23 18:00,49.00768084,71.69350186,99.23663761,55.06647248,0.025809181,0
28-09-23 19:00,44.7570292,83.10417813,215.8926464,47.53517749,0.031784804,0
28-09-23 20:00,69.91530837,42.23101241,46.73599781,87.42651752,0.026680966,1
28-09-23 21:00,33.3120809,80.89465687,145.1750711,80.80176229,0.023554389,0
28-09-23 22:00,56.77104116,46.11732944,42.58741278,33.23032572,0.020153476,0
28-09-23 23:00,31.32657355,41.56838569,156.2363395,84.35208492,0.047024715,1
29-09-23 0:00,67.11567069,71.59916019,207.7560066,16.78814734,0.015952177,0
29-09-23 1:00,46.19590475,87.75086759,167.9319092,62.12216821,0.020019797,1
29-09-23 2:00,70.63805196,70.60551896,213.91213,58.8821842,0.052057948,1
29-09-23 3:00,57.61267784,60.43753371,295.9649533,82.71054316,0.025529918,0
29-09-23 4:00,33.14796428,66.65752344,141.1524674,59.9608016,0.018947929,0
29-09-23 5:00,73.39898016,62.89288374,372.7755915,44.0654241,0.031285471,1
29-09-23 6:00,75.67504087,38.25667931,163.5632433,45.94316454,0.023791614,1
29-09-23 7:00,64.01272684,36.22113419,214.7283023,139.091995,0.00981303,1
29-09-23 8:00,39.1561981,58.35397681,114.0489662,52.08649953,0.02410185,0
29-09-23 9:00,45.50343522,61.68655922,266.9401903,65.99639044,0.009022037,0
29-09-23 10:00,52.20255734,60.23817258,221.6178482,11.72624058,0.059239649,1
29-09-23 11:00,39.93955234,74.88380397,254.95672,31.36963586,0.023991474,1
29-09-23 12:00,78.24923551,55.54463428,153.4243508,63.77656197,0.007629381,0
29-09-23 13:00,52.18572721,72.29798116,80.99284179,17.45698585,0.014180383,0
29-09-23 14:00,16.75786996,56.99503589,180.0466348,64.64048808,0.033884129,1
29-09-23 15:00,55.20549956,103.2774951,61.21551915,33.44928648,0.006113623,1
29-09-23 16:00,44.89885262,61.70476032,129.6665126,27.36026284,0.085730208,1
29-09-23 17:00,48.88171565,117.3736484,162.1615977,33.37270051,0.003069237,1
29-09-23 18:00,44.60658975,67.57811165,332.4836903,95.18859634,0.037380989,0
29-09-23 19:00,62.75702017,55.58126632,170.5181276,58.66895057,0.012924618,0
29-09-23 20:00,68.0490174,42.32510249,158.837916,29.72577375,0.009020933,0
29-09-23 21:00,54.32591653,32.8222311,146.084312,71.18695197,0.029471179,0
29-09-23 22:00,45.02546427,40.65414873,76.92656643,72.80885576,0.013354918,0
29-09-23 23:00,49.38165069,42.6888284,155.4083114,40.90348508,0.053063967,0
30-09-23 0:00,50.29437839,68.5250447,156.4936763,76.73938276,0.003470187,0
30-09-23 1:00,38.60744337,49.3658022,95.09118354,78.20937538,0.029944927,0
30-09-23 2:00,59.01908811,63.97788069,84.27859002,73.45759754,0.015823682,0
30-09-23 3:00,57.1122738,89.38674839,121.2932943,34.51802458,0.025003806,0
30-09-23 4:00,75.47957781,58.16759008,154.0836089,24.69419278,0.029018398,1
30-09-23 5:00,70.40614978,110.1466295,122.6589986,16.27571623,0.001289612,1
30-09-23 6:00,40.18502633,37.38176661,90.94631966,34.90123235,0.023908391,0
30-09-23 7:00,62.97736504,56.87175859,168.5815864,41.21058074,0.040982966,1
30-09-23 8:00,36.64001159,49.11071625,185.4214412,43.08523474,0.028114745,0
30-09-23 9:00,60.923303,80.98220566,157.6693856,48.8265965,0.014507647,1
30-09-23 10:00,42.51767725,20.48937558,116.7152776,102.3344617,0.003375655,0
30-09-23 11:00,35.69824881,32.81845153,189.3005789,41.85650864,0.028901247,0
30-09-23 12:00,54.27910553,57.76300174,138.3092461,48.78778383,0.060577049,0
30-09-23 13:00,17.0348024,96.18909139,84.16578867,14.47112431,0.031904116,0
30-09-23 14:00,26.80128185,64.81918532,221.2080864,120.5908572,0.042544442,1
30-09-23 15:00,47.36912511,34.35752424,172.8440587,22.29715184,0.037539829,1
30-09-23 16:00,51.24342314,37.00931333,142.629737,33.82756311,0.014174271,0
30-09-23 17:00,44.5966148,99.33112558,66.61846738,68.84513867,0.021472372,1
30-09-23 18:00,28.80307454,47.53488188,106.7751336,56.33664311,0.036159369,0
30-09-23 19:00,38.40056943,41.53153906,300.6080022,99.17984011,0.002211025,0
30-09-23 20:00,56.02118465,94.2987683,69.37919579,69.55560039,0.031702196,1
30-09-23 21:00,59.06519659,82.76651285,134.6697288,47.98772001,0.044897307,1
30-09-23 22:00,49.75691643,89.19009447,148.980616,79.3724301,0.019186165,1
30-09-23 23:00,68.69077111,41.40298988,170.6460316,83.07860708,0.035012201,1
01-10-23 0:00,56.11887975,31.46170236,69.87594138,34.80345974,0.012052037,0
01-10-23 1:00,39.34685515,62.82309625,161.0680402,76.85801145,0.020616135,0
01-10-23 2:00,45.8711506,67.20611308,61.67611838,44.59167101,0.015853974,0
01-10-23 3:00,30.9250411,67.85603959,156.146254,47.44517534,0.027991286,0
01-10-23 4:00,48.38960919,94.31940427,111.7788683,53.63462185,0.018360367,1
01-10-23 5:00,67.91827708,28.09981359,100.3815483,40.91546041,0.001609862,0
01-10-23 6:00,60.74897377,79.16220945,206.3575905,39.7018297,0.010057082,1
01-10-23 7:00,72.99577004,38.7747538,135.6076716,77.52704665,0.062400156,1
01-10-23 8:00,45.54846081,79.06886615,180.9533369,18.7894899,0.030046851,1
01-10-23 9:00,72.00348157,50.36428501,183.2179231,26.84048168,0,0
01-10-23 10:00,47.13780313,43.90041741,239.0487842,68.23414742,0.043701578,0
01-10-23 11:00,74.23933889,47.75001512,83.24321177,48.19345651,0.00554185,0
01-10-23 12:00,49.67262651,32.77686906,212.5060176,77.73710832,0.036688353,1
01-10-23 13:00,61.10864682,60.85145949,151.0304773,59.3326535,0.045685354,1
01-10-23 14:00,74.30264195,44.66939505,127.2250829,21.99368788,0.021658063,0
01-10-23 15:00,47.13599982,77.43966021,86.09650309,51.58270497,0.0070311,0
01-10-23 16:00,53.32352856,74.05568538,190.1196437,64.22091908,0.010091757,0
01-10-23 17:00,70.99412031,99.72610946,97.46395582,56.01531515,0.031256028,1
01-10-23 18:00,48.02264238,67.89417089,183.9716537,38.95098776,0.005700225,0
01-10-23 19:00,31.93137218,71.34089111,292.7886122,43.37662189,0.011705509,1
01-10-23 20:00,86.73758505,92.34251527,217.010695,36.93895725,0.028995484,1
01-10-23 21:00,43.17421169,47.41002407,248.5811822,22.13851488,0.01085329,0
01-10-23 22:00,52.40654425,32.06894629,108.1640086,19.85033198,0.048788361,1
01-10-23 23:00,68.67645146,64.26203169,201.1613856,60.20687294,0.006623556,1
02-10-23 0:00,41.24285627,33.16052613,86.34193249,30.49185991,0,0
02-10-23 1:00,35.89777903,120.5654346,135.7344042,65.38390134,0.00936535,0
02-10-23 2:00,53.87044207,93.74317705,277.0216738,36.18562876,0.025250504,0
02-10-23 3:00,26.318977,112.4676934,114.226695,22.34436296,0.036049294,0
02-10-23 4:00,45.76429876,61.31723595,226.8704369,40.30066315,0.013966126,0
02-10-23 5:00,53.73562391,72.01674239,219.6671505,115.5185939,0.015794887,1
02-10-23 6:00,46.02359557,50.66769244,224.1017407,47.63715478,0.01950868,1
02-10-23 7:00,29.23047667,79.71075524,80.44414054,67.39809797,0.056973371,1
02-10-23 8:00,76.4540727,36.6899105,184.4800767,54.30557943,0.026490518,0
02-10-23 9:00,51.56379246,16.29602748,140.3597283,20.79379366,0.012844106,0
02-10-23 10:00,73.51547815,44.33291192,225.140006,92.52256462,0.065457462,1
02-10-23 11:00,46.1670751,32.61266157,62.99663296,43.9887017,0.020179709,0
02-10-23 12:00,37.57424136,94.31286262,173.7983507,22.38951543,0,1
02-10-23 13:00,54.11017217,103.0742535,164.4559246,37.98131179,0.003580637,1
02-10-23 14:00,46.80975719,33.49080445,49.38109169,44.97150751,0.029866673,1
02-10-23 15:00,33.72070018,89.62882157,99.36504299,70.42214676,0.001039974,0
02-10-23 16:00,74.20702965,81.33678473,55.71222942,34.37123601,0.028712982,0
02-10-23 17:00,41.05316689,30.73098788,107.7683458,136.1072732,0.009345563,0
02-10-23 18:00,25.7825846,52.03284497,186.1359042,29.20563254,0.043004504,0
02-10-23 19:00,71.68651588,48.32144675,162.4393547,66.42348756,0.022764388,0
02-10-23 20:00,42.68984625,76.54714905,160.7596834,12.34038662,0.001847169,0
02-10-23 21:00,41.2520915,36.46048167,91.50219997,46.95343742,0.03713498,1
02-10-23 22:00,26.63577953,57.93833856,227.5606115,59.58544003,0.047395756,1
02-10-23 23:00,79.14499956,46.30113463,148.8258952,25.77081864,0.004461577,0
03-10-23 0:00,32.32055138,70.27624266,152.1133039,94.21754909,0.00908879,1
03-10-23 1:00,50.88015855,55.51786551,214.0810812,61.42822616,0.028795317,1
03-10-23 2:00,64.52218069,49.18957216,93.93748912,42.36167477,0.032301644,0
03-10-23 3:00,56.50359917,55.58901506,164.5976401,61.13044542,0.074265225,1
03-10-23 4:00,49.10874396,108.9751051,177.5423286,36.22321104,0.036635691,0
03-10-23 5:00,27.37067882,51.5058156,117.6878582,85.98235254,0.075703837,1
03-10-23 6:00,38.50978177,39.76442821,193.3268825,78.4749588,0.020311706,1
03-10-23 7:00,52.85227404,72.76269705,181.1860773,59.7530121,0.026579535,0
03-10-23 8:00,38.81203197,57.01688094,143.7378758,66.41480267,0.01187825,0
03-10-23 9:00,53.09174697,33.28441807,141.8453525,19.61642068,0.012457695,0
03-10-23 10:00,60.69092521,114.3307869,184.3663415,93.12941151,0.022418521,0
03-10-23 11:00,65.36395509,52.78430425,203.0095595,47.5456704,0.011697867,1
03-10-23 12:00,33.11082545,52.27891945,153.9549832,78.77829699,0,1
03-10-23 13:00,87.77494472,63.3948634,227.5407878,70.43284567,0.010665059,1
03-10-23 14:00,62.10121471,100.8224082,193.7598113,78.30144092,0.040704917,1
03-10-23 15:00,49.97429063,28.95766469,57.41262294,27.09934784,0.021180848,0
03-10-23 16:00,67.53013871,65.90995512,74.03636479,29.52947356,0.021272996,0
03-10-23 17:00,91.07627051,110.367773,232.2757819,121.3710875,0.009533426,0
03-10-23 18:00,30.48911401,62.72815891,134.9420612,18.94164917,0.025659773,0
03-10-23 19:00,46.67180362,36.3470615,160.4227111,26.17398663,0.054791974,1
03-10-23 20:00,19.98046226,47.58728809,228.9935547,51.08671004,0.048297237,1
03-10-23 21:00,52.9268876,64.4087337,149.5995455,51.13056271,0.026255483,0
03-10-23 22:00,55.61442658,90.60344082,152.3375588,37.37440664,0.00852695,1
03-10-23 23:00,49.41410194,53.04667049,100.2325658,66.54063133,0.057644136,1
04-10-23 0:00,40.61041063,78.38471754,173.9460323,74.99334953,0.040313868,1
04-10-23 1:00,23.45779201,32.94768014,188.7209932,49.54679937,0.002885193,0
04-10-23 2:00,55.74253266,32.80839833,115.8860697,43.50401392,0.00115027,0
04-10-23 3:00,73.9498068,50.2108303,97.47440439,49.44493207,0.003288661,0
04-10-23 4:00,41.48402598,93.30049307,355.52745,38.30808347,0.012832432,0
04-10-23 5:00,56.79455168,61.453483,144.2450125,16.19610258,0.036868162,1
04-10-23 6:00,28.93691189,66.2120209,110.0738401,57.79477748,0.03635962,1
04-10-23 7:00,57.06723974,65.9556639,197.1572393,70.90540587,0.025799788,1
04-10-23 8:00,44.25401517,85.13888116,146.840853,46.22289886,0.017811917,1
04-10-23 9:00,39.14501187,47.7439194,89.21293585,8.764782963,0.074810234,1
04-10-23 10:00,39.17269825,75.16459186,181.5908927,36.68769815,0.020547274,0
04-10-23 11:00,44.25075635,43.58701306,101.0468318,75.10404921,0.018630934,1
04-10-23 12:00,55.88275498,107.5487814,263.4399441,20.24946354,0.012651651,1
04-10-23 13:00,32.03932425,44.15272569,182.3737483,68.84986427,0.070070636,0
04-10-23 14:00,44.20097061,42.63774096,133.1549501,39.45978337,0.033093489,1
04-10-23 15:00,49.37964324,71.99627144,156.9059292,49.53167875,0.006658688,0
04-10-23 16:00,34.72229885,61.68510635,211.3510841,34.26388665,0.005540562,0
04-10-23 17:00,80.17798387,67.02414927,161.8300679,25.47908017,0.001586979,1
04-10-23 18:00,37.92602233,64.85109705,309.6519324,92.0273505,0.018479779,1
04-10-23 19:00,40.40659208,38.88519655,228.7328899,72.3927558,0.002760667,0
04-10-23 20:00,36.2824672,97.78492806,181.9020261,67.36502136,0.005408244,1
04-10-23 21:00,80.21173193,79.96201283,96.70603807,75.19030625,0.040517521,1
04-10-23 22:00,58.59928262,91.30806643,140.9489502,63.32603854,0.036637564,1
04-10-23 23:00,36.82832449,49.32375162,181.305613,76.27743288,0.050535271,1
05-10-23 0:00,67.81722164,69.00723223,102.633767,34.72477395,0.002960401,0
05-10-23 1:00,53.05076038,64.20316917,240.8768982,90.13623566,0.006976815,1
05-10-23 2:00,53.92498064,85.59664004,94.8090613,87.19094027,0.011128247,1
05-10-23 3:00,44.95150642,86.38447436,112.6097334,59.94634877,0.054310995,1
05-10-23 4:00,39.32038452,64.10996978,116.7533832,43.04895888,0.021017976,0
05-10-23 5:00,55.18057742,31.57928969,199.8086778,23.90284078,0.059111738,1
05-10-23 6:00,42.12081164,102.1236943,103.5790124,55.87329749,0.031220166,1
05-10-23 7:00,80.55193546,72.13941915,56.94095827,100.639697,0.018239174,0
05-10-23 8:00,32.57173333,47.77811558,225.1053983,25.0216995,0.030169277,0
05-10-23 9:00,75.40212922,68.78529967,123.4107322,78.56130974,0.00130218,1
05-10-23 10:00,48.34260915,31.69214105,90.06852435,38.88079199,0,0
05-10-23 11:00,54.57573829,83.83306956,106.240209,40.79476988,0.024349767,1
05-10-23 12:00,63.19151836,32.35124936,274.9813178,24.75863674,0.020231055,1
05-10-23 13:00,40.94347475,55.43562748,111.5250074,32.88641365,0.062154511,0
05-10-23 14:00,63.71065104,65.22318041,142.3808116,67.42453334,0.003641311,0
05-10-23 15:00,16.7176359,83.43441587,123.2660185,71.0621024,0.026375402,1
05-10-23 16:00,39.71854193,62.25446586,82.07533271,56.06333913,0.032574694,0
05-10-23 17:00,36.99294996,73.93898712,106.889875,38.23211896,0.025837566,0
05-10-23 18:00,32.76868714,59.40968498,78.83802308,26.06458544,0.041206183,1
05-10-23 19:00,46.82188301,59.32564893,215.2248338,51.55540399,0.011081728,0
05-10-23 20:00,55.93505256,61.8059818,156.3660011,41.27571733,0.035393535,1
05-10-23 21:00,61.03363105,56.08339801,342.1494934,55.41332834,0.029930333,1
05-10-23 22:00,53.67117297,28.84880367,108.7084062,42.27863848,0.042731317,1
05-10-23 23:00,40.45774582,44.75068812,100.7470802,42.87063333,0.012605247,0
06-10-23 0:00,55.6714197,65.23014375,259.9744997,54.04982265,0.005241982,0
06-10-23 1:00,51.87973236,54.86155084,222.8394569,59.17693021,0.011128349,0
06-10-23 2:00,64.91704367,56.76442398,174.9360786,85.09198223,0.006381346,1
06-10-23 3:00,62.25768118,53.36640934,87.83613305,41.91597506,0.011917953,0
06-10-23 4:00,50.45807502,42.98313703,277.3323386,64.53005573,0.014986703,1
06-10-23 5:00,37.34626786,50.00963194,145.5247457,104.8497091,0.00790964,1
06-10-23 6:00,40.63209157,53.69775195,124.1956909,65.28372207,0.020124559,0
06-10-23 7:00,42.05542795,60.10804563,229.2731253,83.17271597,0.00530597,1
06-10-23 8:00,45.37039785,68.49306502,148.6095374,35.6398514,0.018844868,0
06-10-23 9:00,54.09260745,56.2573415,85.29834014,33.54784574,0.012812179,0
06-10-23 10:00,61.23909026,39.96752455,152.5286583,46.09184713,0.018104394,0
06-10-23 11:00,49.23583273,33.57222725,104.8287356,48.68491076,0.026757919,0
06-10-23 12:00,50.24213183,124.6662014,27.42994143,80.21060837,0.013833055,1
06-10-23 13:00,52.17013127,38.18860737,99.55759017,33.35521727,0.009368276,0
06-10-23 14:00,42.5275786,49.51233281,118.6875558,47.80786696,0.010812766,0
06-10-23 15:00,36.97546697,71.25794032,85.78527438,80.33637911,0.039510316,0
06-10-23 16:00,26.74999375,67.77340337,187.9383597,55.52796669,0.045307981,1
06-10-23 17:00,40.05599226,71.34513115,105.0360653,49.72992676,0.012556979,0
06-10-23 18:00,57.32104842,50.99693915,181.2749873,56.13308388,0.017599111,0
06-10-23 19:00,39.95041292,65.09508441,82.04398191,25.62531139,0.001444546,0
06-10-23 20:00,46.48944663,61.29386152,211.7862568,25.3306857,0.017188257,1
06-10-23 21:00,57.21402746,53.59138027,79.99628793,17.86192497,0.003096152,0
06-10-23 22:00,58.08146,65.24394349,36.55093736,55.29519677,0.012902021,0
06-10-23 23:00,34.9723984,83.83337114,236.5138238,75.5042509,0.040720153,1
07-10-23 0:00,65.95001771,59.53453458,100.9019625,70.89803011,0.002736713,0
07-10-23 1:00,68.18116956,59.67387234,278.3288644,82.51435477,0.008008698,0
07-10-23 2:00,34.32881284,84.14283373,187.1995779,92.69984226,0.008060793,1
07-10-23 3:00,38.32115414,81.57488817,203.1385541,53.67895321,0.00165356,0
07-10-23 4:00,69.28505726,97.02594723,221.9001078,48.39732953,0.03603607,0
07-10-23 5:00,47.81876314,27.74568203,157.118639,93.43453271,0.024666391,1
07-10-23 6:00,21.63074492,80.23636395,157.8458021,33.948887,0.058757528,1
07-10-23 7:00,30.96388574,73.17602878,239.9347451,24.7035019,0.007046882,1
07-10-23 8:00,46.32164083,42.5778699,157.0343103,41.87253154,0.00106714,0
07-10-23 9:00,33.90702845,65.378291,107.6703962,39.22952316,0.037719344,1
07-10-23 10:00,43.96956265,83.7308421,188.6685886,51.21517507,0.014617207,0
07-10-23 11:00,50.48699272,43.61891941,44.7022175,30.91710815,0.013187229,0
07-10-23 12:00,74.07200759,69.58760326,242.9198377,59.65343641,0.050202109,1
07-10-23 13:00,45.72755473,79.43731303,244.5581085,36.74386453,0.022802656,1
07-10-23 14:00,67.23847291,39.22921354,233.4990369,85.23054958,0.036919843,1
07-10-23 15:00,73.47275803,57.04236829,230.5561737,24.41682264,0.011200712,1
07-10-23 16:00,73.57188927,66.45620886,144.7815551,46.5715376,0.00997519,0
07-10-23 17:00,54.35240408,44.23197644,143.4006378,41.96364546,0.014554522,0
07-10-23 18:00,24.40516706,42.69714834,82.21958289,55.93217854,0.03207404,1
07-10-23 19:00,57.12473254,57.19141893,277.5864675,75.74395567,0.020822174,0
07-10-23 20:00,66.82514064,77.79837341,121.09782,56.8678774,0.028144338,0
07-10-23 21:00,48.79056529,74.14000422,171.935964,46.83482713,0,0
07-10-23 22:00,79.21233093,43.02338052,166.2650642,68.71487653,0.000513921,1
07-10-23 23:00,63.63681718,74.33351001,77.00414264,73.20769152,0,0
08-10-23 0:00,58.84703529,43.49345766,59.22115663,56.94740051,0.01436289,0
08-10-23 1:00,67.47593372,30.07540441,150.3493511,60.14047796,0.003497801,0
08-10-23 2:00,55.11168323,52.49217661,122.8756103,67.42030125,0.055599276,1
08-10-23 3:00,18.82194669,85.47394712,144.45819,17.00931709,0.019659212,1
08-10-23 4:00,42.76205542,74.42059796,223.3991397,41.5990626,0.023607877,1
08-10-23 5:00,69.39073169,59.96699575,164.3626086,59.83050419,0.006126267,0
08-10-23 6:00,38.53833367,51.50965003,200.8597975,42.96491768,0.005834033,1
08-10-23 7:00,46.69785238,52.04286693,179.0229132,43.04541365,0.052038842,1
08-10-23 8:00,35.41913821,62.30223426,130.8295169,59.79419207,0.058049578,0
08-10-23 9:00,79.94121875,39.27515079,93.40895957,60.41548893,0.027171876,1
08-10-23 10:00,78.04980375,52.87151384,166.9653201,62.33091719,0,1
08-10-23 11:00,37.5231908,55.5427466,155.2855165,32.0772675,0.013735445,0
08-10-23 12:00,52.23116671,34.36553966,212.2223378,20.58541509,0.025306689,1
08-10-23 13:00,40.25566143,43.44707994,140.7053706,72.05078385,0.016508446,0
08-10-23 14:00,59.60232649,68.87341636,131.9466254,33.09315467,0,0
08-10-23 15:00,57.905023,60.19988435,135.9723083,31.6875863,0.059854373,1
08-10-23 16:00,62.83444951,53.65900315,97.64393709,29.89567931,0.008726247,0
08-10-23 17:00,55.08894657,42.10607377,252.9931619,82.75036469,0.003937657,1
08-10-23 18:00,102.6477027,96.8435294,229.0193194,55.43553641,0.019508841,1
08-10-23 19:00,35.63777079,43.45575024,83.01428389,58.91505179,0.043155424,1
08-10-23 20:00,27.26711352,65.37839736,204.1247546,68.66522208,0.028997821,1
08-10-23 21:00,44.2581669,50.11177352,55.11144562,48.94612253,0.004142481,0
08-10-23 22:00,28.93876322,60.76383943,217.4053463,78.39382533,0.002886975,1
08-10-23 23:00,29.84050958,69.92391459,109.3875205,24.37693448,0,0
09-10-23 0:00,35.98291122,34.04101631,173.2709553,26.39545257,0.015589426,0
09-10-23 1:00,37.0175988,59.86112453,51.74369026,25.38482828,0.01310199,0
09-10-23 2:00,36.59202419,87.1320537,83.70233653,61.0751254,0.029014119,0
09-10-23 3:00,58.04183514,101.6458731,180.6120303,63.42981905,0.010441609,0
09-10-23 4:00,42.66339145,57.29506201,109.1408722,38.85545043,0.038423639,1
09-10-23 5:00,47.33950686,60.87791134,101.7355463,44.35112404,0.031760781,0
09-10-23 6:00,64.21314387,113.7729842,248.9319354,86.52577417,0.009931699,1
09-10-23 7:00,39.09241234,85.7654896,317.5149945,34.08581999,0.026717846,1
09-10-23 8:00,46.10179605,47.6085844,213.8313418,57.64766138,0.046562054,0
09-10-23 9:00,55.62018016,47.5760583,88.91068336,34.26772199,0.007397573,0
09-10-23 10:00,24.64616852,81.46001901,278.8799609,81.00283729,0.01672328,1
09-10-23 11:00,19.91419165,40.30151439,67.03890798,66.89541301,0.01643796,0
09-10-23 12:00,55.31155714,84.61698601,131.5255744,20.89790782,0.01466044,1
09-10-23 13:00,57.62229226,67.18793394,153.4416141,43.68402579,0.034759454,0
09-10-23 14:00,85.22430679,71.27418823,292.463895,10.99163794,0.036426241,0
09-10-23 15:00,52.39641713,54.7074585,212.0388763,74.94385029,0.02700292,1
09-10-23 16:00,62.96806896,47.36869804,122.3055713,113.7571456,0.026129465,1
09-10-23 17:00,47.1061199,93.907984,96.2978872,9.751942433,0.0119529,1
09-10-23 18:00,54.54675235,54.90983604,218.6633816,20.43236475,0.025616194,1
09-10-23 19:00,77.788598,51.62366485,118.3718958,54.26699012,0.004392269,0
09-10-23 20:00,22.65145322,58.3267545,163.8281131,49.53955193,0.078086184,1
09-10-23 21:00,56.37532227,64.1093511,75.6466952,40.23525197,0.04707392,0
09-10-23 22:00,86.59453163,39.946573,187.522943,15.61746954,0.038049475,1
09-10-23 23:00,54.31005659,48.61631833,181.9763843,58.4000243,0.027033616,0
10-10-23 0:00,77.48298556,47.59427191,81.64846841,74.55088881,0.027049202,0
10-10-23 1:00,40.95772569,78.82263459,220.861922,145.4906147,0.00152759,0
10-10-23 2:00,49.52031463,42.57218058,186.5180705,87.80920319,0.004614524,1
10-10-23 3:00,50.50399444,27.75295614,199.5373312,22.59208988,0.005714146,1
10-10-23 4:00,21.653844,24.49520571,127.192967,49.70313894,0.020943826,0
10-10-23 5:00,33.84197202,32.36504378,161.3769281,65.85361112,0.015733428,0
10-10-23 6:00,34.75000875,91.37298168,153.9852806,34.21457527,0.034956015,1
10-10-23 7:00,63.00678381,60.34073257,140.8710765,71.32555621,0.007348084,0
10-10-23 8:00,63.84294763,70.90310679,160.8308831,69.06866569,0.039587619,1
10-10-23 9:00,54.96554626,71.69797089,237.9995795,85.52717009,0.008892987,1
10-10-23 10:00,63.04068904,61.18459724,224.1175282,71.98684914,0.013836663,1
10-10-23 11:00,47.56470384,58.43798113,84.51447562,57.37251196,0.03673258,1
10-10-23 12:00,69.47361478,83.57160822,217.413714,35.27257707,0.028838502,0
10-10-23 13:00,50.13190388,63.09788641,232.959396,22.68919189,0.00467513,1
10-10-23 14:00,50.87130896,92.3172577,140.6885235,55.61930766,0.040421645,1
10-10-23 15:00,46.08664995,73.61557358,183.3290547,40.39339363,0.021447536,0
10-10-23 16:00,60.73522962,47.59878661,182.3393301,42.60317949,0,0
10-10-23 17:00,43.85942619,49.93089886,101.211746,81.82000398,0.008647428,1
10-10-23 18:00,65.59988889,45.51704663,127.0030757,89.84495921,0.013949357,1
10-10-23 19:00,34.29952457,87.79214324,200.307936,23.69422662,0.005392642,0
10-10-23 20:00,34.72387311,51.7400294,120.4861483,44.87207797,0.046892034,1
10-10-23 21:00,60.78395687,44.18840948,216.6783188,39.7328709,0.014425191,0
10-10-23 22:00,48.67967686,66.86872586,241.778496,58.17021841,0.027998233,0
10-10-23 23:00,43.39764618,57.97365294,229.3274018,8.751101466,0.023433438,0
11-10-23 0:00,64.14306875,66.31609468,297.2555453,19.88119323,0.032786156,0
11-10-23 1:00,41.25984521,105.0431869,144.3786264,47.10404185,0.055166106,0
11-10-23 2:00,47.03706173,80.42503437,161.2634684,71.50681145,0.032180923,1
11-10-23 3:00,72.94625811,60.568316,170.6583892,51.89927452,0.056991939,1
11-10-23 4:00,75.45609435,33.39859358,146.2470171,68.14044207,0.032715504,1
11-10-23 5:00,76.05840929,49.87573131,185.6499341,55.04950123,0.022156413,1
11-10-23 6:00,45.8477083,75.69034799,60.61906356,86.79398457,0.0254533,1
11-10-23 7:00,69.97517322,37.46514384,163.0585041,93.77077414,0,1
11-10-23 8:00,36.66621905,111.8360069,75.29419973,32.72333923,0.013339012,1
11-10-23 9:00,37.2189297,60.30305957,95.3959066,74.43362075,0.017764527,0
11-10-23 10:00,20.26780493,61.02939551,199.028378,63.47754514,0.027584544,1
11-10-23 11:00,77.89151105,46.66707467,137.7931188,131.4367912,0.019593798,1
11-10-23 12:00,37.78676344,70.80161549,196.5209004,31.96374668,0.025676435,1
11-10-23 13:00,48.1180218,37.69341434,136.4939161,47.12249328,0.004081456,0
11-10-23 14:00,37.17382528,112.4928843,226.4952044,27.38992573,0.00220045,1
11-10-23 15:00,60.91073345,90.26749909,135.4004134,28.51640893,0.00526929,0
11-10-23 16:00,44.50659574,82.12348459,50.74783221,60.08507939,0.052545067,1
11-10-23 17:00,32.13029376,33.70093011,164.3918473,55.26532981,0.004536321,0
11-10-23 18:00,56.82000428,64.3769706,42.66997783,64.41578521,0.009248013,0
11-10-23 19:00,30.54963141,87.58364924,71.86733172,63.804275,0.021715627,1
11-10-23 20:00,38.14016247,72.98287441,99.49340938,44.27560804,0.002133824,0
11-10-23 21:00,22.83564502,40.46204279,93.11102799,44.11299888,0.008325439,0
11-10-23 22:00,30.66828502,46.98196397,117.716807,28.55738223,0.03220261,1
11-10-23 23:00,52.70981021,50.81571051,91.38619312,33.94599447,0.013566965,0
12-10-23 0:00,24.39136127,47.87401131,73.98817588,48.58963491,0.055438157,1
12-10-23 1:00,29.97660679,95.61010264,260.6282788,55.04220309,0.001478381,1
12-10-23 2:00,49.96447187,25.1941613,110.375246,69.28535557,0.014828674,0
12-10-23 3:00,42.14140502,74.41964681,40.43496761,66.3336504,0.013570499,0
12-10-23 4:00,83.8487595,35.36670115,128.2241741,96.2003833,0.019857293,0
12-10-23 5:00,80.87162473,41.1997254,87.29442859,28.52116406,0.004886629,1
12-10-23 6:00,37.73445246,23.8541416,99.3885295,44.34765265,0.011723218,0
12-10-23 7:00,58.6674666,48.9220481,197.4239237,30.21867857,0.034494122,1
12-10-23 8:00,61.8006627,95.14882987,123.1952203,86.82656351,0.01590731,1
12-10-23 9:00,41.39479812,65.66650691,85.93358597,38.19559282,0.006317307,0
12-10-23 10:00,29.80352144,36.98851311,179.0856975,82.87795156,0.066260631,1
12-10-23 11:00,49.81567451,82.91198525,229.8054854,92.65141599,0.020792829,0
12-10-23 12:00,47.43719051,88.13155482,185.2839005,60.84871445,0.030942076,1
12-10-23 13:00,43.65342324,62.20121461,32.77238643,57.58412112,0.033978059,1
12-10-23 14:00,56.83039723,108.9400385,87.77236564,50.97060898,0.018882895,1
12-10-23 15:00,39.30265084,78.26529803,152.9790413,42.37401781,0.009235187,0
12-10-23 16:00,34.04713514,75.03472432,135.0893804,39.6392972,0.023306202,0
12-10-23 17:00,51.64814365,44.09717317,130.187957,46.37977698,0.010268683,0
12-10-23 18:00,55.9385243,73.76581149,94.372571,105.5945293,0.026359291,1
12-10-23 19:00,33.73481917,64.62311452,74.0049945,27.21000649,0.017453079,0
12-10-23 20:00,64.78271135,71.32174234,299.6734819,55.2408254,0.039649726,1
12-10-23 21:00,26.57738639,46.3266882,151.6988446,69.30051763,0.005645063,0
12-10-23 22:00,41.66251329,62.71469056,192.6065342,43.13321282,0.03304507,1
12-10-23 23:00,46.19644036,43.84680256,150.3909328,60.9214329,0.030950663,1
13-10-23 0:00,40.86142492,21.82549028,152.9096829,19.17643453,0.016347024,0
13-10-23 1:00,41.84338624,82.45931396,146.1416785,88.39329668,0.033282685,1
13-10-23 2:00,81.56703695,31.83559036,87.50452735,82.11721001,0.0272287,1
13-10-23 3:00,37.9607424,62.26814917,69.10647878,47.56841549,0.032009703,1
13-10-23 4:00,92.57788934,67.15938035,175.0341061,30.32643682,0.030748953,0
13-10-23 5:00,56.74798152,67.01778844,161.9518591,71.70851611,0.020809462,0
13-10-23 6:00,51.38930121,54.1755401,213.9247824,25.25154827,0.01152711,1
13-10-23 7:00,57.37041018,65.80577448,199.2045849,27.91220689,0.011384016,0
13-10-23 8:00,94.34945066,70.22302344,103.3901397,48.66838466,0.016703877,0
13-10-23 9:00,36.083332,76.24452105,228.4835352,94.86438977,0.035622966,0
13-10-23 10:00,34.44906753,100.9094964,201.3257994,67.24558174,0.031315198,1
13-10-23 11:00,39.24683003,65.00034753,196.0411706,35.080929,0.0391317,1
13-10-23 12:00,50.48318039,61.35117913,320.9397506,16.43591192,0.041372006,1
13-10-23 13:00,27.0917191,42.19192785,302.8140272,51.04318218,0.016669365,1
13-10-23 14:00,50.33558763,69.4399466,195.9754964,56.47518339,0.062952043,1
13-10-23 15:00,78.27130889,74.68314548,187.2415127,48.19638878,0.018368755,0
13-10-23 16:00,52.29403506,56.0171039,224.6233165,104.9489447,0.012829458,1
13-10-23 17:00,45.69538289,71.88176676,115.5489014,46.75404187,0.02566666,0
13-10-23 18:00,41.10971561,53.98550852,116.3339037,8.571210852,0.028441323,0
13-10-23 19:00,64.28499885,74.7661924,194.8098163,40.31879891,0.009784773,1
13-10-23 20:00,38.29450817,80.41391307,100.8715522,61.98621954,0.017537079,1
13-10-23 21:00,81.1051167,80.08248327,189.1563468,60.1215013,0.013447808,0
13-10-23 22:00,82.73827613,62.49556178,159.9495884,45.67668849,0.02232479,1
13-10-23 23:00,53.91718295,39.78296945,100.8864874,41.79588521,0.034633919,0
14-10-23 0:00,49.82740628,47.71148227,151.6206714,12.00490292,0.015957575,0
14-10-23 1:00,66.52215676,73.02962216,241.7870273,52.16633877,0.030147447,0
14-10-23 2:00,67.62056129,120.420081,155.1888625,41.87842675,0.003565131,0
14-10-23 3:00,38.5597467,53.01899976,155.4541709,56.41762356,0.03661173,1
14-10-23 4:00,42.37893331,69.88427323,171.2109678,63.0063273,0.013361912,0
14-10-23 5:00,31.91339122,48.78668796,179.9644073,85.64746141,0.013126078,1
14-10-23 6:00,56.3033082,40.96960978,129.9792034,28.85018646,0.026886254,0
14-10-23 7:00,60.44381099,46.48347159,172.6274123,22.67361559,0.027861782,0
14-10-23 8:00,31.57341466,22.77312279,91.03639424,36.63914515,0.018240912,0
14-10-23 9:00,43.37922247,91.16981603,103.8891463,33.23346114,0.00814911,0
14-10-23 10:00,31.60628435,20.62748611,110.7558275,31.40866353,0.013016856,0
14-10-23 11:00,37.32584395,54.56401516,180.68423,92.38592489,0.021551092,1
14-10-23 12:00,58.5688757,37.3412922,160.1685991,53.7764786,0.028557291,0
14-10-23 13:00,39.53576494,42.60120803,141.7108414,110.9808445,0.00886455,1
14-10-23 14:00,45.57810692,91.7491978,196.0361034,49.92326771,0.010987072,0
14-10-23 15:00,28.23846754,64.28304869,174.540099,24.82297201,0.024414516,0
14-10-23 16:00,52.83981848,41.12466527,132.3809704,31.75507387,0.018689134,0
14-10-23 17:00,49.33786033,48.14143589,91.72828971,78.75990995,0.022408358,1
14-10-23 18:00,39.59699284,44.80383662,102.799735,25.51056586,0,0
14-10-23 19:00,47.20051194,59.08838522,71.23358846,64.88059516,0.015542323,0
14-10-23 20:00,52.73692945,63.67556268,158.9041557,41.46300387,0.035836518,1
14-10-23 21:00,38.44098787,105.1968758,100.5760258,29.34808747,0.011283906,1
14-10-23 22:00,30.03541294,25.26599685,120.5143828,90.43030421,0.028494531,0
14-10-23 23:00,80.34371552,59.27075924,142.1232588,36.32507903,0.005043277,1
15-10-23 0:00,40.90194375,53.52245291,221.7892552,31.36534579,0.00232233,0
15-10-23 1:00,48.55796097,81.22145026,213.2253242,48.04634537,0.027208796,1
15-10-23 2:00,66.184393,67.64002433,146.5986786,38.06897434,0.01913746,0
15-10-23 3:00,115.3900583,72.92039768,238.7029626,120.0931351,0.014964269,1
15-10-23 4:00,32.88144978,67.42543662,48.52549731,79.8820051,0.035692979,1
15-10-23 5:00,56.94975273,41.73109756,288.4700263,36.27944205,0.015302282,1
15-10-23 6:00,39.88734596,87.63732158,196.1585673,38.79440833,0.011078713,1
15-10-23 7:00,42.20844042,77.72501812,156.4886164,11.74830713,0.009793323,0
15-10-23 8:00,39.71552504,80.48341783,99.05715244,53.49173057,0.007483361,0
15-10-23 9:00,34.38227459,88.94178783,123.7722077,32.99780941,0.028119644,1
15-10-23 10:00,49.38233455,69.03285585,190.3122821,52.22352256,0.015298647,0
15-10-23 11:00,30.05661787,94.39084824,191.9021076,12.44184908,0.042196397,0
15-10-23 12:00,65.09855807,68.14434848,194.4550838,49.3332393,0,0
15-10-23 13:00,50.82806936,55.47174965,107.6531991,101.1232353,0.037320347,0
15-10-23 14:00,56.5149759,59.8613833,97.07221855,51.36232283,0.026142074,0
15-10-23 15:00,43.22450264,59.50013366,162.4289583,32.4333428,0.018571561,0
15-10-23 16:00,44.62677972,49.49743325,201.6719231,49.48958854,0.004340632,1
15-10-23 17:00,54.39615158,98.26425764,150.199114,48.4061653,0.001707541,1
15-10-23 18:00,33.89425439,66.35388909,255.7615389,119.2082261,0.033709861,1
15-10-23 19:00,44.75830063,62.00297106,152.0776799,42.01130302,0.024050251,0
15-10-23 20:00,37.84473269,68.3798947,149.9557128,24.26141174,0.02372098,0
15-10-23 21:00,37.43458065,129.7985452,194.6079037,50.53783572,0.018391967,0
15-10-23 22:00,22.80384379,38.1549915,235.1210164,55.00303069,0.035763441,0
15-10-23 23:00,71.88369456,43.32532638,76.5944848,65.00592942,0.011655788,0
16-10-23 0:00,40.17325416,33.86697313,87.62396932,70.60757418,0.014957023,0
16-10-23 1:00,68.80408467,55.1965696,131.0099565,110.360399,0.017268029,0
16-10-23 2:00,67.17420185,65.24630627,407.3073407,36.17285319,0.016718393,1
16-10-23 3:00,32.36379965,50.55301468,134.0684097,34.25030805,0.046744438,1
16-10-23 4:00,34.85847048,49.10269476,142.4775526,13.9600543,0.004649837,0
16-10-23 5:00,94.9637198,63.02092092,190.9411503,67.85470129,0.000187909,1
16-10-23 6:00,79.32963078,49.83390408,216.7843969,30.17912121,0.003078157,1
16-10-23 7:00,49.52821572,66.65800594,160.7845317,74.67983759,0.032340551,1
16-10-23 8:00,53.92683751,85.26119855,230.905949,38.43424183,0.018418073,1
16-10-23 9:00,40.93527114,74.90519525,83.93020418,102.0857421,0.002088193,1
16-10-23 10:00,56.67221958,79.66555707,105.6408223,20.32715378,0.02162444,0
16-10-23 11:00,39.75662137,84.57311484,230.7636899,78.71226734,0.015131134,1
16-10-23 12:00,23.64515536,66.05937901,150.6846632,75.04685821,0.029891016,0
16-10-23 13:00,31.9231729,56.70628892,80.65952637,63.9962592,0.03460084,0
16-10-23 14:00,50.31683612,44.67724772,77.83601876,25.81324204,0.079313917,0
16-10-23 15:00,34.31330456,52.0147891,103.2619496,64.12513409,0.005278029,0
16-10-23 16:00,48.99536428,49.41397362,150.1328735,53.22016012,0.000605464,0
16-10-23 17:00,35.03498076,76.16813545,180.5218851,14.29310813,0.030467059,1
16-10-23 18:00,38.87676882,67.46282086,130.0834329,96.24146887,0.038708208,0
16-10-23 19:00,63.52537064,75.3601224,174.9517956,41.71805635,0.004471078,0
16-10-23 20:00,53.77345484,37.65249845,123.8295073,93.61245999,0.00447914,1
16-10-23 21:00,49.85512708,93.14159905,235.4828966,48.32219796,0.025865625,1
16-10-23 22:00,63.95703726,51.30688055,348.5613331,77.45304507,0.056250079,1
16-10-23 23:00,57.44011352,38.71470544,126.3865728,30.72822246,0.008279589,0
17-10-23 0:00,73.79099472,51.06579531,181.3778137,55.49882091,0.021415811,0
17-10-23 1:00,43.31358161,121.4127261,175.8530636,53.66070772,0.000433936,0
17-10-23 2:00,43.74006154,52.08343236,158.7838827,42.22412719,0.01694094,0
17-10-23 3:00,32.17624633,53.33150567,193.3886049,30.53607455,0.018220383,0
17-10-23 4:00,43.7493137,56.02115802,181.3019427,1.545781897,0.049941672,0
17-10-23 5:00,65.40232936,56.91210398,121.8905006,31.00194172,0.010191336,0
17-10-23 6:00,71.18977775,44.50505988,242.6838674,68.98486689,0.032396044,0
17-10-23 7:00,65.32676354,63.03823973,162.8481561,20.95925776,0.009438659,0
17-10-23 8:00,26.30624646,84.32284968,126.8384019,24.53164364,0.021469796,0
17-10-23 9:00,67.42038174,66.74824229,338.5155892,20.30492363,0.066182929,1
17-10-23 10:00,25.80237138,38.51756121,142.8176972,55.35310564,0.058335261,1
17-10-23 11:00,64.27837459,52.94659715,166.3239683,30.05936135,0.062900567,1
17-10-23 12:00,44.61849756,48.87419831,161.1496974,84.97628538,0.026835346,1
17-10-23 13:00,61.03155277,61.11593271,141.9828225,69.98449102,0.016768431,0
17-10-23 14:00,31.78869338,90.59463758,179.2493442,55.12325052,0.024802359,0
17-10-23 15:00,68.93914811,56.90671041,101.4716548,57.87589786,0.028108375,0
17-10-23 16:00,30.17152982,58.16040468,189.4191457,32.67256747,0.026683733,0
17-10-23 17:00,40.42000831,102.0705728,58.65372656,32.67778448,0.010136028,1
17-10-23 18:00,36.02477347,79.55193123,78.98055102,69.29233991,0.00966957,0
17-10-23 19:00,26.76324255,72.5500609,284.1074049,75.33765556,0.011526444,1
17-10-23 20:00,51.42684897,106.8721831,80.95667789,69.03607661,0.040561772,1
17-10-23 21:00,80.35329467,70.64590895,50.55120396,38.8997777,0.04303498,1
17-10-23 22:00,97.1159618,24.20236515,82.13480412,40.67634697,0.101337697,1
17-10-23 23:00,51.46677605,78.52597931,276.9203751,29.31059256,0.027353855,1
18-10-23 0:00,67.9971962,30.36955879,57.27325221,70.97698781,0.009249995,0
18-10-23 1:00,53.53528749,69.79857602,95.7430981,12.50553471,0.013025766,0
18-10-23 2:00,57.73213236,28.4167605,71.62092166,9.470065442,0.017554386,0
18-10-23 3:00,44.98483593,50.52296734,133.3178061,11.936899,0.050906333,0
18-10-23 4:00,52.96420889,52.55903365,123.8893792,10.20612002,0.033338619,0
18-10-23 5:00,58.35106393,44.71712391,121.3394792,89.45401682,0.003892743,1
18-10-23 6:00,41.65771972,52.85665463,286.6797586,71.52732213,0.019100196,1
18-10-23 7:00,48.84359087,83.28307169,83.68448235,24.3449864,0.002952105,1
18-10-23 8:00,49.12696229,45.77158199,143.6759178,47.38534267,0.030532738,0
18-10-23 9:00,63.0789922,71.89372634,171.8504827,93.09038361,0.010189807,1
18-10-23 10:00,35.14594202,41.12007641,94.50178231,63.2555615,0.011341076,0
18-10-23 11:00,49.22952347,56.07437403,181.8324927,116.2711677,0.000529193,0
18-10-23 12:00,82.33584695,66.9579324,125.9709347,47.1825169,0.033827417,0
18-10-23 13:00,68.81593833,40.56250658,174.2349603,34.90872608,0.043721293,1
18-10-23 14:00,72.05796984,35.03478665,143.3200298,26.47866192,0.010353431,0
18-10-23 15:00,50.36707452,70.69235733,47.06986824,50.5927936,0.017486507,0
18-10-23 16:00,54.91800289,85.47665276,241.8665326,76.03025943,0.013020295,1
18-10-23 17:00,66.03801983,58.34901151,305.1244305,52.50760315,0.016650754,1
18-10-23 18:00,75.83823026,50.7101316,139.1403159,41.43003598,0.008901019,0
18-10-23 19:00,24.53471024,63.30553538,98.71590408,86.1495417,0.006027638,0
18-10-23 20:00,31.99876623,61.16969533,257.734241,64.06148295,0.047517275,1
18-10-23 21:00,71.35630538,65.18945582,289.5902165,47.2026911,0,0
18-10-23 22:00,45.92332738,16.49488782,139.6212381,32.59820471,0.028828222,0
18-10-23 23:00,40.37539698,39.26328586,136.6193888,43.83315361,0.024774147,0
19-10-23 0:00,32.76050498,43.32178868,145.0438711,62.48915038,0.054669047,1
19-10-23 1:00,41.98279302,63.20236176,62.16537832,32.3181112,0.016385461,0
19-10-23 2:00,30.93110036,63.95526144,132.3131582,23.72437525,0.014472751,0
19-10-23 3:00,85.73908935,73.96687868,274.830022,38.68785427,0.009025451,0
19-10-23 4:00,49.6639626,65.50873927,139.6276939,48.77702248,0.026068296,0
19-10-23 5:00,49.13410014,35.22243111,91.48787292,89.65793435,0.010173071,0
19-10-23 6:00,59.1669843,93.52783051,182.5230308,25.03612585,0.005761903,1
19-10-23 7:00,65.36128576,89.13694863,110.9710005,55.82294652,0.009836536,1
19-10-23 8:00,65.08302675,35.95244754,145.8732376,43.29185094,0.007540355,0
19-10-23 9:00,67.25699324,67.1528504,80.35681458,44.45735136,0.00694054,0
19-10-23 10:00,40.93528285,48.02788321,91.65852784,95.59310342,0.021386775,1
19-10-23 11:00,45.62072256,62.94506858,199.3685505,52.05008967,0.017000948,0
19-10-23 12:00,62.12688452,83.78370969,157.3222244,29.66487494,0.029699639,1
19-10-23 13:00,42.3673033,111.5382059,105.1100037,74.58828024,0.022420708,0
19-10-23 14:00,49.9234266,76.62345909,157.5566775,72.3748692,0.005096071,0
19-10-23 15:00,56.14046901,66.32410918,114.2650935,27.97775299,0,0
19-10-23 16:00,62.39429185,53.03697311,104.7006694,24.44587588,0.006447877,0
19-10-23 17:00,26.49493517,63.87459196,230.8820063,60.76857245,0.033970281,0
19-10-23 18:00,61.23204609,91.32867916,202.6072307,49.17903788,0.03350549,0
19-10-23 19:00,46.54876607,59.06411442,148.6731621,38.89977663,0.03866361,0
19-10-23 20:00,61.11236208,42.56942777,159.1460832,79.75476231,0.03551347,0
19-10-23 21:00,62.25759824,29.92160571,149.4755471,36.24537187,0.040939985,0
19-10-23 22:00,76.70411676,71.16883239,181.8611468,61.0722184,0.026996341,1
19-10-23 23:00,72.13364149,65.28477776,103.8663638,83.50547737,0.058598844,1
20-10-23 0:00,72.01183018,47.06172441,208.3700323,41.86675772,0.024957101,1
20-10-23 1:00,73.73923878,83.12535412,172.8479177,14.30933818,0.063979389,1
20-10-23 2:00,54.45558649,51.40952943,133.9741707,40.41069633,0.011154871,0
20-10-23 3:00,50.48381219,57.19966762,120.9414375,54.83957854,0.010844044,0
20-10-23 4:00,63.85406591,59.65046974,206.8156914,78.09321133,0.017032912,1
20-10-23 5:00,61.51715679,52.81474416,140.730482,37.78580814,0.019404543,0
20-10-23 6:00,45.45952839,65.03661487,109.2498909,101.9844892,0.015169689,1
20-10-23 7:00,56.23623312,86.17079876,126.851753,22.59025925,0.02950841,0
20-10-23 8:00,49.47478476,37.96577747,201.6253453,54.18442104,0.018394279,1
20-10-23 9:00,37.92020779,70.6169008,64.90371461,44.19252103,0.011391181,0
20-10-23 10:00,71.02220005,63.65978997,128.5448363,89.12123395,0.014134064,1
20-10-23 11:00,50.83103559,63.26450539,223.7883004,19.67372852,0.043929789,1
20-10-23 12:00,84.92782939,79.4489054,139.656233,61.1843638,0.025376436,1
20-10-23 13:00,28.25984107,61.03889128,167.4976196,44.07315647,0.001609282,0
20-10-23 14:00,41.95832101,70.43074472,225.009461,95.24333987,0.051015949,1
20-10-23 15:00,50.49064784,75.80185047,210.5481166,31.34556143,0.027499927,0
20-10-23 16:00,68.35435223,49.78990718,123.658237,60.90042434,0.031451557,1
20-10-23 17:00,56.15161637,66.41711879,141.9524179,31.15290666,0.037454664,1
20-10-23 18:00,54.75348464,54.82780188,211.4593302,54.80765658,0.03857722,1
20-10-23 19:00,34.36176677,57.24008931,214.0124605,41.17516941,0.007828492,1
20-10-23 20:00,33.98439244,53.39229599,144.5433841,40.81446201,0.006312642,0
20-10-23 21:00,54.94157916,70.22556361,146.6705996,12.16381465,0.075570635,1
20-10-23 22:00,31.39919526,61.72453768,167.1601583,60.88024145,0.010292694,0
20-10-23 23:00,42.30472769,68.51892221,246.6417981,26.45774622,0.026488591,1
21-10-23 0:00,57.76467811,59.63259567,223.5610671,25.82392971,0.054088473,1
21-10-23 1:00,36.23009689,30.17326507,196.2213797,18.37463428,0.013493997,0
21-10-23 2:00,76.6575072,60.6602127,89.56433469,26.94448678,0.014627105,1
21-10-23 3:00,69.85706534,61.34035267,133.2761125,63.26343415,0.037398432,1
21-10-23 4:00,28.89806084,65.18279386,136.4035511,61.89000422,0.023541928,0
21-10-23 5:00,36.88374749,48.06045847,250.7279133,67.91431073,0.028657208,1
21-10-23 6:00,20.93811894,37.03885772,135.4133127,27.48954694,0.01873258,0
21-10-23 7:00,38.8735788,73.70193973,237.7668899,55.50793408,0.012409326,1
21-10-23 8:00,62.08317845,54.36655313,116.2855149,35.75150235,0.015005492,0
21-10-23 9:00,43.96288489,63.64011179,120.765555,76.60276854,0.04338035,1
21-10-23 10:00,57.12429275,54.20816799,181.4816699,61.19481254,0.015532271,0
21-10-23 11:00,29.482487,59.87275678,262.7636736,34.88009077,0.027410991,0
21-10-23 12:00,62.60639333,50.86779368,137.0330267,79.26278072,0.007314916,0
21-10-23 13:00,41.98150784,41.07602338,30.77924104,63.45580336,0.065132683,1
21-10-23 14:00,50.18269334,70.28499741,66.91855565,21.09625985,0.02540704,0
21-10-23 15:00,48.61550815,47.88010891,169.1552838,16.59390467,0.025779802,0
21-10-23 16:00,32.54360783,63.48330123,70.87538825,21.7566257,0.037394436,1
21-10-23 17:00,34.0333385,68.87238105,100.3975174,99.38894392,0.01299945,1
21-10-23 18:00,65.45354317,48.19345672,150.7722859,27.70692738,0.043375074,1
21-10-23 19:00,56.1440771,36.89241261,32.91094657,107.4632114,0.002636662,1
21-10-23 20:00,66.85333861,119.776635,127.1322882,26.7345423,0.01130181,1
21-10-23 21:00,54.9752765,49.33460533,85.34013899,24.78725112,0.009106254,0
21-10-23 22:00,52.16530584,73.67473376,69.78650659,74.32176113,0.000520379,1
21-10-23 23:00,27.08895338,106.3710128,103.7244718,75.70786297,0.012379563,0
22-10-23 0:00,46.0175977,77.52399406,90.03368854,64.82245421,0.019176871,0
22-10-23 1:00,49.58998509,53.82609984,180.6649837,68.27413273,0.006125071,0
22-10-23 2:00,83.1112357,58.59731278,233.3729823,31.88724803,0.00482149,1
22-10-23 3:00,60.7762589,43.55510056,128.0201634,72.90676286,0.020662264,0
22-10-23 4:00,75.40040168,79.68170785,114.8743345,56.172712,0.018739332,0
22-10-23 5:00,59.3201169,72.37267864,125.1415821,41.26839359,0.01595995,0
22-10-23 6:00,39.83640388,49.5940087,88.10677775,52.39235622,0.004551161,0
22-10-23 7:00,51.77058132,39.74352154,79.41876556,79.89105411,0.014154387,1
22-10-23 8:00,53.59915631,34.87257939,63.39994344,60.25690576,0.010671375,0
22-10-23 9:00,36.79467964,82.1766089,77.51069598,10.0232773,0.021396182,0
22-10-23 10:00,44.38194301,62.54957024,267.9798058,74.66355814,0.011995564,1
22-10-23 11:00,46.95583515,64.58400279,109.7087725,72.35687654,0.019384442,0
22-10-23 12:00,76.66231254,43.73394552,27.93778646,40.9544531,0.004181647,0
22-10-23 13:00,23.11837325,32.47919683,115.3767564,52.95959782,0.003503994,0
22-10-23 14:00,69.54127437,81.60482241,65.77560184,52.85662453,0.029853193,0
22-10-23 15:00,36.82565679,60.8854707,153.7390395,12.26829124,0.034002932,1
22-10-23 16:00,31.30141349,80.28653995,146.991925,40.44225938,0.014179111,0
22-10-23 17:00,69.09139538,52.11882091,153.5115916,41.32083013,0.020444469,0
22-10-23 18:00,61.51414582,55.11094933,147.4645718,46.10741094,0.013411315,0
22-10-23 19:00,70.39159771,75.74245314,127.5390838,37.68335352,0.041167325,1
22-10-23 20:00,62.65165282,76.18381024,71.7242935,67.88912186,0.016874135,0
22-10-23 21:00,85.14063646,77.70304446,145.3675599,31.73584626,0.01276462,0
22-10-23 22:00,58.69302988,53.93148935,219.9120307,75.23665049,0.038261982,1
22-10-23 23:00,47.67732453,73.47199445,283.0910281,66.53096702,0.009412316,1
23-10-23 0:00,55.26149416,85.13624121,135.4653813,89.56267426,0.022579447,0
23-10-23 1:00,70.1982524,57.81625352,142.0001708,102.3631531,0.006522348,1
23-10-23 2:00,38.91679602,49.61224981,182.7792629,102.5988132,0.031957673,1
23-10-23 3:00,40.64662999,90.90215636,256.7062196,24.57662076,0.035041426,1
23-10-23 4:00,45.46105607,46.89908842,121.0253682,58.96003756,0.004363094,0
23-10-23 5:00,22.86052678,73.81336743,196.1693024,33.60099492,0.003146701,0
23-10-23 6:00,52.09024177,58.77825123,102.6359852,164.2885859,0.024866436,0
23-10-23 7:00,25.26555093,26.41416793,171.268364,66.48303488,0.062353439,1
23-10-23 8:00,50.79870498,85.61106227,216.3151958,91.4256187,0.036487752,1
23-10-23 9:00,63.7280727,13.49370874,79.31913872,61.4528774,0.016737901,0
23-10-23 10:00,43.07426425,24.23845688,118.8331167,4.950603631,0.008520672,0
23-10-23 11:00,77.96945569,71.49104719,215.1436081,32.25279669,0.00497891,0
23-10-23 12:00,30.22554939,71.48520124,190.7880049,34.27049839,0.033015777,0
23-10-23 13:00,69.28801224,47.2205851,221.1857402,40.70323467,0.037318922,1
23-10-23 14:00,60.58286589,63.13704095,207.3465769,59.37707559,0.011096536,1
23-10-23 15:00,27.20427138,16.45217615,129.3791392,63.28732161,0.016234974,0
23-10-23 16:00,98.01032022,75.59620621,316.4680081,5.025279309,0.020757916,1
23-10-23 17:00,49.04788418,65.33777946,158.6693405,44.24540354,0.05886478,0
23-10-23 18:00,37.60771788,59.04462499,27.08218288,38.56132378,0.021055185,0
23-10-23 19:00,30.87358645,60.43832268,132.8316686,90.24775865,0.00719157,1
23-10-23 20:00,46.74813752,70.72328722,121.9975264,65.85837612,0.005507187,0
23-10-23 21:00,48.10512943,59.39432095,203.4976004,45.52361408,0.007911401,1
23-10-23 22:00,51.55021903,25.91296048,123.0223269,55.74211993,0.045017607,1
23-10-23 23:00,45.62174021,113.3587899,225.932035,16.36256425,0.029000186,1
24-10-23 0:00,59.89935395,87.37970112,186.7500602,67.8459607,0.014830199,0
24-10-23 1:00,44.3358094,35.49278628,93.49543174,40.5808801,0,0
24-10-23 2:00,24.71962438,52.93079772,141.3448946,31.77111213,0.00853883,0
24-10-23 3:00,47.78188642,55.12685022,105.1378725,88.03741198,0.025858456,1
24-10-23 4:00,20.09278564,84.40171548,161.75223,57.06405997,0.026006748,1
24-10-23 5:00,55.43171312,21.64901586,104.8211887,34.69262171,0.025849238,0
24-10-23 6:00,36.26952549,49.89434032,154.6854455,35.98604457,0.003888814,0
24-10-23 7:00,52.47709193,27.67639572,133.4257931,59.54932084,0.022926011,0
24-10-23 8:00,71.43791778,54.13491335,140.6250781,57.4534105,0.007242636,0
24-10-23 9:00,36.66889366,50.41236689,303.4219124,50.73822379,0.020030267,1
24-10-23 10:00,67.04510872,61.68310213,128.2493709,24.26029008,0.009484044,0
24-10-23 11:00,43.68698302,47.84644718,51.55012025,26.95541239,0.040564385,0
24-10-23 12:00,79.37161404,45.07456298,219.6805506,32.97207198,0.025740763,0
24-10-23 13:00,44.65604723,73.58875215,219.0930945,45.2117595,0.017769824,1
24-10-23 14:00,38.09903368,69.85821851,49.81346441,48.97234323,0.04780237,1
24-10-23 15:00,60.78087344,72.0354254,109.1413353,46.07749654,0.014456372,0
24-10-23 16:00,43.65306674,56.33203856,178.3777449,47.18303171,0.003366127,0
24-10-23 17:00,38.08629457,48.48381728,184.4114382,107.6483949,0.040238583,1
24-10-23 18:00,43.06073316,57.52528675,149.7048987,73.39492929,0.024226187,1
24-10-23 19:00,49.33289176,70.9011486,151.1159926,83.9409961,0.015205831,0
24-10-23 20:00,71.93414947,21.39518108,96.62394111,62.25322295,0.010943299,0
24-10-23 21:00,24.72937923,68.50933686,34.56509849,51.82579325,0.028955236,0
24-10-23 22:00,50.3467426,66.63525156,303.2970889,60.75315327,0.035004167,1
24-10-23 23:00,59.76405842,61.31096313,95.08819291,55.79848857,0.009496117,0
25-10-23 0:00,52.93915098,56.89785989,161.2185312,72.15794157,0.030004272,0
25-10-23 1:00,71.3637243,15.98894595,140.2233964,28.47418512,0.024198108,0
25-10-23 2:00,48.89034728,51.05328781,210.9046277,69.69445242,0.008793099,0
25-10-23 3:00,47.2657876,102.3813493,157.2602841,54.26019252,0.02006178,1
25-10-23 4:00,59.2357975,60.27117687,159.7313243,14.61951474,0.012150046,0
25-10-23 5:00,51.49957046,53.68855396,30.24261314,52.16508679,0.044460728,1
25-10-23 6:00,44.29628791,60.35545884,102.083032,22.46316981,0.010880605,0
25-10-23 7:00,58.00856526,67.63902592,199.8664357,37.4837257,0.050972081,1
25-10-23 8:00,40.63786878,74.48629131,193.488307,46.0962585,0.02215439,0
25-10-23 9:00,41.20588023,55.27209577,95.9555571,19.13652141,0.001212239,0
25-10-23 10:00,42.35886736,69.19414665,66.31425883,48.66513477,0,0
25-10-23 11:00,72.12683355,99.42640373,158.0073406,51.72576556,0.016792837,1
25-10-23 12:00,12.05970103,82.6500778,28.19919463,70.58725232,0.046673695,1
25-10-23 13:00,56.09048096,117.3618122,86.12457446,39.27357522,0.044233193,0
25-10-23 14:00,50.51525177,46.85484343,278.5990693,57.08788469,0.022743989,1
25-10-23 15:00,27.61226861,99.41439656,252.8460256,47.64199205,0.009836713,1
25-10-23 16:00,54.74183236,44.33360077,181.8775565,40.06808282,0.013845635,0
25-10-23 17:00,57.36261984,67.61240261,169.7752533,16.60805312,0.023446581,0
25-10-23 18:00,59.19226289,76.18678991,50.9333225,47.2473562,0.04094361,1
25-10-23 19:00,17.25477113,49.66501898,106.9998254,70.27570901,0.030079162,1
25-10-23 20:00,72.3628612,61.8588564,132.0747096,29.27256137,0.038305278,0
25-10-23 21:00,39.47820488,80.36309228,108.1419775,44.6976929,0.031541746,1
25-10-23 22:00,60.76989147,45.84103826,128.8458139,48.25272223,0.037666673,0
25-10-23 23:00,61.66529706,99.23731435,241.3294312,81.20714183,0,1
26-10-23 0:00,37.6181415,33.7991326,117.897492,50.75541504,0.008109053,0
26-10-23 1:00,60.34310663,106.3771246,129.3887384,57.45116739,0.005984829,1
26-10-23 2:00,44.36620643,82.53182987,199.5021446,49.7838236,0.00512126,1
26-10-23 3:00,23.21994573,58.12783892,73.37223548,38.41944945,0.020089216,0
26-10-23 4:00,68.87975009,51.7871801,101.7228762,25.49924527,0.003127383,0
26-10-23 5:00,38.97502025,49.73802297,107.157746,43.11699587,0.007571824,0
26-10-23 6:00,37.91275714,57.17595224,153.4930521,60.29817724,0.01844994,0
26-10-23 7:00,44.11647407,58.98511468,129.1538637,53.12235258,0.002056943,0
26-10-23 8:00,54.15766371,88.72314057,131.0052883,93.55483428,0.012930389,1
26-10-23 9:00,49.14422374,107.1551346,111.0988108,76.33020914,0.03144585,1
26-10-23 10:00,58.52138122,64.24660686,89.95317341,85.63089923,0.004898264,0
26-10-23 11:00,31.70189127,43.31443306,190.2977634,11.58352941,0.034643055,1
26-10-23 12:00,39.41534197,48.98647851,129.5719123,96.96624635,0.00905097,1
26-10-23 13:00,48.27349924,56.20537688,190.9877932,56.88385517,0.024567768,0
26-10-23 14:00,82.07028557,39.95916312,87.93758378,60.72479666,0.005971804,1
26-10-23 15:00,48.30576522,37.3270848,111.0776479,74.80927865,0.027870361,1
26-10-23 16:00,67.45604132,110.6365853,136.4695924,50.53429599,0.015419163,0
26-10-23 17:00,50.57981403,66.49224646,142.1064101,26.67762986,0.02811117,0
26-10-23 18:00,42.97904612,43.54537042,200.5624784,92.4701574,0.012168533,1
26-10-23 19:00,46.36000658,78.14893706,124.2051989,32.5649439,0.029824607,1
26-10-23 20:00,47.50206952,37.33748076,200.017134,28.27198177,0.035702113,1
26-10-23 21:00,59.41907426,38.78561061,174.2774986,44.30716788,0.021958603,0
26-10-23 22:00,72.50872515,44.10342522,143.3902168,40.79689875,0.013017213,0
26-10-23 23:00,55.52458303,98.85090019,95.97364162,50.09521433,0.016424723,1
27-10-23 0:00,69.2153186,54.78544111,200.7418651,47.57372761,0.00456686,0
27-10-23 1:00,36.45897317,17.66705279,97.25251491,89.12252002,0.023370223,1
27-10-23 2:00,43.95246083,87.60777394,148.6726934,62.11599673,0.031131662,1
27-10-23 3:00,39.66007615,53.70679566,146.6461797,30.76252249,0.052419901,0
27-10-23 4:00,54.81554426,26.29289683,137.313884,33.5447727,0.046067999,1
27-10-23 5:00,44.74447534,53.5000794,126.5769364,40.74735509,0.00722834,0
27-10-23 6:00,61.4791626,71.34824942,102.6750671,40.83780612,0.023528688,0
27-10-23 7:00,36.90173851,68.72991609,64.62837332,37.92628116,0.017925275,0
27-10-23 8:00,50.64731626,102.6181592,249.5618022,26.09795597,0.043938484,1
27-10-23 9:00,60.77464246,43.18269443,120.7180353,57.51305364,0.010162015,0
27-10-23 10:00,23.28593393,60.98439668,142.0914703,39.23261382,0.036362374,1
27-10-23 11:00,86.32578901,46.04314091,141.7188904,28.92274158,0.007130181,1
27-10-23 12:00,45.83289672,31.18148761,225.6773643,62.84393837,0.018337996,0
27-10-23 13:00,23.72518795,79.77231291,293.2480782,73.35195639,0.0081949,1
27-10-23 14:00,52.39640216,70.05058899,160.1437709,44.04008531,0.000143503,0
27-10-23 15:00,50.50277049,66.07795764,140.3352322,104.0582401,0.007983236,1
27-10-23 16:00,48.778291,69.23581886,87.35687093,120.1136134,0.016078739,1
27-10-23 17:00,65.85032652,46.30987964,72.27940758,63.16295331,0.048920586,0
27-10-23 18:00,61.77034856,40.39753708,58.0084892,38.93908249,0.006149374,0
27-10-23 19:00,54.55687309,60.7927208,104.0599052,56.9408469,0.011409047,0
27-10-23 20:00,56.9549746,86.40805733,45.55161787,23.88670583,0.003178231,0
27-10-23 21:00,48.44551394,97.64848795,224.4101165,30.48384826,0.042488475,1
27-10-23 22:00,79.78473049,77.65315663,177.5175778,16.42709975,0.013268683,0
27-10-23 23:00,30.00008059,60.61393968,134.6524055,35.47328014,0.014929609,0
28-10-23 0:00,52.1142777,65.77463757,226.7208957,23.74431225,0.014799005,1
28-10-23 1:00,50.97959767,60.24367267,89.93699722,66.76975871,0.000205045,0
28-10-23 2:00,62.86063111,40.03402947,102.7853976,32.95475235,0.002987106,0
28-10-23 3:00,38.05428121,60.51850618,51.57525869,57.1450903,0.007489153,0
28-10-23 4:00,26.88530511,34.64128078,201.9948478,70.37575315,0.030994697,1
28-10-23 5:00,52.3769387,57.41747099,103.2935876,83.39968942,0,0
28-10-23 6:00,54.29754797,98.37346722,150.9824539,41.53911319,0.029539947,0
28-10-23 7:00,74.56289754,78.29568963,218.6919817,58.05542444,0.025842725,1
28-10-23 8:00,32.55838903,41.89272067,246.953563,58.91445935,0.000843239,1
28-10-23 9:00,68.6537242,58.48685849,148.1834501,86.65693399,0.01522986,1
28-10-23 10:00,91.11586623,43.5223732,174.9006702,71.43084177,0.042685481,0
28-10-23 11:00,44.476233,58.69307283,98.41103123,87.6797492,0.006309707,1
28-10-23 12:00,32.30239852,83.48912238,272.2133088,16.69690698,0.012082408,1
28-10-23 13:00,44.06101264,74.35279576,139.781226,34.71699267,0.087047186,1
28-10-23 14:00,50.21027065,121.4234834,155.0564835,78.98935879,0.025532994,1
28-10-23 15:00,58.77467489,87.17502899,125.5648595,65.52918979,0.016071779,0
28-10-23 16:00,41.47882678,64.34643224,233.5822514,46.92077052,0.013049817,1
28-10-23 17:00,75.74662049,74.90794759,162.7136466,38.82292279,0.026386474,1
28-10-23 18:00,34.52419756,55.8101682,201.0325397,71.58318355,0.032365831,0
28-10-23 19:00,26.93675728,38.22930955,172.8741019,12.26674936,0,0
28-10-23 20:00,67.82546433,89.97888685,136.5158953,71.68748026,0,1
28-10-23 21:00,21.05458537,82.71591672,213.2752559,52.29187974,0.00701954,0
28-10-23 22:00,46.97972243,55.0250222,172.2977218,38.49590428,0.017609509,0
28-10-23 23:00,106.4851526,65.86521166,95.47969323,63.31836313,0.02122624,0
29-10-23 0:00,49.81949175,88.36961804,94.04552348,40.79587462,0.001449976,1
29-10-23 1:00,34.44460537,78.84784606,159.4345669,50.72799463,0.016849271,0
29-10-23 2:00,49.14233251,32.48587163,211.656998,48.850271,0.01886606,0
29-10-23 3:00,49.24056889,65.20504652,268.5899827,70.27622252,0.008569163,1
29-10-23 4:00,52.43555751,56.52188846,57.87508494,54.05556209,0.012305194,0
29-10-23 5:00,60.37253699,85.23117052,151.6076911,13.20622225,0.009959397,1
29-10-23 6:00,35.49308449,83.24647121,182.0415079,21.0114304,0.028075529,1
29-10-23 7:00,78.16103927,90.2988543,169.0038424,26.42209399,0.020110054,1
29-10-23 8:00,53.73679528,38.39875052,219.1953913,62.03891577,0.005637897,1
29-10-23 9:00,61.43014028,44.45590413,193.5492223,64.8515644,0.038017091,1
29-10-23 10:00,40.97233067,85.25750067,94.2335022,100.129209,0.003731785,1
29-10-23 11:00,70.95051106,48.10050503,92.75433249,27.7264469,0.00139563,0
29-10-23 12:00,46.21028981,31.52204487,170.1141967,87.87375426,0.016257885,1
29-10-23 13:00,54.2403231,71.61001477,217.793195,12.81915454,0.016184316,1
29-10-23 14:00,36.87409579,48.95758479,159.0870086,50.44489497,0.021180486,0
29-10-23 15:00,36.03989827,102.3906327,66.31841978,56.31045912,0.005285422,0
29-10-23 16:00,60.79670614,66.35146357,91.13119438,56.21485397,0.036682066,0
29-10-23 17:00,43.54268457,63.40396958,196.0889061,42.54766021,0.056256783,1
29-10-23 18:00,37.92166755,52.45038985,128.9390022,52.98908791,0.019655032,0
29-10-23 19:00,40.76593468,97.2036776,157.455815,23.6968129,0.025355754,0
29-10-23 20:00,60.97283147,67.72248561,223.399321,73.87455036,0,1
29-10-23 21:00,40.96012071,51.6718179,83.53377409,56.43194662,0.013609149,0
29-10-23 22:00,48.24901871,44.27009556,125.1394159,59.44947447,0.010317289,0
29-10-23 23:00,50.22564209,58.46516329,118.960825,43.25813902,0.008479356,0
30-10-23 0:00,24.91599346,40.90310643,172.9705243,42.12322128,0.010776909,0
30-10-23 1:00,30.09731682,83.19430946,201.889648,63.94429989,0.012009697,1
30-10-23 2:00,55.15725116,26.92996834,70.63043441,97.33339678,0.003071562,0
30-10-23 3:00,39.48777186,57.09940165,149.6541615,20.98584559,0.012916003,0
30-10-23 4:00,66.96754121,73.37119886,208.8674675,20.15426164,0.006588398,0
30-10-23 5:00,65.43682254,67.36007637,54.71724347,56.86772861,0.034477742,1
30-10-23 6:00,61.30473357,45.70879986,146.0003507,42.02606853,0.025612628,0
30-10-23 7:00,80.60814617,74.51934518,82.88226329,53.14885102,0.025637275,1
30-10-23 8:00,48.76056392,42.57077154,112.3717171,49.40696493,0.038490917,1
30-10-23 9:00,60.15427664,59.53067382,31.21224058,66.71092116,0.008827746,0
30-10-23 10:00,41.57550985,74.32601916,248.6841324,43.09158277,0.024534983,1
30-10-23 11:00,92.79966688,70.04260073,128.5203657,24.17403244,0.040559628,1
30-10-23 12:00,83.68930725,46.50769726,103.4598607,32.12525881,0.008070737,0
30-10-23 13:00,50.17834766,87.29837452,171.1632459,46.06594283,0,0
30-10-23 14:00,55.94824236,61.83185992,91.37407418,23.35059091,0.010380088,0
30-10-23 15:00,72.23715395,76.4309669,86.68216766,49.08272696,0.03804913,1
30-10-23 16:00,47.81455746,95.61834597,258.0821383,51.52993978,0.00747591,1
30-10-23 17:00,40.58179411,85.34120979,282.669011,41.43898025,0.013207365,1
30-10-23 18:00,63.87370435,85.40475236,115.0992568,55.36187505,0.009348652,1
30-10-23 19:00,51.18274141,64.10196686,223.5451458,17.46072149,0.017063045,1
30-10-23 20:00,52.77840371,77.618137,173.0131165,28.89607269,0.006522034,0
30-10-23 21:00,38.18193853,64.55396331,73.6290578,25.34981008,0.002868985,0
30-10-23 22:00,27.18531538,36.79788468,97.16032951,74.31886209,0.013529488,0
30-10-23 23:00,53.59789939,66.49510035,261.379201,123.6092773,0.015892822,1
31-10-23 0:00,64.39338692,65.48216209,73.03977484,30.3070399,0.041603294,0
31-10-23 1:00,46.66388745,72.76942654,323.7802065,44.28496081,0.021073367,1
31-10-23 2:00,73.60977256,57.33663836,116.2485924,34.10680128,0.005371307,0
31-10-23 3:00,39.93675331,44.87915516,263.7947863,55.67745284,0.009899165,1
31-10-23 4:00,35.29183466,74.4331281,131.4624782,35.90026702,0.032943101,0
31-10-23 5:00,48.99606531,35.00830812,203.833049,57.30939029,0.0137578,0
31-10-23 6:00,48.7679329,93.82743176,248.866276,67.95244662,0.006094938,1
31-10-23 7:00,62.14238282,55.22055219,248.4639433,23.89761899,0.021337598,1
31-10-23 8:00,38.97612502,65.24651774,115.5260528,57.00901796,0.009233559,0
31-10-23 9:00,72.39309539,72.19770203,100.8239299,14.80451046,0.028336185,0
31-10-23 10:00,83.37251678,72.92781749,144.9638217,43.78407991,0.026202692,1
31-10-23 11:00,49.41437185,33.38918484,78.86750715,42.22229642,0.00559136,0
31-10-23 12:00,70.30743244,78.32449623,165.2974951,44.4290851,0.058117835,1
31-10-23 13:00,35.26873,66.50408376,102.7424521,42.49063378,0.018078168,0
31-10-23 14:00,67.28442448,47.26484646,224.7029236,38.36168055,0,1
31-10-23 15:00,66.805934,45.09999484,116.318143,43.56736604,0.026523342,0
31-10-23 16:00,63.69708314,53.15227247,59.32161231,56.12357098,0,0
31-10-23 17:00,49.76679588,35.25651953,249.3325468,56.86910889,0.03988102,1
31-10-23 18:00,14.41385269,100.6169227,161.6622432,52.91979628,0.020922767,1
31-10-23 19:00,40.78590657,94.52214647,151.8260237,36.64710642,0.017725197,1
31-10-23 20:00,41.0030306,69.79175383,225.5858737,80.50979803,0.018667101,0
31-10-23 21:00,36.28315865,55.38349354,209.031405,95.11400149,0.028783152,1
31-10-23 22:00,51.84858842,55.91900959,105.8666784,22.76967647,0.011915719,0
31-10-23 23:00,43.89107869,76.78137525,123.1024706,54.18768197,0.018508748,0
01-11-23 0:00,38.31080482,101.549298,87.8723132,38.95392229,0.020537312,0
01-11-23 1:00,35.23905553,48.50969713,71.33946549,75.71014659,0,1
01-11-23 2:00,39.77926405,38.40419095,188.1706494,49.68562081,0.028927018,0
01-11-23 3:00,68.08024866,96.09324419,175.4343706,51.33793238,0.032229112,1
01-11-23 4:00,40.5215783,27.26088616,201.0249923,63.10917502,0.026283905,1
01-11-23 5:00,42.54108127,40.34655461,239.9554151,42.82711433,0.025011596,1
01-11-23 6:00,43.35810849,54.90739249,202.0035419,100.3788552,0.051036698,1
01-11-23 7:00,55.19981931,30.88332609,208.4395909,63.52299698,0.017985102,1
01-11-23 8:00,57.05190592,85.21044363,46.03495931,75.89386495,0.018512764,1
01-11-23 9:00,13.60008535,79.09644064,131.378862,44.63204441,0.009835772,0
01-11-23 10:00,66.36826672,48.42492311,215.8684778,46.973889,5.05E-06,0
01-11-23 11:00,73.60867364,89.32801494,85.1752239,72.26682623,0.026384259,0
01-11-23 12:00,35.3500937,93.58581381,155.7798833,69.29689736,0.011120609,1
01-11-23 13:00,36.36089021,57.64262778,184.0855874,23.460806,0,0
01-11-23 14:00,43.4489273,50.84062098,178.8550587,53.23968515,0.01751397,0
01-11-23 15:00,39.23148179,115.1103446,173.8658335,62.51951584,0.017095946,1
01-11-23 16:00,53.40904635,75.92450982,189.5842236,46.79341913,0.015255309,0
01-11-23 17:00,24.5910814,65.4813712,161.4925036,59.90394744,0.020818404,0
01-11-23 18:00,34.48084802,91.4233512,71.40794068,47.82337277,0.001792153,1
01-11-23 19:00,75.45708602,66.4772865,183.2267445,8.974895814,0.036983149,1
01-11-23 20:00,36.9382928,49.76544596,168.2831437,22.3830231,0.025940937,0
01-11-23 21:00,70.19753805,61.69299335,72.00134525,77.2263948,0.042545628,1
01-11-23 22:00,55.45633817,83.42994413,247.6554662,44.06965886,0.010993642,1
01-11-23 23:00,26.13443394,24.1173081,185.0747524,54.8502229,0.025880459,0
02-11-23 0:00,59.93358111,54.07579703,75.16039886,49.90862004,0.000191842,0
02-11-23 1:00,48.24883606,91.91347702,102.9305691,31.41089438,0.007835817,0
02-11-23 2:00,43.3754444,49.64377747,116.6556756,38.9775251,0.003055489,0
02-11-23 3:00,53.73436038,96.05395729,116.6160315,58.5483602,0.022889808,1
02-11-23 4:00,57.34477923,92.71187032,168.8309073,61.3321764,0.005213301,0
02-11-23 5:00,61.11456352,58.63032967,94.69759201,119.0776448,0.012460849,0
02-11-23 6:00,69.06207249,48.54553001,228.1447018,38.7411583,0.018600442,1
02-11-23 7:00,56.28861361,54.08932633,221.9249449,100.1390846,0.012848339,1
02-11-23 8:00,31.25785781,126.6071599,191.0086554,30.71056924,0.003471225,1
02-11-23 9:00,43.11965815,104.6331139,152.776855,62.93119529,0.052288885,1
02-11-23 10:00,102.8072585,62.65679475,213.8633168,54.54173149,0.020489087,0
02-11-23 11:00,61.3922532,47.78355153,133.2101502,46.90088763,0.052517258,1
02-11-23 12:00,91.15283183,62.47840965,107.8687508,49.85863476,0.005872888,1
02-11-23 13:00,72.87874751,65.20954281,232.8800187,35.59757349,0.013265581,1
02-11-23 14:00,53.68549932,36.20837794,170.4514227,75.04874422,0.020033313,1
02-11-23 15:00,54.61195227,61.69047656,110.0540066,31.06462431,0.049445544,1
02-11-23 16:00,49.4526375,90.39362062,124.9381542,58.24061614,0.052337744,0
02-11-23 17:00,26.95289565,27.07003639,107.2272081,70.6104238,0.012503212,0
02-11-23 18:00,50.27103449,78.38312485,300.9210756,90.35313195,0.008957582,1
02-11-23 19:00,69.62585116,91.70586156,150.2562531,77.12724442,0.018578661,1
02-11-23 20:00,41.3649682,48.69963256,160.0100577,65.29376257,0.041578797,1
02-11-23 21:00,56.34900026,99.88303817,198.197132,35.27680709,0.020821749,0
02-11-23 22:00,63.499073,46.21776958,82.9025525,32.20794896,0.023896015,0
02-11-23 23:00,37.18231191,69.55456677,225.7486996,25.4246135,0.041368603,1
03-11-23 0:00,43.43413131,53.69893784,114.2264783,23.71359525,0.037795157,1
03-11-23 1:00,35.76747145,53.69444664,284.4697755,49.96490496,0.038637286,1
03-11-23 2:00,38.34347218,47.60830675,131.0453623,33.40198762,0.031113486,1
03-11-23 3:00,32.34384811,75.40209665,221.3126817,84.29506723,0.047118043,0
03-11-23 4:00,37.30408051,78.90562067,31.35412271,36.53154978,0.004988248,0
03-11-23 5:00,73.30668964,58.65335914,84.83980922,52.38304842,0.07116575,1
03-11-23 6:00,37.10594275,34.21493783,132.1667835,43.59401476,0.040338831,1
03-11-23 7:00,51.91288022,68.71039277,47.82054013,20.81601118,0.017512163,0
03-11-23 8:00,42.70984568,69.12944573,189.7216508,80.79666477,0.041449836,1
03-11-23 9:00,69.07271395,55.51943286,170.1475396,68.83813811,0.014803015,0
03-11-23 10:00,71.38658102,104.4416861,93.96370847,72.23389039,0.028273586,1
03-11-23 11:00,63.70766667,30.82629756,149.0041137,65.93555109,0.030522901,1
03-11-23 12:00,54.68573666,20.81156266,204.30726,32.74332668,0.036024343,0
03-11-23 13:00,46.58749546,45.45364658,45.09630882,33.14179328,0.013279108,0
03-11-23 14:00,33.54244475,75.67596974,80.13758213,61.91256951,0.036475234,1
03-11-23 15:00,82.93023773,39.49947446,129.7306863,95.71479151,0.013515402,1
03-11-23 16:00,39.18200783,40.84306663,151.4861035,60.09641157,0.033298549,0
03-11-23 17:00,60.39512168,81.32811043,146.3573979,77.33385803,0.019714897,1
03-11-23 18:00,67.01616279,70.03443225,210.3259954,37.68281682,0.000797131,1
03-11-23 19:00,41.97912898,68.1315415,181.1920863,81.06210261,0.009840293,1
03-11-23 20:00,66.64765792,77.32595404,196.4514781,40.04115139,0.035727897,1
03-11-23 21:00,62.04721987,51.34213155,74.72329402,56.17701121,0.015418204,0
03-11-23 22:00,78.90531655,52.25677784,159.1773346,41.24819446,0.043834861,1
03-11-23 23:00,43.18008911,77.98897843,131.3696123,74.60070045,0.005003555,0
04-11-23 0:00,32.36548601,34.47045828,254.2054177,75.01398736,0.032592026,0
04-11-23 1:00,42.67317356,21.88975574,161.0822104,19.62312007,0.019246261,0
04-11-23 2:00,53.17642294,51.18263512,110.8699281,88.4016889,0.016234145,1
04-11-23 3:00,50.87657963,80.84812669,207.6418803,126.3521918,0.005312322,1
04-11-23 4:00,44.25322493,65.46471982,187.1099387,41.49546687,0.023492651,0
04-11-23 5:00,25.00707305,79.10554467,102.7000713,46.87819662,0.006911269,0
04-11-23 6:00,57.27859919,23.7559836,128.948064,85.5943035,0.011036746,0
04-11-23 7:00,83.47530993,66.77474033,129.9437368,51.68256006,0.017808676,1
04-11-23 8:00,57.17929778,74.37246278,235.7562827,49.90068963,0.014549661,1
04-11-23 9:00,59.50807887,34.37023464,162.9504607,108.2196895,0.039613693,1
04-11-23 10:00,58.91437322,79.21792434,198.5931815,21.64493337,0,1
04-11-23 11:00,56.11334611,57.67675787,120.6304194,32.14331021,0.017241445,0
04-11-23 12:00,64.84299098,130.713367,171.5975656,60.969303,0.014590367,1
04-11-23 13:00,56.08692557,21.3885779,241.6525543,17.38015923,0.019864041,1
04-11-23 14:00,45.40760947,91.56311295,128.2149608,41.09217797,0.012180309,1
04-11-23 15:00,38.69376469,51.95572088,157.276739,40.88401095,0.039527096,1
04-11-23 16:00,46.32738305,29.9625835,75.94498267,76.81937215,0.016075842,0
04-11-23 17:00,54.81061979,49.35046457,105.6690945,68.76146184,0.022180164,0
04-11-23 18:00,45.35866402,65.94255616,129.7684315,16.41908069,0.036664454,1
04-11-23 19:00,54.81388905,83.4013057,90.44982343,34.11317636,0.020840153,0
04-11-23 20:00,56.78010485,100.6089916,243.1090413,34.17712592,0.004525326,1
04-11-23 21:00,63.19187943,92.8924248,101.8380958,44.72631841,0.013720573,1
04-11-23 22:00,70.88748746,41.12492123,202.8892242,26.17514976,0.018060341,1
04-11-23 23:00,51.17619643,85.64936689,161.8867115,61.90315614,0.001788506,1
05-11-23 0:00,32.09363107,68.44663998,151.9339578,34.09101033,0.010131069,0
05-11-23 1:00,44.94253539,46.89609423,256.1373221,65.75497575,0.018921714,1
05-11-23 2:00,50.66288002,55.61723669,39.37436366,49.92866834,0.064342157,1
05-11-23 3:00,25.83351558,45.84911905,137.9681721,28.5137472,0.026350781,0
05-11-23 4:00,72.75835695,60.78100294,89.47955899,90.48887418,0.02259847,0
05-11-23 5:00,52.15594016,45.47578541,50.49424456,91.47301229,0.055624716,1
05-11-23 6:00,55.8657225,39.99728218,83.89357013,57.51153409,0.030442266,1
05-11-23 7:00,72.34755946,70.40583439,151.0791287,44.19150352,0.033256182,1
05-11-23 8:00,40.94493753,73.79629467,107.8225752,26.93994319,0.01398636,0
05-11-23 9:00,58.9401531,56.11325195,210.8618449,80.2196858,0.004556685,0
05-11-23 10:00,48.36410828,91.52638252,136.9090148,72.59619579,0.024391739,1
05-11-23 11:00,47.27258497,54.63269382,130.3365828,31.63786957,0.059116414,0
05-11-23 12:00,39.01339527,53.77924319,130.5979199,34.24481685,0.05107631,1
05-11-23 13:00,77.75828227,74.52463717,143.9023065,62.04934054,0.031823716,0
05-11-23 14:00,44.50849968,57.24536752,124.8958373,24.75891033,0.010428605,0
05-11-23 15:00,60.98121394,61.79153829,101.144441,35.53228991,0.002403253,0
05-11-23 16:00,25.39054189,16.59970724,217.6949757,27.23418909,0.008872315,1
05-11-23 17:00,69.09220088,60.35127378,113.3310271,27.84186218,0.023625581,0
05-11-23 18:00,66.89031566,26.6368528,126.9121425,33.55386627,0.013129376,0
05-11-23 19:00,51.47100506,36.59611845,177.9441498,75.11263445,0.039045238,1
05-11-23 20:00,46.64736589,34.63285611,170.5309038,15.37163805,0.002826034,0
05-11-23 21:00,56.16000009,39.73622322,98.94951053,61.40083286,0.017989599,0
05-11-23 22:00,89.5704226,48.92592979,200.6063579,56.6482938,0.009496417,1
05-11-23 23:00,26.66045317,50.13866767,185.3389326,77.02166304,0.038808554,1
06-11-23 0:00,62.34197765,74.61167161,161.3134774,56.62444722,0.029565056,0
06-11-23 1:00,37.15678657,64.74432861,124.1589022,40.95957459,0.008775622,0
06-11-23 2:00,49.7016208,25.49856297,125.571911,31.61144671,0.035856378,0
06-11-23 3:00,46.34324277,61.75959438,137.6320135,77.7030377,0.001935868,1
06-11-23 4:00,43.75868266,66.83528978,82.11496327,63.1645743,0.000990773,0
06-11-23 5:00,49.84313258,53.26203709,147.554974,38.40115686,0.008187856,0
06-11-23 6:00,34.27377701,58.72695514,210.5314538,75.20115467,6.93E-05,1
06-11-23 7:00,66.49691891,64.05083955,209.3813581,39.44946677,0.018236997,1
06-11-23 8:00,26.30679827,76.93351037,127.0670527,49.97645602,0.018726971,0
06-11-23 9:00,58.38781342,30.64789073,223.2988438,35.98410895,0.014005241,0
06-11-23 10:00,45.20858787,54.95887841,290.9138677,64.20100915,0.029493941,0
06-11-23 11:00,33.8071917,95.08767474,130.8369523,28.11046557,0.009995619,1
06-11-23 12:00,53.07670959,92.76028137,196.0888247,42.80274841,0.004289402,1
06-11-23 13:00,29.06983039,78.95581597,39.2962309,34.92147738,0.009151027,0
06-11-23 14:00,50.59728451,71.70558948,80.86342863,56.80143104,0.004941937,0
06-11-23 15:00,30.68142508,98.85405394,155.7448826,60.16496654,0.011334636,1
06-11-23 16:00,57.1318532,105.7920195,93.16025235,26.05349088,0.030601987,0
06-11-23 17:00,36.98907648,57.31431272,302.4001977,60.65634414,0.001152323,1
06-11-23 18:00,43.43848535,41.05161758,189.5122412,19.62405126,0.014911142,0
06-11-23 19:00,54.49564706,54.43344824,215.9614625,119.2135684,0.03807299,1
06-11-23 20:00,39.00868964,130.9669551,148.1909048,37.99798737,0.040593058,1
06-11-23 21:00,49.13389983,30.7378358,93.33805675,79.53436045,0.010483066,1
06-11-23 22:00,29.58422527,50.45078869,119.189342,55.15056357,0.070106662,1
06-11-23 23:00,59.86113808,33.32703024,166.2870365,56.22028272,0.006491904,0
07-11-23 0:00,79.58862782,62.64339015,112.5719072,24.92733706,0.016501073,1
07-11-23 1:00,99.67956338,36.91318696,194.6524916,73.22019893,0.005384117,1
07-11-23 2:00,51.37583383,57.7339687,197.5001031,51.22327793,0.027492064,1
07-11-23 3:00,62.44432788,24.75230834,150.3114804,62.4165862,0.088360044,0
07-11-23 4:00,26.46124269,73.5422169,55.89546789,47.75682919,0.059697999,1
07-11-23 5:00,74.79922535,87.91044227,274.8169826,53.30181017,0.035691448,1
07-11-23 6:00,62.24595826,52.15830299,136.9793249,30.18193046,0.011387287,0
07-11-23 7:00,42.9751899,57.18966003,363.3708703,46.24785012,0.017397677,0
07-11-23 8:00,70.08832834,56.60850104,193.338298,40.03169063,0.041593421,0
07-11-23 9:00,46.24761692,63.84821719,137.1422945,33.8542122,0.033677379,0
07-11-23 10:00,43.33940932,59.20062405,179.1921339,53.41743502,0.021347304,0
07-11-23 11:00,57.35596717,77.01546148,48.25973918,59.48082413,0.022331016,0
07-11-23 12:00,35.18040529,88.17440006,220.4517096,56.45796005,0.040234726,0
07-11-23 13:00,66.36808863,43.89857226,349.9689512,47.47485194,0.045950485,0
07-11-23 14:00,35.2752673,53.64762783,45.61228693,60.78475834,0.002744836,0
07-11-23 15:00,35.35179321,80.15338487,132.5325605,56.23003582,0.023787103,0
07-11-23 16:00,37.18218869,33.17666431,143.482944,52.46671478,0.030253625,1
07-11-23 17:00,61.96934087,24.44046664,209.2979402,54.23659398,0.012335071,0
07-11-23 18:00,41.12878142,64.82946338,308.2342809,83.77356297,0.045372014,1
07-11-23 19:00,31.59715587,70.79281427,174.809725,24.22976783,0.015633401,0
07-11-23 20:00,41.28164826,45.6142724,311.3856223,42.33960631,0.046031742,0
07-11-23 21:00,49.52039115,48.35058343,160.8263132,58.79745141,0.014513551,0
07-11-23 22:00,33.68010875,44.90279979,179.4366895,17.94676125,0.02435182,0
07-11-23 23:00,34.05115274,42.92190903,171.1611544,90.29923164,0.023965068,0
08-11-23 0:00,86.12701722,75.28481691,235.2035258,56.56524334,0.05489501,1
08-11-23 1:00,37.83209176,37.29989679,124.6750643,76.66952707,0.033503182,1
08-11-23 2:00,45.25872084,54.52977349,205.1604817,81.75564696,0.013305993,1
08-11-23 3:00,44.626308,42.21739085,82.16437382,60.82167548,0.015866294,0
08-11-23 4:00,43.85718944,32.61573051,132.704149,9.138581325,0.015810101,0
08-11-23 5:00,59.70627287,79.40955675,112.6361782,53.75779629,0.020296985,0
08-11-23 6:00,65.12111931,49.48899773,155.5440208,55.43186103,0.007563713,0
08-11-23 7:00,45.50429164,64.01050618,130.8444541,26.37216914,0.018718539,0
08-11-23 8:00,32.98170425,31.74184581,228.448716,14.86695683,0.047504081,1
08-11-23 9:00,70.74080131,45.2449827,99.71558978,62.18114821,0.04643455,0
08-11-23 10:00,48.57897356,76.73534882,59.77748323,23.45167107,0.002308662,0
08-11-23 11:00,78.94884081,124.373661,76.22307747,114.283753,0.001337082,1
08-11-23 12:00,21.35886756,24.35760755,218.0657235,56.78615573,0.01156531,1
08-11-23 13:00,52.96923074,55.83740282,95.04291469,89.26754471,0.001029966,1
08-11-23 14:00,82.46014527,68.9128555,175.814957,50.78199846,0.004574244,0
08-11-23 15:00,44.82583352,47.63126588,132.0971791,70.48290253,0.025989386,0
08-11-23 16:00,46.66844593,78.92249314,205.591523,51.34010942,0.019398177,1
08-11-23 17:00,54.52000253,42.9254522,135.8966603,78.17285401,0.001349873,1
08-11-23 18:00,41.93031548,63.26630452,368.6215186,11.50609328,0.042827459,1
08-11-23 19:00,45.41630991,49.44532862,290.2494027,74.57011588,0.013782777,1
08-11-23 20:00,45.04689262,87.83857099,130.8955085,68.06084053,0.012513391,1
08-11-23 21:00,40.98234576,46.48254885,122.9681423,46.21749675,0.03936505,1
08-11-23 22:00,69.94293667,52.79637303,404.6391871,40.27314814,0.027080534,1
08-11-23 23:00,57.12876344,81.20096142,89.5553313,42.79083021,0.019326667,1
09-11-23 0:00,53.82223799,39.99648339,146.5791938,57.30904568,0.012820444,0
09-11-23 1:00,62.78235218,61.45084105,151.4060812,84.77265885,0.030087336,1
09-11-23 2:00,46.10454651,26.70922593,149.8539142,37.50134413,0.013636979,0
09-11-23 3:00,38.98633428,38.92879618,59.46922815,16.14385642,0.016502572,0
09-11-23 4:00,41.32379148,68.24379326,182.5173343,130.6339526,0.005328495,1
09-11-23 5:00,50.0267488,40.66757463,95.00259509,68.1424013,0.042197298,0
09-11-23 6:00,35.23375382,49.00880795,252.1217088,40.67884923,0.052073193,0
09-11-23 7:00,42.74634584,70.71951574,71.72119008,83.96123754,0.023524988,1
09-11-23 8:00,42.52462676,48.34027592,153.7378376,75.95770045,0.012930648,1
09-11-23 9:00,86.38208262,78.29528715,40.9596039,63.03408515,0.037592395,1
09-11-23 10:00,16.08682522,64.59868419,43.19923328,38.75644265,0.030457945,1
09-11-23 11:00,47.33796742,69.43407501,101.7675729,68.01902101,0.013490481,0
09-11-23 12:00,78.86342596,88.370271,109.2868538,80.80038588,0.042393687,1
09-11-23 13:00,51.84251304,66.8697145,254.4980243,15.87413231,0.013749181,0
09-11-23 14:00,61.86889999,95.86786957,147.4728964,55.76356854,0.004384333,0
09-11-23 15:00,51.50736002,80.38210637,240.7973249,57.72111882,0.018960315,1
09-11-23 16:00,40.43533312,49.41850264,127.128765,56.8643069,0.04087691,0
09-11-23 17:00,21.39744804,89.66445749,190.0843594,51.16098919,0.021675978,1
09-11-23 18:00,53.12404734,65.64562435,107.8156793,83.8721349,0.005363061,1
09-11-23 19:00,38.96746654,51.94538423,104.1855302,44.85104121,0.014037537,0
09-11-23 20:00,38.63550567,65.96234749,56.08983769,49.93038704,0.043434549,1
09-11-23 21:00,42.76417944,85.21476976,171.6610091,58.19056673,0.024606132,1
09-11-23 22:00,79.21746243,69.86654604,166.7923397,45.64338809,0.019698994,0
09-11-23 23:00,91.85580674,103.2519229,202.2073474,21.11296703,0.017964413,1
10-11-23 0:00,53.30529835,84.5879647,163.7095322,55.49080612,0.040776439,0
10-11-23 1:00,43.24450021,71.39690533,301.2700694,55.78890117,0.039323335,1
10-11-23 2:00,33.72746578,40.03179383,161.1876417,41.27090957,0.003471048,0
10-11-23 3:00,57.24763231,56.27407287,217.891491,46.7446488,0.037689245,1
10-11-23 4:00,79.92233638,61.51265056,130.3734625,0.837968232,0.029062842,1
10-11-23 5:00,46.35107146,75.3572047,98.17252968,84.59088677,0.053100585,1
10-11-23 6:00,19.97468155,73.99328397,197.9464663,74.96132053,0.018908234,0
10-11-23 7:00,60.49971164,63.60346454,144.4759349,21.92359729,0.042029983,1
10-11-23 8:00,65.75200826,62.54907438,206.1564642,34.48208687,0.028162622,0
10-11-23 9:00,28.72722179,75.908182,172.8059191,92.50767643,0.005899942,1
10-11-23 10:00,52.67840942,43.07544472,104.2098879,25.12977333,0.039454421,1
10-11-23 11:00,56.97199516,99.91799304,224.0713286,62.64823538,0.034916229,1
10-11-23 12:00,48.90873515,23.2958338,100.1044595,38.42582311,0.01086839,0
10-11-23 13:00,38.76375486,93.74092427,191.4290891,60.75819819,0.024883642,1
10-11-23 14:00,66.2711868,59.0541665,239.9558567,51.26099209,0.067051947,1
10-11-23 15:00,44.11201903,82.56192553,126.8503017,43.15986508,0.012971358,1
10-11-23 16:00,29.9279855,67.83921891,230.2675924,60.16589457,0.03320066,1
10-11-23 17:00,23.45822838,67.44633235,175.799647,38.40310694,0.006078207,0
10-11-23 18:00,70.50248431,72.10014103,207.6013354,14.94463901,0.011850815,1
10-11-23 19:00,59.63023411,77.97199333,101.9037298,29.3889491,0.034940053,1
10-11-23 20:00,51.32734255,53.25674721,163.669312,27.09755747,0.024304555,0
10-11-23 21:00,43.5897222,83.3369956,73.89107598,17.61661587,0.016901688,0
10-11-23 22:00,42.34486311,38.9902317,274.5275789,59.64437089,0.055935429,1
10-11-23 23:00,35.02115961,59.88810058,48.46224034,45.77037772,0.007800214,0
11-11-23 0:00,43.7143193,78.60363698,128.5831044,59.22434948,0.017728262,0
11-11-23 1:00,22.69346157,82.38045915,96.97669829,63.83232981,0.028593881,1
11-11-23 2:00,39.5008349,69.99505536,194.9000999,70.62845622,0.008334455,1
11-11-23 3:00,45.43261939,51.97089522,292.4560296,60.66979944,0.02892563,0
11-11-23 4:00,59.52015438,80.03699061,193.5056764,28.38868409,0.040659589,1
11-11-23 5:00,49.40269717,46.61538572,387.6954379,65.49568763,0.018205768,0
11-11-23 6:00,62.55574947,101.3807412,75.27105375,55.69271051,0.01044459,0
11-11-23 7:00,72.05719211,58.23266489,78.8344726,119.1422963,0.015293814,1
11-11-23 8:00,66.99227535,31.22353134,98.96627871,50.1981466,0,0
11-11-23 9:00,57.27902723,37.05255005,157.6659951,60.01233138,0.039134833,1
11-11-23 10:00,50.17808091,60.91937353,92.14476893,47.65633547,0.024443469,0
11-11-23 11:00,36.25012499,62.96565736,106.4110592,51.22956868,0.017270558,0
11-11-23 12:00,61.64667797,107.1821116,191.0902191,49.53570552,0.001665925,0
11-11-23 13:00,78.017762,39.80923522,81.76503904,39.70110355,0.041434534,1
11-11-23 14:00,55.24862714,60.83104208,86.88004841,54.5282044,0.013572926,0
11-11-23 15:00,82.43476987,39.43571103,126.0443268,66.7037692,0.030002391,1
11-11-23 16:00,29.44379342,50.01831129,131.5284216,40.04029058,0.019818097,0
11-11-23 17:00,34.01964235,99.61705533,219.2467728,72.98388037,0.001985316,1
11-11-23 18:00,63.55939224,38.07382933,98.57692749,69.38847598,0.045124295,1
11-11-23 19:00,54.03420247,72.84481912,108.0953205,30.3180286,0.040747365,1
11-11-23 20:00,71.43275626,68.48261883,188.384423,28.69385052,0.033975779,0
11-11-23 21:00,49.76816476,59.49327643,203.9405424,61.80635941,0.025334941,1
11-11-23 22:00,37.73375,71.3128907,251.5428008,36.34720027,0.005142206,1
11-11-23 23:00,46.84172344,37.65804291,180.6404656,27.13776609,0.036168721,1
12-11-23 0:00,29.35886059,98.89787904,158.2497225,101.7656467,0.069866041,0
12-11-23 1:00,34.34485681,105.9793007,187.9239154,28.64317778,0.021898635,0
12-11-23 2:00,65.5323073,60.99252693,133.7157573,18.87414306,0.022226247,0
12-11-23 3:00,63.85356909,119.6923937,133.2800087,32.25019127,0.006012722,1
12-11-23 4:00,55.57683638,51.85924837,58.00290988,55.9521875,0,0
12-11-23 5:00,27.14594502,68.64959054,210.6276497,51.85503166,0.014641042,1
12-11-23 6:00,44.75239949,93.14512978,163.4844734,107.8650593,0.050292712,1
12-11-23 7:00,33.1256264,50.67693398,202.1876943,32.56145947,0.046917202,0
12-11-23 8:00,69.0322293,33.85048647,28.88142129,56.07121972,0.018966302,0
12-11-23 9:00,41.58489953,30.05038947,147.0694547,82.03268372,0.027437102,1
12-11-23 10:00,34.89263243,109.647867,100.9026048,34.82750945,0.004959428,1
12-11-23 11:00,50.44783029,49.31028296,257.3596928,69.07878848,0.021816734,1
12-11-23 12:00,40.80748088,56.15127519,190.6521317,14.26627531,0.012434186,0
12-11-23 13:00,74.45765464,38.4893202,164.9689105,103.2485161,0.020883705,0
12-11-23 14:00,39.51778359,81.26414595,124.123586,77.83757305,0.015831849,1
12-11-23 15:00,30.96941583,44.50349668,175.772166,34.37308043,0.015576581,0
12-11-23 16:00,22.34133387,50.04548546,97.15756954,72.81123708,0.038920816,0
12-11-23 17:00,49.53915027,66.42449753,143.8268366,88.00292047,0.062993742,0
12-11-23 18:00,41.88681374,39.35332613,115.8593136,22.76528556,0.017374855,0
12-11-23 19:00,30.60819928,56.29760978,322.4774556,36.08261301,0.048735623,1
12-11-23 20:00,69.25265649,92.39568898,254.8362132,89.08790702,0.004759417,1
12-11-23 21:00,60.4538933,69.26844509,223.2208875,51.70048001,0.018549706,1
12-11-23 22:00,49.57752806,62.76695008,70.18172277,61.47487691,0.004301256,0
12-11-23 23:00,72.32627976,64.58140916,208.4904246,51.76971367,0.015294892,1
13-11-23 0:00,60.3769945,52.05530217,161.9404799,74.67147817,0.032987856,1
13-11-23 1:00,38.33425331,107.8961348,235.447387,63.61258762,0.041652173,1
13-11-23 2:00,35.49167609,43.93409907,170.773325,52.68927792,0.009361898,0
13-11-23 3:00,62.93881697,64.49618417,149.5804166,10.70901976,0.027958539,0
13-11-23 4:00,56.10261111,62.43538321,164.9394491,67.22910658,0.044218568,1
13-11-23 5:00,52.57503082,82.71041534,56.70978878,69.82640162,0.040953096,0
13-11-23 6:00,38.01909149,84.99214182,105.5707422,23.62089803,0.024344489,0
13-11-23 7:00,59.48881375,59.32914291,174.1697477,24.8279593,0.011614466,0
13-11-23 8:00,39.23829532,66.23072687,229.0010074,63.74368981,0.010402113,0
13-11-23 9:00,48.48060146,67.06113246,117.4124363,54.9714134,0.008647777,0
13-11-23 10:00,73.79780956,20.02896679,147.4595612,12.32958953,0.019497215,0
13-11-23 11:00,40.52418835,30.41855028,65.31703306,31.47661644,0.008862267,0
13-11-23 12:00,28.87945635,47.8428156,253.9844541,58.14156994,0.032227842,1
13-11-23 13:00,35.31964771,48.67951741,227.0513821,68.29059649,0.0238098,0
13-11-23 14:00,65.90311256,36.97248663,193.3078406,36.41630636,0.023028756,0
13-11-23 15:00,53.88585501,76.58404505,176.4183344,46.37881804,0.000714442,0
13-11-23 16:00,48.0834487,60.04449357,261.4967682,30.33597774,0.020446794,1
13-11-23 17:00,42.62276942,55.56055513,103.5750692,88.35641354,0.013286476,1
13-11-23 18:00,57.51597285,35.98762835,97.9305869,54.45615014,0.068742778,1
13-11-23 19:00,37.98440628,59.06753422,223.1059322,34.64521586,0.004435636,1
13-11-23 20:00,54.67841497,15.18882934,218.076541,25.1035632,0.016839804,1
13-11-23 21:00,39.56591471,56.61774961,83.95311615,23.1428266,0.02656987,0
13-11-23 22:00,37.34090159,61.33284531,118.4840673,105.1340595,0.007275106,1
13-11-23 23:00,40.84407871,65.16799896,272.6865343,45.75252298,0.062006518,1
14-11-23 0:00,44.50981905,30.82348446,176.7460279,40.49082405,0.062573936,1
14-11-23 1:00,49.26993681,64.79696532,202.9153344,44.80532341,0.00847596,0
14-11-23 2:00,53.58727636,39.75681197,85.61992442,35.43624847,0.01158178,0
14-11-23 3:00,8.278559152,43.92829436,193.627375,47.35909141,0.068175423,0
14-11-23 4:00,38.53754106,75.84969731,73.36924259,50.87687007,0.048164674,1
14-11-23 5:00,44.27977739,108.3813693,49.77932049,50.37576362,0.014499703,1
14-11-23 6:00,74.84114232,61.08249052,198.5961359,23.21751464,0.027461383,1
14-11-23 7:00,34.96636651,43.84246285,251.9986208,74.70007366,0.003581393,0
14-11-23 8:00,52.46845201,64.0154742,134.5248145,37.09330658,0.069624789,0
14-11-23 9:00,74.66057027,81.04227595,117.6328883,34.83492853,0.021181711,1
14-11-23 10:00,32.02935841,73.61940585,274.4900598,33.89046277,0.030398117,1
14-11-23 11:00,56.06484487,127.4311287,138.0536828,27.01129767,0.007662198,1
14-11-23 12:00,38.60956259,45.74547281,145.9154079,56.9100884,0.005694654,0
14-11-23 13:00,42.68514908,65.39229216,273.0892732,74.7775275,0.027827911,0
14-11-23 14:00,38.5983245,96.12599726,128.6510825,33.49340976,0.061677392,0
14-11-23 15:00,39.55775549,94.52234789,111.6897871,14.11319335,0.012228696,1
14-11-23 16:00,98.23748796,24.75256942,204.959586,27.48702825,0.00721028,1
14-11-23 17:00,63.3799438,59.92950689,108.5494255,39.39573214,0.025161409,0
14-11-23 18:00,67.73989424,94.48063894,141.0878615,23.76341599,0.054236292,1
14-11-23 19:00,57.62195989,128.9064299,77.99366389,36.10714668,0.011005965,1
14-11-23 20:00,28.48620904,75.52270653,161.7935505,37.12437491,0.016189053,0
14-11-23 21:00,56.08036135,52.47785594,154.2839166,49.61346927,0.035496321,1
14-11-23 22:00,67.24512218,40.3344703,216.1236467,19.97681584,0.03778641,0
14-11-23 23:00,37.92729855,113.9778436,207.9878662,65.5124289,0.015691625,1
15-11-23 0:00,65.41175558,76.10016977,186.2949082,99.79962375,0.041154239,1
15-11-23 1:00,61.06113264,43.2694208,175.5736061,91.8550581,0.029299082,1
15-11-23 2:00,81.210653,55.79562507,145.4538149,36.42221902,0.020259845,1
15-11-23 3:00,43.90779746,66.65824037,190.3265989,68.0576782,0.036882585,1
15-11-23 4:00,34.74058513,71.86352825,87.90293633,64.6646829,0.033987538,1
15-11-23 5:00,44.70635325,42.32197879,36.29547015,48.91755425,0.006536503,0
15-11-23 6:00,73.59442897,47.66784602,230.7201705,54.51913402,0.050338622,1
15-11-23 7:00,25.91697985,29.38666319,194.8619829,68.47574141,0.025884294,1
15-11-23 8:00,23.25254237,83.45666651,142.1601012,74.42545354,0.047686756,1
15-11-23 9:00,51.3489207,53.00106696,224.0879702,31.684629,0.020836747,1
15-11-23 10:00,43.55704589,70.11893845,107.4919423,70.36941199,0.024146205,0
15-11-23 11:00,50.11597812,92.90165758,108.893035,99.99285511,0.026859518,1
15-11-23 12:00,65.07329091,64.68978731,101.5168032,74.3892744,0.029646725,1
15-11-23 13:00,42.01679269,57.6467635,187.4095417,95.49372775,0.051457371,1
15-11-23 14:00,25.41306338,64.12875932,66.09965782,5.43573288,0.028115765,0
15-11-23 15:00,84.8471282,61.33305583,105.5942802,65.95733443,0.019554523,0
15-11-23 16:00,36.03603995,88.49885576,168.6107977,56.81576795,0.03921,1
15-11-23 17:00,35.2360028,66.67253711,83.44043664,78.84182636,0.027442485,1
15-11-23 18:00,67.77399807,49.01213729,111.3466586,25.6604488,0.093494057,0
15-11-23 19:00,44.38049507,83.65181166,41.12321332,38.11500912,0.02491746,1
15-11-23 20:00,49.05317049,88.11130911,190.0649258,74.94631755,0.044398072,1
15-11-23 21:00,57.47493816,34.58175014,109.8490039,26.87697842,0.036447521,1
15-11-23 22:00,67.42789889,95.71260124,88.54543747,56.23400503,0,1
15-11-23 23:00,45.10928564,67.85846925,79.12358279,49.57739617,0.009839958,0
16-11-23 0:00,75.10953419,66.06903175,124.9110707,45.21689981,0.013548491,1
16-11-23 1:00,22.52464326,82.65905699,66.22162589,65.30141726,0.002752441,0
16-11-23 2:00,61.9740852,48.57568913,294.0357627,25.84550634,0.014144573,1
16-11-23 3:00,38.11189315,81.40309968,35.07550276,32.32282704,0.003701482,1
16-11-23 4:00,72.46719832,52.30065477,123.0546488,46.57695079,0.005944102,0
16-11-23 5:00,52.15084382,32.28925499,156.7502576,24.29895809,0.024040401,0
16-11-23 6:00,40.35922161,40.54039453,105.1460878,85.31855051,0.061762634,1
16-11-23 7:00,60.38197471,72.38972913,163.5282328,31.94490838,0.003771486,0
16-11-23 8:00,64.19561063,41.48603043,103.8610776,71.51318272,0.004984456,0
16-11-23 9:00,60.04043991,97.70011627,259.6780384,30.41193545,0.012327604,1
16-11-23 10:00,35.61483075,87.09654522,87.58150125,69.09261127,0.017710154,1
16-11-23 11:00,42.97401572,90.6693125,36.2180278,17.54396531,0.00246039,1
16-11-23 12:00,49.93892403,62.64370471,78.96037052,91.16797707,0.0102808,1
16-11-23 13:00,49.38280757,65.51483288,175.0521927,82.24390595,0.009215972,1
16-11-23 14:00,61.80830041,37.06947305,142.7131632,37.1014579,0.025397867,0
16-11-23 15:00,23.83630849,82.39883091,200.4025302,31.40403156,0.027353539,1
16-11-23 16:00,55.1266804,68.19291274,182.8695245,62.07381223,0.017625831,0
16-11-23 17:00,45.73436887,72.39617164,112.6615942,18.83434506,0.014383885,0
16-11-23 18:00,38.12557404,99.7301432,120.8674976,50.87242529,0.01015582,1
16-11-23 19:00,39.41398495,47.82556404,126.8078211,31.76688637,0.02083323,0
16-11-23 20:00,46.82796144,57.37489499,289.0761912,43.83626802,0.007240858,1
16-11-23 21:00,8.951537363,67.02016019,196.0398075,35.14740444,0.051937644,0
16-11-23 22:00,39.9724635,41.66841558,289.7013071,31.9529616,0.002764701,1
16-11-23 23:00,37.62982924,56.11321473,206.7901705,101.3388233,0.010791344,0
17-11-23 0:00,58.27560609,70.71644529,146.0502949,71.34133147,0.036152545,0
17-11-23 1:00,38.565973,53.32500181,92.52449411,19.57340878,0.014098538,0
17-11-23 2:00,46.81956694,90.05895752,162.8386405,30.40581224,0.032106216,1
17-11-23 3:00,75.51276661,31.69492375,146.2179071,73.64188225,0.056321366,1
17-11-23 4:00,65.90400774,85.46911893,144.1996636,77.0322337,0.035411828,1
17-11-23 5:00,64.34816468,74.54064432,137.1936422,21.12829483,0.005102191,0
17-11-23 6:00,42.75178599,48.5399486,46.99669977,68.92926742,0.005529077,0
17-11-23 7:00,58.44036825,41.86921687,238.3407908,56.8364492,0.01710695,1
17-11-23 8:00,46.54624117,22.80542869,146.8619303,12.76849763,0.027677639,0
17-11-23 9:00,47.09705439,44.24977969,73.60985151,40.40776224,0.043662458,1
17-11-23 10:00,56.31312224,83.63557818,181.5027412,46.65153844,0.009288825,0
17-11-23 11:00,41.40149752,58.82691816,100.9049727,51.2193495,0.012946931,0
17-11-23 12:00,74.62410484,86.45138528,187.0298014,22.21724701,0.016178075,0
17-11-23 13:00,47.62368957,47.55906773,209.7674375,32.67119037,0.015888409,0
17-11-23 14:00,59.65777828,75.59922804,219.9652321,35.59058324,0.050641187,1
17-11-23 15:00,73.95277994,45.70473572,140.0980697,37.4689525,0.018367725,0
17-11-23 16:00,66.53911613,41.12142751,125.166164,37.83313887,0.022519126,0
17-11-23 17:00,30.8512665,57.7675428,113.2516419,46.73695169,0.037076138,1
17-11-23 18:00,56.87137078,46.69897395,107.9727683,58.02853988,0.053052088,1
17-11-23 19:00,63.48451441,31.17118515,148.9249022,103.7992739,0.019440582,0
17-11-23 20:00,64.17336498,56.22124926,137.1790057,74.0475605,0.04490375,0
17-11-23 21:00,34.54000288,62.25213649,102.5052698,88.1239723,0.05926657,1
17-11-23 22:00,40.57616675,89.04863119,86.36291427,38.67448596,0.018271089,1
17-11-23 23:00,65.90751962,80.98932653,143.2737116,27.92550632,0.01193485,1
18-11-23 0:00,39.1538733,87.8511993,123.9938143,71.96247931,0.069342866,1
18-11-23 1:00,45.59437688,75.90587985,86.48087558,49.59551489,0.04170779,1
18-11-23 2:00,76.12152171,67.15081481,206.0497776,69.85803727,0.02020032,0
18-11-23 3:00,49.28529601,36.45761534,279.5976732,30.27785544,0.031666736,1
18-11-23 4:00,39.62658858,63.18100867,215.7212198,67.47638423,0.006556307,1
18-11-23 5:00,37.60595187,73.06691354,108.1002739,45.71089999,0.041443131,0
18-11-23 6:00,55.1014921,93.792385,146.8757828,39.11476454,0.000919842,1
18-11-23 7:00,31.78006349,75.11854732,260.5143376,41.23463523,0.040569098,0
18-11-23 8:00,46.35113562,88.35587872,84.90919744,62.98241024,0.010015226,1
18-11-23 9:00,55.10950061,39.92557375,202.5869262,71.15141724,0.001743886,0
18-11-23 10:00,71.17503756,53.30505255,72.07646936,41.24242406,0,0
18-11-23 11:00,60.45884165,69.29287804,272.2682481,58.96339348,0.013061723,1
18-11-23 12:00,39.79891222,86.40172323,124.2163657,58.8688773,0.03289487,1
18-11-23 13:00,69.06496185,56.98183548,319.1270483,70.09384546,0.003557128,1
18-11-23 14:00,45.59698369,58.27883086,275.9212144,77.59488463,0.004810757,1
18-11-23 15:00,32.99141663,75.13818913,143.4160579,105.1221034,0.012825234,0
18-11-23 16:00,47.44897784,38.25809031,108.1424287,39.0198908,0.034877274,1
18-11-23 17:00,73.64086867,97.63111963,162.4010919,92.89513421,0.037529305,1
18-11-23 18:00,52.50590503,42.69746245,138.9348081,52.9679786,0.022296615,0
18-11-23 19:00,50.18798476,25.23110017,125.8696009,26.2257389,0.038634962,1
18-11-23 20:00,77.23863664,60.2115592,62.86395898,35.00727805,0.032420197,1
18-11-23 21:00,30.57845399,99.9947757,119.4289934,62.30035951,0.013849838,1
18-11-23 22:00,32.36877837,72.83140665,87.99403817,69.6655065,0.037033831,1
18-11-23 23:00,28.37326275,76.61910691,186.3038728,27.69170465,0.004400496,0
19-11-23 0:00,55.72858947,60.87167018,217.8352914,32.65345106,0.028493789,1
19-11-23 1:00,52.52511687,56.83490091,199.584427,37.52472369,0.005422538,1
19-11-23 2:00,75.52108101,31.13702068,172.1017673,30.65201248,0.022345985,1
19-11-23 3:00,53.71140627,20.21012798,101.0580111,13.60203396,0.043951805,0
19-11-23 4:00,44.10098562,64.17950335,163.0906852,9.293217246,0.023547531,0
19-11-23 5:00,50.02692631,90.14771116,203.3186809,40.89215213,0.019799232,1
19-11-23 6:00,51.77946631,67.40444981,115.4223095,56.49261415,0.023769768,0
19-11-23 7:00,27.71836666,73.67890462,157.5215979,67.67901763,0.03193289,1
19-11-23 8:00,98.00087229,97.02031035,141.0356051,21.50951054,0.067805926,1
19-11-23 9:00,58.06833115,67.06623534,270.4786945,21.79633409,0.031716087,1
19-11-23 10:00,53.19422811,57.4468093,207.5725638,37.63791075,0.012717339,1
19-11-23 11:00,59.60588649,43.81595337,190.2989283,50.08359484,0.016792161,0
19-11-23 12:00,61.14442865,108.6004793,60.38886588,78.27246096,0.008018062,0
19-11-23 13:00,47.911453,71.47338221,160.9815694,69.48842664,0.004779323,0
19-11-23 14:00,40.92984833,41.51994026,140.4558357,41.21018841,0,0
19-11-23 15:00,59.35110142,37.46292954,139.9321325,59.39301815,0.013253596,0
19-11-23 16:00,55.93443546,88.66959132,66.95222807,31.04619437,0.003446333,1
19-11-23 17:00,38.50757049,39.82815229,89.11390456,51.87522577,0.021581111,0
19-11-23 18:00,73.29919624,104.0855689,145.7766653,48.45110768,0.012627098,1
19-11-23 19:00,54.48633596,13.51141199,227.0979689,91.02375201,0.006166724,0
19-11-23 20:00,61.47992674,92.9101648,115.18453,63.06966696,0,1
19-11-23 21:00,72.81625707,70.58039087,125.9635355,32.51270261,0.014776692,0
19-11-23 22:00,50.32881144,62.51157984,280.3519819,32.72146028,0.001174405,1
19-11-23 23:00,54.85473868,56.36155136,131.9772219,42.00556159,0.032794583,0
20-11-23 0:00,62.8065527,105.0676159,142.0501752,18.23101153,0.024273279,1
20-11-23 1:00,39.65250733,75.59813437,142.8768893,44.40821867,0.016525538,0
20-11-23 2:00,50.81369652,42.25638935,76.76823294,46.47043366,0.049525959,1
20-11-23 3:00,51.89899125,28.33486808,187.6991013,62.31611396,0.020157514,0
20-11-23 4:00,36.57316968,63.77039293,111.7527259,66.42722614,0.026624493,0
20-11-23 5:00,90.13599211,59.97750792,148.1260119,52.5022636,0.032417253,0
20-11-23 6:00,30.87107318,31.54776949,178.9581143,17.22081131,0.012531384,0
20-11-23 7:00,32.21351519,58.84133863,294.0510292,23.94670061,0.012603602,1
20-11-23 8:00,71.44059013,48.44147415,78.05847956,35.97083282,0.020668304,0
20-11-23 9:00,61.20774251,60.19522089,208.5505516,67.58373862,0.003894988,0
20-11-23 10:00,35.66313154,76.03484348,208.8232841,66.61081499,0.058127058,1
20-11-23 11:00,59.47813517,94.68663558,112.5554853,43.95070153,0.022649999,1
20-11-23 12:00,74.1723416,80.32578868,189.6254197,125.6982431,0.016906068,0
20-11-23 13:00,49.54696999,45.63045939,268.9200538,96.35466959,0.0664167,1
20-11-23 14:00,95.73622397,67.95136526,105.7003851,85.61018529,0.006015977,1
20-11-23 15:00,27.11146196,61.33122331,165.4417083,68.98921941,0.051657689,0
20-11-23 16:00,60.88874279,34.68714328,176.2832701,62.09432547,0.034997041,1
20-11-23 17:00,68.8587134,68.6007725,185.0982607,60.08540754,0.041615736,1
20-11-23 18:00,64.16465248,104.1609674,201.6315939,14.64866225,0.017283655,1
20-11-23 19:00,46.97642536,60.68253591,160.5599955,27.03348748,0.020903208,0
20-11-23 20:00,45.72773402,30.33429135,183.671462,44.59461459,0.014860858,0
20-11-23 21:00,56.8594425,60.63701638,98.01760216,53.24586651,0.038919569,1
20-11-23 22:00,62.90177268,36.72168977,160.4116012,46.93505521,0.026728142,0
20-11-23 23:00,59.40007579,79.25443735,121.5900769,57.02932347,0.011999954,0
21-11-23 0:00,66.68258878,71.43538972,82.21056824,10.68910586,0.012587215,0
21-11-23 1:00,35.75504663,56.45470425,119.7338347,63.40869673,0.019763651,0
21-11-23 2:00,46.63531493,53.21005507,167.276665,51.56502212,0.015014702,0
21-11-23 3:00,36.78339097,55.61064476,178.3768454,45.41916349,0.049304493,0
21-11-23 4:00,44.35739143,60.17386708,80.37523619,75.76252369,0.034891075,1
21-11-23 5:00,66.25898684,44.67758494,96.67063096,27.14108558,0.03484724,1
21-11-23 6:00,51.63141934,33.74597322,198.4417778,44.2459862,0.023906827,1
21-11-23 7:00,95.89860214,85.85763082,183.3085427,57.35314178,0.008825243,0
21-11-23 8:00,52.93850153,52.12938036,210.1656232,30.85760216,0.032591418,1
21-11-23 9:00,50.89894133,63.54976029,246.7151622,11.95656183,0,1
21-11-23 10:00,51.6040186,66.11299966,185.3538796,25.16250173,0.022875769,0
21-11-23 11:00,40.83966954,66.91797586,125.1069155,48.39455158,0.008984709,0
21-11-23 12:00,49.13579589,37.4165951,157.2572335,43.96053891,0.008145717,0
21-11-23 13:00,68.18872624,29.02001693,270.2751191,49.54434972,0.013230689,0
21-11-23 14:00,51.72254934,48.15729531,368.6311319,34.82201677,0.018678146,1
21-11-23 15:00,38.72768239,68.54482361,180.2302723,22.35951328,0.019626995,0
21-11-23 16:00,36.97951225,45.5079193,185.1930431,53.48152024,0.034517239,1
21-11-23 17:00,43.44965337,52.73560532,198.5166887,45.92011486,0.017308551,0
21-11-23 18:00,51.11340732,111.4613371,151.4904495,67.16637208,0.018403313,1
21-11-23 19:00,69.32844685,26.35448239,230.8682043,32.98497803,0.0035134,1
21-11-23 20:00,31.68958018,44.99940059,219.0997627,11.73022854,0.004557411,0
21-11-23 21:00,45.30489468,105.2243459,172.9020239,5.238135877,0.024840331,1
21-11-23 22:00,52.18547567,59.06641145,130.7305758,40.44680223,0.031283922,0
21-11-23 23:00,25.85689033,45.92193411,68.8315808,53.24681131,0.016035987,0
22-11-23 0:00,38.19091185,86.59317843,198.9944244,44.35409427,0.037538559,1
22-11-23 1:00,40.26392033,61.16441477,163.5754967,36.82942379,0.003420208,0
22-11-23 2:00,38.69401323,52.86750181,107.1553242,17.81293363,0.026853119,0
22-11-23 3:00,52.91516477,64.09525617,87.04030227,13.4750135,0.008548134,0
22-11-23 4:00,47.61738525,46.82937581,193.9645136,59.58654182,0.007706885,0
22-11-23 5:00,41.97905112,40.18561977,65.30647644,44.46537621,0.009516634,0
22-11-23 6:00,56.60259141,57.63382091,169.2662833,41.30847883,0.01872732,0
22-11-23 7:00,78.81510725,40.30223612,206.9913643,18.58721415,0.027600242,1
22-11-23 8:00,77.27600968,60.22473107,186.1825985,28.64454045,0.026202929,1
22-11-23 9:00,24.85547471,67.63094394,126.4948295,51.13371194,0.015605425,0
22-11-23 10:00,58.98909506,79.00583779,81.27971434,57.35841756,0.031315563,0
22-11-23 11:00,47.36134294,85.59474686,188.756252,45.97492116,0.055523152,0
22-11-23 12:00,52.35140332,51.72646663,233.6802274,90.18822259,0.018132198,0
22-11-23 13:00,44.18438387,70.86182919,116.1723063,36.60623228,0.021543691,0
22-11-23 14:00,51.77765653,70.70686139,183.2234981,87.13991606,0.011334961,1
22-11-23 15:00,52.29403514,67.0453907,263.8518353,55.56276261,0.014189558,1
22-11-23 16:00,41.65090878,50.27617436,171.8668477,52.73841458,0.044648669,0
22-11-23 17:00,37.35796156,39.99596108,126.140074,75.92186376,0.044891193,0
22-11-23 18:00,43.47089258,70.92004852,221.5536028,35.56542115,0.016904205,1
22-11-23 19:00,53.56876637,28.5259559,107.1664163,42.09503827,0.028565067,0
22-11-23 20:00,59.34374174,54.48297886,78.97481411,23.90262274,0.037269041,1
22-11-23 21:00,63.52843914,16.15529572,204.7292688,76.00418042,0.01345386,0
22-11-23 22:00,42.83137343,34.61450627,125.6046652,58.72532773,0.004221657,0
22-11-23 23:00,54.33823625,42.73423321,130.8185499,81.06028453,0.032454384,0
23-11-23 0:00,65.36395012,84.83541434,113.1745376,55.24749212,0.036752734,1
23-11-23 1:00,68.84253489,75.16050749,121.7902505,81.22616177,0.033672717,1
23-11-23 2:00,49.12096849,48.82763709,249.500606,32.993095,0.014433581,1
23-11-23 3:00,46.73483495,76.11473614,270.4895857,77.60491785,0.051329374,1
23-11-23 4:00,52.90339198,79.82189402,281.5178546,40.52939696,0.024790655,1
23-11-23 5:00,34.07621518,56.66475797,225.2627166,50.06331764,0.005589452,0
23-11-23 6:00,47.13334198,33.80281324,180.4464071,69.80039309,0.002105086,0
23-11-23 7:00,61.72320488,55.69868278,72.79080261,124.4525656,0.015509866,1
23-11-23 8:00,60.04130306,57.95863388,138.4906992,72.51878199,0.023748605,0
23-11-23 9:00,46.01903051,36.39687353,312.7066951,75.36673994,0.0156416,1
23-11-23 10:00,53.31317423,67.91006767,123.9122483,37.25786248,0.063819871,1
23-11-23 11:00,38.31029308,65.99349095,258.3898306,53.99889488,0.026953344,1
23-11-23 12:00,61.04728343,69.6429912,153.4579123,47.63088992,0.007270676,0
23-11-23 13:00,48.83873463,65.97408218,29.91393211,91.1362252,0,1
23-11-23 14:00,45.93687743,76.12571002,192.4916783,46.41553549,0.02392592,0
23-11-23 15:00,44.70498659,56.28234923,238.7613242,88.50861667,0.038757356,1
23-11-23 16:00,49.06054763,64.2985631,146.9521556,22.54168478,0.06024116,0
23-11-23 17:00,43.48242971,51.88475003,236.1881765,90.83916714,0.016884324,1
23-11-23 18:00,60.3052978,48.23797547,62.45067206,30.69101309,0.056447828,0
23-11-23 19:00,44.22699586,90.78961036,74.92096348,73.5344584,0.003797211,0
23-11-23 20:00,76.43199605,23.34634303,163.0558356,30.63293988,0.014852289,0
23-11-23 21:00,74.12499937,79.56502189,181.1855013,66.60574143,0.006856647,0
23-11-23 22:00,37.42169745,47.54624808,245.8280166,28.71504311,0.034555886,1
23-11-23 23:00,51.05042273,45.09303417,192.382126,79.13490176,0.004261169,1
24-11-23 0:00,40.66350472,65.59576134,83.94668433,73.27445634,0.026912202,0
24-11-23 1:00,45.20698518,32.04660334,163.587682,36.06529054,0.004757151,0
24-11-23 2:00,84.04612778,43.86235597,189.7107061,65.45465782,0.057393893,0
24-11-23 3:00,45.48102892,43.24962463,53.93689357,76.37870208,0.014432106,1
24-11-23 4:00,55.53315335,55.42416236,147.2843314,29.47457788,0.026476028,0
24-11-23 5:00,58.41284815,44.08306468,129.7017849,27.35741454,0.000978761,0
24-11-23 6:00,35.99181855,97.46886397,111.653421,26.66046321,0.002786466,1
24-11-23 7:00,37.90475615,102.5812494,182.666237,24.08905914,0.009420083,1
24-11-23 8:00,33.36415439,23.67082273,86.07551027,26.57160629,0.035778433,1
24-11-23 9:00,37.49538313,71.87520761,177.0977007,75.68540492,0.031848649,1
24-11-23 10:00,15.37221998,79.13788657,186.8463775,64.8798348,0.040900453,1
24-11-23 11:00,58.465306,71.84493865,224.7824644,16.22921558,0.002682168,1
24-11-23 12:00,85.03261996,46.8292867,87.35872112,38.02663642,0.02888066,1
24-11-23 13:00,52.23916206,54.96336716,69.51724167,25.07584198,0.011982096,0
24-11-23 14:00,30.76178459,45.12610469,167.8981988,73.76495775,0.009029428,1
24-11-23 15:00,40.77151573,51.43938813,132.5997552,39.36540046,0.012270198,0
24-11-23 16:00,43.32741528,36.78675745,381.9679127,18.54508262,0.01817721,1
24-11-23 17:00,35.77170712,57.60919946,179.9174799,54.34099515,0.03188765,1
24-11-23 18:00,63.64265375,31.82878354,153.6554037,66.26580073,0.04174696,1
24-11-23 19:00,62.81042201,55.85725512,139.3774698,28.88616127,0.029151703,0
24-11-23 20:00,34.00329194,36.11821888,82.77318262,43.58764341,0.031335427,1
24-11-23 21:00,61.40195819,64.40730311,187.1503715,29.88306572,0.059139322,1
24-11-23 22:00,75.23334686,46.42460563,145.0910195,85.74414654,0.032610902,1
24-11-23 23:00,82.1581008,66.22884271,145.142193,39.7742561,0.016715819,1
25-11-23 0:00,101.1876203,84.4679206,155.9562251,33.51719622,0.030310724,1
25-11-23 1:00,37.283701,97.167898,164.119393,48.72476557,0.056070498,1
25-11-23 2:00,100.3395274,16.49811443,59.44658334,44.94049692,0.008346812,1
25-11-23 3:00,44.81236634,43.52574371,206.517583,68.63440431,0.013662129,1
25-11-23 4:00,41.46403349,53.77298414,101.3960351,84.83749322,0.049510655,0
25-11-23 5:00,55.01306196,69.98473674,141.487305,85.08234286,0.015605557,1
25-11-23 6:00,41.60787539,29.4280604,240.2903663,40.88987568,0.033981051,0
25-11-23 7:00,56.14489834,40.8228177,280.2141608,57.90712382,0.045610634,1
25-11-23 8:00,31.94144597,62.76299076,61.0691856,93.85939371,0.004638128,1
25-11-23 9:00,46.47571377,61.79346209,151.8957902,95.17014629,0.013965665,0
25-11-23 10:00,70.9364552,68.14388003,167.5039637,30.40398091,0.043628857,0
25-11-23 11:00,49.14733662,69.61246249,69.41525404,65.85839361,0.018025125,0
25-11-23 12:00,52.14398617,67.28245238,204.0268777,61.11744819,0,1
25-11-23 13:00,57.35474981,64.12301522,157.3475194,75.73427026,0.012620691,1
25-11-23 14:00,68.93037309,61.17519562,162.3611624,85.73019316,0.034604911,1
25-11-23 15:00,27.91139817,74.62288983,97.70436275,27.22649292,0.045312193,0
25-11-23 16:00,59.10952914,20.49607301,176.8282675,34.16415194,0.020821281,0
25-11-23 17:00,46.04981151,96.0084521,206.6047137,75.16147987,0.02844264,1
25-11-23 18:00,52.52733662,20.9954886,158.0533462,53.76650818,0.014503654,0
25-11-23 19:00,67.02274691,39.08448719,119.4637869,9.200780001,0.036898173,0
25-11-23 20:00,33.51328199,55.31515396,123.8866063,16.67243048,0.048896676,0
25-11-23 21:00,35.83578214,74.80348286,164.0661773,67.88133804,0.034061592,1
25-11-23 22:00,24.71443973,10.55683091,153.0641233,73.09009449,0.018151222,0
25-11-23 23:00,42.06419142,59.41057566,211.4636008,21.72615859,0.027511134,0
26-11-23 0:00,71.72653539,77.58213068,121.3677452,81.10369704,0.037961506,0
26-11-23 1:00,48.20573344,82.36847986,82.75792009,45.18791793,0.020445529,0
26-11-23 2:00,31.6940613,46.08548015,173.2365799,27.57450679,0.034731004,1
26-11-23 3:00,42.95070267,53.81821178,121.5225928,36.9343972,0.02633633,0
26-11-23 4:00,29.8958069,47.63034707,202.6650662,23.91672234,0.048753455,1
26-11-23 5:00,34.38825224,51.98512235,150.4715054,35.74026443,0.032672781,0
26-11-23 6:00,55.9834638,39.92864148,193.4985073,13.7558896,0.01276876,0
26-11-23 7:00,33.76987869,42.5118587,92.77821901,48.17053019,0.048389714,1
26-11-23 8:00,67.92746968,69.40494033,159.0849992,65.71209226,0.027995835,0
26-11-23 9:00,48.93825373,62.78990675,109.2298637,21.76103794,0.017822803,0
26-11-23 10:00,51.29124701,70.6858026,82.6625178,50.42637583,0.003835919,0
26-11-23 11:00,45.90189699,64.56300542,100.6297983,31.82609395,0.023862671,0
26-11-23 12:00,62.19001136,75.53524992,117.7489136,68.06190456,0.059458674,1
26-11-23 13:00,62.36073773,79.5993837,237.0889947,8.20926327,0,1
26-11-23 14:00,55.1380767,27.97431616,116.2720627,69.3175784,0,0
26-11-23 15:00,58.79082332,43.15426481,80.22962201,14.46880221,0.034043859,1
26-11-23 16:00,46.86363698,55.22140714,158.3210568,44.88371619,0.023946089,0
26-11-23 17:00,58.4270292,59.52454337,151.8289004,33.78474178,0.032114439,1
26-11-23 18:00,45.04599476,46.60163002,120.6993837,41.37274663,0.012409072,0
26-11-23 19:00,50.03347931,80.40017786,140.0794914,18.78233934,0,1
26-11-23 20:00,45.95577295,107.459209,216.7323088,99.77161197,0.008764837,1
26-11-23 21:00,43.3507707,63.96138548,194.6181877,22.80165672,0.052260934,1
26-11-23 22:00,40.1381981,61.78183179,188.5623375,24.18394155,0.013386371,0
26-11-23 23:00,57.23408559,78.92094525,84.42664876,104.5346574,0.013501699,1
27-11-23 0:00,71.37677655,26.03940213,380.4022121,58.37994994,0,0
27-11-23 1:00,68.9380094,60.59906347,222.3340504,23.36306519,0.000896764,1
27-11-23 2:00,32.7304764,81.99751906,183.9181964,46.8300669,0.041460088,0
27-11-23 3:00,71.00009028,47.11423665,85.36424555,44.27346842,0.01605106,0
27-11-23 4:00,45.32884731,36.49890411,214.6222862,16.35322511,0.038806674,1
27-11-23 5:00,59.37187538,56.14986778,120.1862468,32.76832163,0.009644998,0
27-11-23 6:00,37.22799625,58.73112999,138.0845216,49.34257003,0.00297864,0
27-11-23 7:00,52.149857,42.15677553,61.9014091,86.47189058,0.016029466,1
27-11-23 8:00,54.80426998,110.6102249,81.65498864,45.38622405,0.011817576,1
27-11-23 9:00,29.93497951,50.29110134,178.5630944,47.19761551,0.008752675,0
27-11-23 10:00,59.49399644,37.76954847,218.9647165,31.61432333,0.009041642,0
27-11-23 11:00,72.00056616,58.04709973,195.6210906,81.00019934,0.017895615,1
27-11-23 12:00,47.41078272,80.3013898,193.2175795,75.00059742,0.012859821,1
27-11-23 13:00,72.25257931,60.36615411,145.9772646,71.60251748,0.007691079,0
27-11-23 14:00,47.19058122,70.5511745,125.5732751,52.83349542,0.058646412,1
27-11-23 15:00,63.46556184,42.83757359,168.5567089,17.70197325,0.027956449,0
27-11-23 16:00,21.6435032,94.56128274,205.38629,80.70930188,0.022611074,1
27-11-23 17:00,92.13215264,72.2692105,150.3040328,51.4431038,0.018948558,0
27-11-23 18:00,74.66826904,83.64825081,234.429011,42.57089814,0.031978963,0
27-11-23 19:00,45.81162911,67.86838671,136.8356997,61.81482314,0.029357683,0
27-11-23 20:00,24.30779973,78.34321531,94.49824729,55.75552567,0.006660734,0
27-11-23 21:00,54.40338587,42.8092274,149.3530041,26.69960321,0.002527233,0
27-11-23 22:00,30.42603778,50.04260755,156.6906481,42.28878727,0,0
27-11-23 23:00,56.87069773,90.9956075,144.9134944,13.27438828,0.058303949,0
28-11-23 0:00,56.34287213,96.40377331,239.8814445,52.17286761,0.013469944,1
28-11-23 1:00,36.76519239,37.88526164,204.2224415,88.56091381,0.030524556,1
28-11-23 2:00,68.07107242,65.33800958,72.85174089,14.78232273,0.023355467,0
28-11-23 3:00,62.73257114,51.22874903,260.0236312,53.26533729,0.03709923,0
28-11-23 4:00,65.58958124,46.09111845,29.43937204,68.052554,0.01897989,0
28-11-23 5:00,50.13294401,66.10333408,312.2004584,72.40824077,0.004043,1
28-11-23 6:00,30.77084738,85.9129162,132.5386722,33.01565346,0.006632965,0
28-11-23 7:00,65.62431826,69.79091042,138.367632,26.0889695,0.014756962,0
28-11-23 8:00,46.01752971,53.44337086,146.2705968,36.3575909,0.002174922,0
28-11-23 9:00,31.0847867,71.20970783,174.9656389,84.02629718,0.008520388,0
28-11-23 10:00,72.10860094,52.63487462,149.9835503,16.02885038,0.005130367,0
28-11-23 11:00,85.89862474,68.90915761,141.7695664,24.03655232,0.015065117,0
28-11-23 12:00,49.38297947,92.25095439,242.0869972,39.16217121,0.012801629,1
28-11-23 13:00,87.04862148,22.85153553,187.2691485,28.46402253,0.021954536,1
28-11-23 14:00,51.37805931,77.69571511,95.59058809,48.96339147,0.035861821,0
28-11-23 15:00,44.43790813,31.23288172,199.5837067,91.36579939,0.016294743,0
28-11-23 16:00,40.94060105,88.05806537,184.4048166,24.25207539,0.002733149,1
28-11-23 17:00,77.23627493,47.23116463,117.7043328,46.40511476,0,0
28-11-23 18:00,38.90646625,36.65298645,203.2735514,49.79393,0.022676126,1
28-11-23 19:00,61.56966061,75.32575272,140.3006872,41.97118766,0.010680676,0
28-11-23 20:00,41.92520667,67.84650108,136.4402428,18.01365181,0.017556506,0
28-11-23 21:00,43.30728088,40.51463674,134.8146766,35.27482614,0.025598451,0
28-11-23 22:00,66.51515984,36.04201769,33.61716523,35.33814279,0.049339112,0
28-11-23 23:00,44.44387531,56.11561272,118.7457648,67.04158068,0.001201238,0
29-11-23 0:00,44.09192861,36.88891212,197.6250241,61.0176228,0.006875889,1
29-11-23 1:00,68.27531694,39.39915488,148.6023109,18.42774751,0.018658046,0
29-11-23 2:00,76.51263751,62.44808885,79.58607309,40.77121473,0.005657027,1
29-11-23 3:00,60.08597199,41.1160577,215.8725342,38.24438562,0.002826968,1
29-11-23 4:00,40.60717682,69.23022874,131.8724624,110.329883,0.046098217,1
29-11-23 5:00,42.60159355,94.62380742,82.60501191,57.56417049,0.006527329,1
29-11-23 6:00,51.20511541,56.91343935,317.0747247,26.54666016,0.004194934,0
29-11-23 7:00,54.91694703,62.75858125,90.83174793,32.39029697,0.00558435,0
29-11-23 8:00,36.1578904,108.489103,209.6092514,40.96625488,0.040914048,1
29-11-23 9:00,61.36835296,37.17597116,105.4689338,59.45312016,0.010324561,0
29-11-23 10:00,51.29001247,87.14450103,158.5998707,62.82846863,0.003589939,1
29-11-23 11:00,27.20803026,84.20811355,98.49727273,55.13264594,0.008675026,0
29-11-23 12:00,36.92900717,79.0354513,81.75873779,44.88787323,0.019236231,0
29-11-23 13:00,42.69221561,89.62962363,184.273832,46.65548016,0.036654102,1
29-11-23 14:00,48.91244291,66.01015775,176.3162216,46.82566852,0.034881765,0
29-11-23 15:00,81.9085563,48.26819079,229.4019244,14.96355567,0.00937047,1
29-11-23 16:00,53.62929516,84.78317515,147.8582221,48.47897945,0.012348292,0
29-11-23 17:00,38.09531902,85.71468366,318.3517597,36.56831534,0.066912509,1
29-11-23 18:00,53.35814002,85.04417016,167.2037263,16.8747877,0.038905116,1
29-11-23 19:00,44.84264957,60.93751438,187.3508188,127.9855329,0.016161697,1
29-11-23 20:00,54.97684151,45.72931709,76.17015226,58.07331995,0,0
29-11-23 21:00,59.04557414,64.0735366,113.8823276,50.32809654,0.013290313,0
29-11-23 22:00,69.60069847,81.11852648,184.1003832,41.13500819,0.004053847,0
29-11-23 23:00,49.6362924,83.08533247,144.7783307,69.85523598,0.008429755,0
30-11-23 0:00,77.27059953,51.25373369,161.9415457,24.9953192,0.007350287,0
30-11-23 1:00,64.44484509,66.77202091,102.9691126,42.47574462,0.016461041,0
30-11-23 2:00,39.88887754,35.08500658,157.7109122,28.9156161,0.021130753,0
30-11-23 3:00,88.03129705,82.13914222,157.493437,69.6010302,0.009900338,0
30-11-23 4:00,55.01184311,44.47087502,84.58337227,31.38197412,0.004454299,0
30-11-23 5:00,38.17056538,77.41530152,192.6365871,81.17196414,0.017233149,0
30-11-23 6:00,77.52581732,37.84595539,61.08726576,47.54768212,0.012772385,1
30-11-23 7:00,85.48382347,83.25546219,161.7185421,71.16175715,0.000441338,1
30-11-23 8:00,49.50571171,66.91390582,279.0534487,60.47613349,0.030828562,0
30-11-23 9:00,42.69890968,44.50726816,195.3133028,79.8471197,0.009932099,1
30-11-23 10:00,47.44408876,75.23544447,194.8717797,29.2442509,0.015906578,1
30-11-23 11:00,61.23181736,48.12519486,98.74308064,75.10103968,0.016627455,1
30-11-23 12:00,70.80076746,76.58340492,279.3438616,13.84299314,0.019753661,1
30-11-23 13:00,58.88276576,54.35636467,247.4169972,51.08374881,0.022400679,1
30-11-23 14:00,51.53619574,28.30101517,101.5454883,37.24604396,0.004232362,0
30-11-23 15:00,74.71421582,40.81697145,121.6796982,20.8046749,0.025290439,0
30-11-23 16:00,45.40531956,51.23917635,237.8609736,30.05709224,0.014849149,1
30-11-23 17:00,66.52658476,91.53988131,281.6160836,35.21492612,0.040879138,0
30-11-23 18:00,45.7620382,80.14210601,80.55370741,45.20210564,0.035032237,1
30-11-23 19:00,56.65112516,98.05647849,93.31268875,37.70516017,0.04641331,1
30-11-23 20:00,48.30945798,98.82810368,141.1373755,52.01986181,0.007627742,1
30-11-23 21:00,49.16533673,49.19917074,42.58851887,31.3135306,0.04555316,1
30-11-23 22:00,44.48162282,56.09506689,151.1924988,38.76073728,0.021531743,0
30-11-23 23:00,71.98144283,51.61684835,232.5448957,43.02402594,0.032472082,1
01-12-23 0:00,39.54329001,46.57466703,72.50324527,54.65188266,0.032154463,1
01-12-23 1:00,39.44446,26.41526525,158.0411224,73.38280717,0.027977074,1
01-12-23 2:00,86.31351719,59.69062416,115.6700739,73.52779677,0.006141109,0
01-12-23 3:00,65.62389933,35.48214088,268.6331581,56.10629573,0.038017827,1
01-12-23 4:00,19.91206188,59.28414206,116.3359852,61.31167839,0.02599789,0
01-12-23 5:00,41.84063635,111.1459162,258.781108,58.08845582,0.002940575,1
01-12-23 6:00,26.1034653,49.69290162,114.8007734,42.4309447,0.012962951,0
01-12-23 7:00,36.64345239,64.14715949,201.7667606,74.9477243,0.005005395,1
01-12-23 8:00,12.77255432,80.27263305,166.1274607,29.64679969,0.003282885,0
01-12-23 9:00,47.96392248,66.00396194,141.4726743,11.38106287,0.035837675,1
01-12-23 10:00,34.17490383,66.27048845,104.3415769,27.21686576,0.002895662,0
01-12-23 11:00,50.90216749,52.58655218,170.8198077,90.98426444,0.004098168,1
01-12-23 12:00,28.26420022,55.21121362,123.630974,42.87601376,0.063391666,0
01-12-23 13:00,51.25055217,41.22220934,109.7442756,57.07866529,0.013435632,0
01-12-23 14:00,43.94841135,78.84063342,255.058645,43.37639542,0.031820126,1
01-12-23 15:00,74.78515719,27.977865,186.0193753,64.98803705,0.041793042,1
01-12-23 16:00,73.16228112,81.80737395,192.7130611,51.78281749,0.034185638,0
01-12-23 17:00,62.39695176,33.47788765,126.445189,48.29931436,0.022460282,0
01-12-23 18:00,45.20746985,81.6046719,138.583881,66.47462991,0.019407941,1
01-12-23 19:00,83.72244124,52.75761221,134.8347004,39.00861936,0.029468763,1
01-12-23 20:00,29.11638941,36.40700825,171.7598125,59.7172702,0.016556819,0
01-12-23 21:00,30.91659738,72.66865193,192.5841858,45.72354145,0.032566794,1
01-12-23 22:00,48.75027311,80.79803194,148.1147802,47.34896487,0.016057836,1
01-12-23 23:00,88.89125943,51.08821774,104.2294044,31.54536811,0.017734965,1
02-12-23 0:00,47.00585743,75.91174087,201.0064581,44.74101929,0.060731225,0
02-12-23 1:00,47.28490017,19.84564233,152.0944367,37.34776674,0.01300608,0
02-12-23 2:00,30.45045013,34.88343976,72.40378315,82.0781633,0.020308973,1
02-12-23 3:00,65.08372656,89.64606881,43.90098014,16.40650051,0.027445156,1
02-12-23 4:00,65.20618879,55.37798716,169.1510298,74.60384675,0.028651157,1
02-12-23 5:00,62.45876769,26.09527785,102.2860483,15.52086255,0.024943104,0
02-12-23 6:00,40.95760856,46.05643112,178.0562704,64.29619286,0.004684184,0
02-12-23 7:00,39.89883293,41.88759273,105.1333583,31.16211998,0.022671468,0
02-12-23 8:00,32.2753314,56.55611858,158.4305415,65.12021932,0.024062161,0
02-12-23 9:00,51.26512212,52.42041378,127.2090308,47.01020883,0.042137893,0
02-12-23 10:00,34.96117006,63.80559115,277.9104098,20.34607451,0.033467299,1
02-12-23 11:00,33.72506205,58.54845121,214.8133277,89.50299651,0.043656063,0
02-12-23 12:00,43.82415307,91.32786062,245.0973099,71.22569622,0.006967977,0
02-12-23 13:00,42.90193114,69.18588286,151.5064553,63.33894305,0.007039844,0
02-12-23 14:00,42.21974297,69.92529879,205.4552238,35.22097662,0.025572543,1
02-12-23 15:00,57.21423951,86.50468629,155.7785283,72.25069009,0.041975693,0
02-12-23 16:00,51.19196559,52.06256795,254.8076532,22.85891363,0.016913579,1
02-12-23 17:00,45.76069344,35.88907571,145.4964624,9.196068679,0.009799453,0
02-12-23 18:00,52.77868766,87.53154286,74.37477497,18.26443963,0.002070616,1
02-12-23 19:00,36.11022026,62.88035618,49.05308268,29.50048491,0.026203839,0
02-12-23 20:00,51.59026295,62.9555035,270.9690169,32.83841406,0.018231628,0
02-12-23 21:00,52.2817185,47.30173183,181.2803288,39.69617757,0.013621787,0
02-12-23 22:00,29.71344697,47.61680376,185.7933462,40.69648347,0.036941148,0
02-12-23 23:00,65.92681237,78.85657719,256.4172943,35.02091232,0.018633886,0
03-12-23 0:00,37.5554198,82.13209232,63.13593596,10.52849534,0.020014193,1
03-12-23 1:00,51.36280285,77.38186022,128.358993,54.91381836,0.036827298,1
03-12-23 2:00,68.82203081,77.59537588,135.5800094,43.59328934,0.069449742,1
03-12-23 3:00,64.74202883,72.4353122,199.6980372,34.04609355,0.013481241,1
03-12-23 4:00,50.51617961,62.78792467,109.5884888,90.81392288,0.008283552,1
03-12-23 5:00,44.69392048,56.36316368,83.57393426,44.12179808,0.007109769,0
03-12-23 6:00,65.11045745,87.61412658,83.14287245,51.4735712,0.028311271,1
03-12-23 7:00,60.57563798,52.36136265,229.7656013,71.79638619,0.006119391,0
03-12-23 8:00,41.1069,67.97489042,106.8998676,19.41253493,0.014446327,0
03-12-23 9:00,38.70845121,44.08538239,117.327247,49.4362823,0.015679674,0
03-12-23 10:00,23.20932827,46.80673306,192.0716618,71.69809265,0.05216952,1
03-12-23 11:00,52.33420343,55.12440754,109.2470601,47.74180034,0.04335451,1
03-12-23 12:00,48.76637274,44.08676946,60.88181832,22.51254103,0.002497038,0
03-12-23 13:00,68.33380146,77.70973964,66.15434826,38.63646154,0.052892192,1
03-12-23 14:00,55.51474696,34.41707523,146.4689002,54.831814,0.004978652,0
03-12-23 15:00,71.79360546,62.09859187,182.5670403,10.64485608,0.022641736,0
03-12-23 16:00,40.02585345,62.80900763,137.6050911,21.67255043,0.008736692,0
03-12-23 17:00,68.36764114,26.89170152,178.0143545,111.022966,0.014239468,1
03-12-23 18:00,42.34600685,51.03025278,64.80512394,62.81923876,0.007197062,0
03-12-23 19:00,62.26859656,65.46776368,67.74630689,93.68881873,0.055230487,1
03-12-23 20:00,30.24660016,69.2789994,321.3523575,73.90946162,0.017817352,1
03-12-23 21:00,53.5823181,55.77216077,236.1675594,60.31526041,0.023762109,1
03-12-23 22:00,24.1686671,74.90191876,201.6086499,42.55960895,0.006292909,0
03-12-23 23:00,46.06430015,57.72228366,111.3786279,59.96631891,0.003366188,0
04-12-23 0:00,56.79922155,60.28699076,135.4644948,92.55629324,0.013485481,1
04-12-23 1:00,42.45687996,65.37972575,149.8951846,72.68301662,0.029159123,0
04-12-23 2:00,35.34685478,80.75598467,242.5116663,54.25373465,0.018101017,1
04-12-23 3:00,63.4076935,46.49481418,176.1473266,45.78043381,0.038441814,0
04-12-23 4:00,48.4587627,50.13223398,184.5291245,63.20306888,0.022032989,0
04-12-23 5:00,42.89611971,46.62430745,139.6902156,37.54814283,0.020103569,0
04-12-23 6:00,50.63019409,53.18938094,203.3114741,63.20729047,0.02942084,1
04-12-23 7:00,96.50206129,93.00213566,169.443566,34.01253833,0.021634972,1
04-12-23 8:00,68.63311157,72.51925314,152.7630488,41.5277578,0.037778041,1
04-12-23 9:00,68.79018256,38.16616137,106.8702838,27.47589892,0.02980815,1
04-12-23 10:00,56.72289538,47.93141856,142.9791574,39.5860985,0.03706501,0
04-12-23 11:00,52.52499643,68.03654482,89.52155116,34.30925907,0.033003239,1
04-12-23 12:00,19.79997601,42.19597114,147.500979,100.8856178,0.047315338,1
04-12-23 13:00,40.27630911,45.55703641,155.6043913,30.03797405,0.035324342,0
04-12-23 14:00,43.02233557,90.95752775,34.40785293,60.065177,0.057123799,1
04-12-23 15:00,25.39183929,47.68345629,135.9221166,29.0177004,0.012219677,0
04-12-23 16:00,33.97837446,81.41508623,84.80365275,51.17899863,0.03544714,1
04-12-23 17:00,24.21116606,88.72554145,182.6568049,57.50003787,0.003627668,0
04-12-23 18:00,49.42661118,45.40424604,192.2583192,14.00216259,0.037844011,0
04-12-23 19:00,62.95186728,42.49883634,124.4443552,20.91817114,0.020912671,0
04-12-23 20:00,67.82656761,54.31559958,186.122432,28.86737293,0.037621595,1
04-12-23 21:00,56.39381308,38.91648334,189.0378443,22.5143572,0.055334449,1
04-12-23 22:00,36.47718739,62.56368525,135.9593762,52.12334101,0.034742815,1
04-12-23 23:00,24.7518984,55.74474891,260.0171551,56.24104069,0.013907147,1
05-12-23 0:00,26.73355714,67.76720726,107.8372184,26.81356706,0.006143497,0
05-12-23 1:00,32.57557812,92.26298911,254.9498586,53.15123668,0.029438097,0
05-12-23 2:00,37.45717609,78.16960714,136.2293244,39.93756267,0.015670287,0
05-12-23 3:00,47.62929211,70.63306862,101.559299,47.5427856,0.031938677,1
05-12-23 4:00,35.81606579,24.51100287,128.7697382,35.47416525,0.012662509,0
05-12-23 5:00,55.19954306,69.60576902,88.54011331,62.90484558,0.007720142,0
05-12-23 6:00,46.56984844,100.62635,202.728053,98.89221245,0.016307477,1
05-12-23 7:00,50.15829689,10.37389589,65.24014925,71.15713582,0.028768094,0
05-12-23 8:00,68.40392961,75.18990584,248.4366062,90.65938539,0.021999977,1
05-12-23 9:00,33.68947093,56.69156266,96.76338441,20.83313254,0.008973954,0
05-12-23 10:00,56.4558822,43.23753226,206.4907689,34.47702082,0.058533779,1
05-12-23 11:00,49.79059682,77.78641077,151.5176377,65.08937046,0.017837862,0
05-12-23 12:00,45.10891889,100.2884653,167.3660007,94.53220833,0,1
05-12-23 13:00,64.06252357,77.18131933,115.2111964,67.53022892,0.037524293,1
05-12-23 14:00,63.9578782,52.41164422,172.7973409,27.50380549,0.019822707,0
05-12-23 15:00,36.69848289,41.52233665,158.5452014,39.70034763,0.017358882,0
05-12-23 16:00,47.30077372,63.06855604,71.63358634,58.66858647,0.017062441,0
05-12-23 17:00,54.29725525,79.48019206,95.40218735,45.96485023,0.017146205,0
05-12-23 18:00,45.97943146,52.09660152,117.9485085,31.94480087,0.055060075,1
05-12-23 19:00,59.11756994,54.0284406,106.2328361,42.99638184,0.028079884,0
05-12-23 20:00,54.29694922,128.2200025,237.7178957,49.63972473,0.024369436,1
05-12-23 21:00,80.8466993,84.3969259,150.4386817,26.40813008,0.016003271,1
05-12-23 22:00,29.38756719,86.13689621,104.9710152,77.52050116,0.056618447,0
05-12-23 23:00,48.17845073,32.53264836,120.7720161,39.58941301,0.035618485,1
06-12-23 0:00,37.19783914,45.89921148,119.9979553,48.20139627,0.038759548,1
06-12-23 1:00,59.42655765,61.57668045,132.494743,79.09031989,0.02468282,0
06-12-23 2:00,28.35766657,40.4795259,89.72991218,46.92190735,0.038998626,1
06-12-23 3:00,55.31462315,97.45025055,103.1042087,77.39228101,0.026754729,1
06-12-23 4:00,40.94623456,92.60002964,201.4390489,27.44774171,0.014472939,1
06-12-23 5:00,39.52656565,49.22255386,161.7900564,61.38625034,0.026320057,0
06-12-23 6:00,30.394884,102.2358391,140.6181437,73.09644494,0.066746672,0
06-12-23 7:00,43.24015644,59.91073309,150.1639674,31.31934272,0.023385719,0
06-12-23 8:00,67.44364935,124.4345927,147.1649074,45.63620733,0.045162709,0
06-12-23 9:00,49.62280422,63.06980986,137.1917209,46.13269515,0.043320232,1
06-12-23 10:00,59.80918898,72.59804489,183.9234369,55.37282623,0.029956382,1
06-12-23 11:00,77.74065972,92.33756673,178.8758438,62.54635016,0.054743094,0
06-12-23 12:00,54.02590078,89.27882081,66.58744724,29.71073524,0,0
06-12-23 13:00,41.93026338,71.11664425,141.881215,48.5094483,0.000734806,0
06-12-23 14:00,57.22710786,57.06593418,69.49123992,97.37983493,0.056601378,1
06-12-23 15:00,42.1318161,71.19328535,192.1473255,79.67888867,0.010898665,1
06-12-23 16:00,42.68810199,43.85936729,201.5150315,71.73666028,0.021825832,1
06-12-23 17:00,29.51168213,63.2295251,114.0646241,45.29200197,0.057202824,1
06-12-23 18:00,64.75181531,38.55038662,142.7843612,116.8165327,0.023313984,1
06-12-23 19:00,44.35895935,27.35879468,44.7840622,78.9269065,0.055598074,0
06-12-23 20:00,52.76463346,61.06277633,216.4772835,50.93967221,0.014240355,0
06-12-23 21:00,35.53378819,88.89785391,197.3764297,55.65601054,0.030992287,0
06-12-23 22:00,56.72926478,80.72756883,229.8165055,39.16038765,0.020940302,0
06-12-23 23:00,39.15143588,58.28990623,256.1678897,60.29851614,0.050516103,0
07-12-23 0:00,47.89445054,101.2647432,82.48383056,65.88208983,0.016019485,0
07-12-23 1:00,63.93796901,48.53545709,210.2344976,69.04617648,0.007360789,1
07-12-23 2:00,62.48668997,25.24263728,255.5865776,45.5808427,0.013174098,1
07-12-23 3:00,49.67003424,21.31822191,69.99146114,19.67288577,0.013765386,0
07-12-23 4:00,26.60432186,37.2878083,139.4751789,56.22009347,0.010902009,0
07-12-23 5:00,103.8490737,78.14943357,128.0797421,69.16850883,0.01040345,0
07-12-23 6:00,79.2359081,47.27360532,207.8572565,28.40886641,0.041722225,1
07-12-23 7:00,61.36238128,69.99885578,34.76440633,47.75393722,0.048470979,0
07-12-23 8:00,39.26925921,98.63732452,283.2835701,88.93523731,0.026731661,1
07-12-23 9:00,48.30902075,38.71328378,143.042421,24.25818019,0.010899834,0
07-12-23 10:00,42.14399932,70.39193736,212.2912738,43.1481568,0.011678787,1
07-12-23 11:00,70.55517092,71.75394632,146.2569438,93.81322723,0,0
07-12-23 12:00,54.00645113,43.03580707,182.2109381,54.01750625,0.026507455,0
07-12-23 13:00,38.85245508,91.18926028,37.24525523,37.67976962,0.010474678,1
07-12-23 14:00,43.16028388,54.08231486,126.8336583,49.8243585,0.050030014,1
07-12-23 15:00,68.07488499,52.16208693,207.2972701,72.69434564,0.003647771,1
07-12-23 16:00,76.56178082,111.0322432,168.5459699,45.03660513,0.011575005,1
07-12-23 17:00,75.26077082,71.38802919,63.77292428,66.01086603,0.018498409,1
07-12-23 18:00,61.92857852,80.71534545,153.861694,56.04041509,0.028092988,0
07-12-23 19:00,46.27444629,91.20635385,102.8506386,58.22857641,0.05859897,1
07-12-23 20:00,11.8847045,46.97472065,98.33000092,67.85144929,0.003707348,0
07-12-23 21:00,54.54570444,88.5893222,68.83167436,42.89006872,0.015442492,1
07-12-23 22:00,49.97257196,49.83807014,190.9656715,29.06353287,0.003268295,0
07-12-23 23:00,52.11932643,49.00783078,226.9962097,62.53504371,0.034511296,1
08-12-23 0:00,50.81136513,54.39897656,309.4789873,46.74248973,0.010905109,1
08-12-23 1:00,31.86503889,47.51708545,70.90888748,39.39963036,0.018379155,0
08-12-23 2:00,58.67183265,78.27919689,201.4939203,63.99087665,0.017332808,1
08-12-23 3:00,59.88294218,65.71852606,206.2382578,86.82852373,0.021901159,0
08-12-23 4:00,60.70066794,50.04623943,115.7403718,46.20722385,0.017572936,0
08-12-23 5:00,65.09466308,74.84704126,97.70305147,50.21145265,0.007285585,0
08-12-23 6:00,59.42565306,54.33475688,89.21412326,24.6455408,0.021380024,0
08-12-23 7:00,44.01768295,53.27196747,118.7090309,44.58141346,0.009182958,0
08-12-23 8:00,48.94246514,61.02591676,162.9101828,55.67916956,0.035023551,1
08-12-23 9:00,51.37517675,70.05486072,246.1064287,49.49015142,0.020928506,1
08-12-23 10:00,51.62709091,68.41477242,226.4142832,41.33957472,0.006607311,1
08-12-23 11:00,65.96970333,52.56969213,64.69387241,69.72658014,0.075889162,1
08-12-23 12:00,60.06934076,78.86573145,104.430939,51.46028664,0.054796999,1
08-12-23 13:00,85.47550736,55.40391156,241.361914,134.8257827,0.077007238,1
08-12-23 14:00,87.96554006,46.88883276,107.5136783,55.3224235,0.014866407,0
08-12-23 15:00,51.2010878,32.40417672,146.4623001,3.967262442,0.00872963,0
08-12-23 16:00,7.170092571,82.09670799,60.86750369,25.90905268,0.034855309,0
08-12-23 17:00,70.08224154,60.26042187,230.0415048,64.15243476,0.041411629,1
08-12-23 18:00,42.1863615,64.49502026,52.40487133,35.1587975,0.023263741,0
08-12-23 19:00,38.62011765,83.60241684,63.51729833,36.48272918,0,1
08-12-23 20:00,44.18207951,50.3163442,222.3013653,23.62632572,0.007190025,1
08-12-23 21:00,43.49984431,33.97107572,292.1236761,38.76350978,0.027295605,1
08-12-23 22:00,59.55892147,61.47269877,132.343536,54.96101782,0.010744713,0
08-12-23 23:00,29.04030326,66.60945307,147.084251,60.09250046,0.003749595,0
09-12-23 0:00,34.99567082,54.58380406,211.717303,27.62317013,0.016076669,1
09-12-23 1:00,55.26513611,94.20634281,168.5931686,72.08118986,0,1
09-12-23 2:00,59.73221972,17.06203838,127.5096146,24.47385368,0.011439043,0
09-12-23 3:00,60.03470036,85.4029797,121.07314,61.52431938,0.013728115,1
09-12-23 4:00,38.81388192,77.55311281,66.80426269,58.76697095,0.02525539,0
09-12-23 5:00,36.28301894,69.90514565,164.884432,29.26012103,0.029661605,0
09-12-23 6:00,42.65715635,6.638426183,144.3058908,26.99553264,0.026471351,0
09-12-23 7:00,53.65563022,89.43422006,123.7848695,59.99569896,0.036771148,1
09-12-23 8:00,74.48880355,40.02523415,93.40837258,36.94334234,0.017396984,0
09-12-23 9:00,23.48044124,49.72509517,98.58255658,45.34638637,0.003066801,0
09-12-23 10:00,46.73778983,56.46120683,190.9428976,68.60068703,0.020712972,0
09-12-23 11:00,31.78585521,68.80476291,209.7679628,62.66714629,0.008291494,1
09-12-23 12:00,27.9462657,74.04129122,130.1972701,29.61825019,0.003813235,0
09-12-23 13:00,65.43935483,79.94539802,124.0922582,48.66913243,0.030270044,1
09-12-23 14:00,58.46598454,78.13134914,101.019287,29.25319748,0.003382589,0
09-12-23 15:00,56.94349322,65.40742954,213.8170435,74.01885508,0.032271407,1
09-12-23 16:00,64.66367619,68.99386333,151.943,95.49557383,0.004334483,0
09-12-23 17:00,43.03434677,38.87878747,173.805918,31.0151754,0.015604519,0
09-12-23 18:00,43.69761248,45.07449895,173.1753881,49.22373657,0.011930001,0
09-12-23 19:00,87.56337758,80.00743822,131.3367304,75.46172941,0.042067911,0
09-12-23 20:00,46.36223147,78.63277881,85.31337873,50.60703373,0.030569094,1
09-12-23 21:00,61.56740092,75.98561614,93.69536535,64.98349675,0.00885022,0
09-12-23 22:00,50.09576384,49.59418491,228.1256004,51.29814793,0.017552986,1
09-12-23 23:00,25.69218164,80.36382865,107.8044367,26.93040953,0.046572613,1
10-12-23 0:00,23.51107271,37.63659952,125.3627384,53.01555491,0.050575636,1
10-12-23 1:00,41.65045943,84.36561225,86.82164286,81.99439619,0.003719967,1
10-12-23 2:00,66.95686863,54.62379354,82.86874924,58.15364026,0.046256269,0
10-12-23 3:00,62.44577859,99.62222347,105.4768764,98.50081163,0.044444548,1
10-12-23 4:00,64.54669453,31.52189513,272.6297619,15.12708129,0.022953519,1
10-12-23 5:00,36.16856748,101.6958757,193.7254162,59.90721715,0.018572551,1
10-12-23 6:00,76.84913126,52.60523378,118.7407346,35.05954342,0.012101968,0
10-12-23 7:00,36.45761958,52.24694238,224.7155326,30.40941076,0.004658602,0
10-12-23 8:00,53.2376602,64.14855845,140.6204901,88.70248428,0.025767737,0
10-12-23 9:00,49.84482282,46.09022135,245.6516747,43.81995817,0.017365851,1
10-12-23 10:00,47.4221248,58.4889382,317.5836538,41.58212068,0.027526195,0
10-12-23 11:00,71.87071099,45.32598719,220.6028081,58.94353029,0.027972493,1
10-12-23 12:00,39.92052304,46.01490096,155.963074,10.08704575,0.079305917,0
10-12-23 13:00,31.57735551,70.58019185,196.6410729,89.37863364,0.043443094,0
10-12-23 14:00,50.30033211,42.28635511,150.9433141,108.4913223,0.02964802,0
10-12-23 15:00,44.1624604,44.75310464,55.47544221,75.39013398,0,1
10-12-23 16:00,112.0674592,33.99821748,111.6571182,60.80895015,0.026738671,1
10-12-23 17:00,60.60527451,49.79837492,95.95868466,44.72632907,0.052826993,1
10-12-23 18:00,44.02745108,90.12409245,110.4488366,26.58793662,0.013715519,0
10-12-23 19:00,35.27369811,43.30879914,281.4080078,84.12896058,0.069448146,0
10-12-23 20:00,25.33115835,45.43863228,227.6896792,75.42758649,0.029589196,1
10-12-23 21:00,35.67278789,64.12876946,178.7215765,61.8607203,0.024973168,0
10-12-23 22:00,51.73733819,52.41950988,204.7308408,58.67464694,0.007092557,1
10-12-23 23:00,73.44719685,114.2382514,53.22346779,57.78587774,0.050842549,1
11-12-23 0:00,68.08352367,56.62653575,198.6929912,37.6814103,0.008779799,0
11-12-23 1:00,53.48890692,67.20814228,214.0238829,131.2967572,0.011925575,1
11-12-23 2:00,45.25692235,81.15519376,40.11460556,43.10415391,0.00051812,0
11-12-23 3:00,54.10444543,80.69840153,201.3408208,39.87862457,0.036747737,1
11-12-23 4:00,42.48941541,64.98067386,73.16331177,81.78243332,0.030438694,1
11-12-23 5:00,78.72823476,56.65526588,50.16019185,49.27241462,0.020163546,1
11-12-23 6:00,47.19794021,108.6496365,243.4496086,49.52621949,0.033487806,1
11-12-23 7:00,48.71238635,57.91996239,93.14432123,91.36725383,0.03158775,1
11-12-23 8:00,21.67253264,51.01714303,108.3288072,68.34693709,0.01455254,0
11-12-23 9:00,47.10667208,47.06285262,217.7261868,69.83161792,0.009290513,1
11-12-23 10:00,63.24696778,28.20990669,131.4816304,20.58694678,0.001382121,0
11-12-23 11:00,35.12419285,78.26650946,138.9344215,60.49480177,0.017251885,0
11-12-23 12:00,39.302776,18.96070146,137.6146031,27.89354357,0.004203375,0
11-12-23 13:00,62.51905602,59.87986947,172.4498726,39.24620847,0.022682072,0
11-12-23 14:00,30.0306582,55.7608785,136.1614626,54.48358131,0.017510523,0
11-12-23 15:00,66.98595808,114.5654351,157.2110282,49.0986884,0.014052394,1
11-12-23 16:00,42.30101877,26.56774353,120.0490419,67.63946243,0.040029847,0
11-12-23 17:00,44.32246195,42.29481167,172.7313865,71.04942516,0.007136916,0
11-12-23 18:00,34.40492659,57.16975774,170.2061742,73.28613575,0.000677398,1
11-12-23 19:00,55.81361288,55.91041067,290.2296888,21.81560495,0.016546117,0
11-12-23 20:00,92.94904996,48.91256248,127.0439294,125.8129187,0.009803456,1
11-12-23 21:00,62.33319653,58.30909246,138.6931568,49.38734064,0.021989444,0
11-12-23 22:00,37.78271008,35.9289301,165.2687427,84.7369558,0.007886436,0
11-12-23 23:00,68.3239429,67.69243059,215.8580444,6.107486095,0.02725898,1
12-12-23 0:00,45.35009275,19.33274911,88.92527681,43.57797812,0.0072734,0
12-12-23 1:00,72.50648369,59.45983962,156.5379012,19.88372413,0.007163774,0
12-12-23 2:00,62.75087285,47.93315166,31.19130473,30.69171665,0.031002933,1
12-12-23 3:00,14.51495879,82.89130857,133.4716327,51.27156144,0.019263241,0
12-12-23 4:00,35.94698141,101.4832079,223.9498991,41.9674356,0.005234309,1
12-12-23 5:00,65.05764179,53.21229776,107.7797948,88.03034726,0.007488809,1
12-12-23 6:00,52.29785901,92.10642243,161.2399802,103.612798,0.01445194,1
12-12-23 7:00,35.69173702,53.51145236,118.6218482,28.63344987,0.005631696,0
12-12-23 8:00,40.89759294,41.1114437,100.7187955,38.51961544,0.01564176,0
12-12-23 9:00,25.04018875,101.2362455,216.3805852,27.41222291,0.016147741,1
12-12-23 10:00,48.68221053,71.3431175,91.22672626,82.90582016,0.007849986,0
12-12-23 11:00,88.04749495,60.09323853,168.8253028,54.05197472,0.031668263,0
12-12-23 12:00,62.72191862,75.1390463,169.8424606,50.81141516,0.006797422,0
12-12-23 13:00,87.65418166,65.87130657,101.1159047,58.10456604,0.04458576,1
12-12-23 14:00,64.01458097,58.55357942,159.875756,42.51120969,0.016647459,0
12-12-23 15:00,66.46790395,34.78401265,96.81052491,30.78887207,0.010750913,0
12-12-23 16:00,83.50816698,54.42851371,184.2455927,51.28418861,0.029502592,1
12-12-23 17:00,55.80127646,73.67103488,78.19038623,43.53867128,0.0205547,0
12-12-23 18:00,47.22664425,57.4444093,129.4666474,59.03687906,0.033890594,1
12-12-23 19:00,66.5562443,80.17012865,134.5851323,17.19059793,0,0
12-12-23 20:00,73.92125499,68.27754227,226.9917261,54.76315313,0.029071029,1
12-12-23 21:00,43.03089642,42.71582241,158.8703644,34.19403002,0.012500513,0
12-12-23 22:00,39.69712571,34.90771087,215.1606477,53.85130299,0.020605586,0
12-12-23 23:00,52.10212148,56.73630912,186.5142835,75.08480184,0.018612602,1
13-12-23 0:00,63.16387337,49.40342579,186.0727546,37.0220409,0.046985982,1
13-12-23 1:00,62.60831505,67.23242654,129.9152535,84.21443287,0.000616398,1
13-12-23 2:00,30.66573935,45.69269171,220.0601107,15.57169851,0.053641416,1
13-12-23 3:00,82.32832876,47.64482273,128.5004936,95.74594314,0.032800295,0
13-12-23 4:00,40.79361853,83.77789781,59.83968465,85.56395386,0.02250362,1
13-12-23 5:00,46.0942845,63.14520852,136.8526031,30.19338265,0.003228582,0
13-12-23 6:00,37.27496949,45.98346962,179.5761204,30.35820432,0.001634347,0
13-12-23 7:00,97.75591105,60.37094483,65.07336978,19.33078108,0.011968836,1
13-12-23 8:00,53.68965826,91.80923043,99.38153969,75.58128644,0.031371716,0
13-12-23 9:00,37.95953238,66.29898638,82.17430994,42.0672436,0.019904066,0
13-12-23 10:00,63.70521715,72.97935299,202.8833619,40.3948429,0.030254927,0
13-12-23 11:00,62.12860654,45.05185993,271.3447312,25.71176625,0.003010534,0
13-12-23 12:00,47.21933608,83.13511203,137.1576453,105.1490955,0.020716309,0
13-12-23 13:00,63.31572034,116.7405446,184.9157949,28.51976824,0.041125683,1
13-12-23 14:00,38.30172741,44.31881105,183.1282593,50.60590547,0.049554114,0
13-12-23 15:00,42.8491943,37.27553659,261.5980189,55.53917149,0.004653826,1
13-12-23 16:00,23.88772118,63.73260974,111.7703953,40.51003657,0.01474079,0
13-12-23 17:00,31.89358021,79.53536969,136.5476453,36.06094107,0.014895675,0
13-12-23 18:00,80.38199121,58.093345,129.398699,41.17752593,0.011155162,0
13-12-23 19:00,77.31571736,39.54653125,154.7445338,65.09213865,0.036996459,1
13-12-23 20:00,50.99115788,57.73741838,344.149416,41.68491713,0.090679719,1
13-12-23 21:00,77.70931271,73.09650928,151.9313906,98.56583853,0.005901647,1
13-12-23 22:00,47.62450654,51.700844,100.963766,32.38540021,0.027337573,0
13-12-23 23:00,46.40809404,73.30549336,85.8411064,70.5586998,0.024990538,0
14-12-23 0:00,50.85085318,86.49375331,237.70503,15.34484151,0.025373173,1
14-12-23 1:00,48.14178148,65.13140927,100.7265033,32.38771166,0.046658601,1
14-12-23 2:00,46.8183646,59.41426842,194.1162709,31.59169455,0.026390731,0
14-12-23 3:00,68.45833084,78.44793945,110.2911737,26.05803694,0,0
14-12-23 4:00,52.27457552,43.12124556,80.4587669,57.32788267,0.003204201,0
14-12-23 5:00,61.19485673,41.31829979,190.0225744,47.28174381,0.006344035,0
14-12-23 6:00,66.53445367,54.50857319,112.9654803,8.608474357,0.009703996,0
14-12-23 7:00,55.97347515,50.03344955,177.6750243,111.834871,0.01782514,1
14-12-23 8:00,36.38735656,44.09785601,182.7008845,54.49334996,0.016702971,0
14-12-23 9:00,31.53725778,103.4657602,185.9320121,50.02943802,0.000799974,1
14-12-23 10:00,52.2538452,112.6881892,133.6721296,87.90220541,0.002024533,0
14-12-23 11:00,47.46048415,52.759855,195.7115595,77.65505981,0,1
14-12-23 12:00,51.3185087,61.93871649,97.44740484,42.81238959,0.002380658,0
14-12-23 13:00,49.75944714,56.10822817,32.75471307,12.62409525,0.038805848,1
14-12-23 14:00,95.42845776,85.09731589,197.1789401,65.0652346,0.015892184,0
14-12-23 15:00,31.81610806,89.9756223,160.5139278,28.7100639,0.007479671,1
14-12-23 16:00,24.11069211,27.41546014,114.1032825,85.58894066,0.000350078,0
14-12-23 17:00,55.09612686,70.33610622,71.03869507,32.40319853,0.006872253,0
14-12-23 18:00,44.49535562,35.11842486,47.59976333,39.31587869,0.030820935,1
14-12-23 19:00,54.84091694,101.5609968,153.2500235,21.83287899,0.028289393,1
14-12-23 20:00,59.09916472,69.53593613,269.3600938,23.22278471,0.016151806,1
14-12-23 21:00,70.9104953,43.72651639,141.4553504,47.3088078,0.01594131,0
14-12-23 22:00,29.66334237,55.01960487,128.1999179,45.06623854,0.001071969,0
14-12-23 23:00,41.95916635,54.05673936,148.4805726,38.78232745,0.009389889,0
15-12-23 0:00,56.6152551,71.4409872,314.693929,113.9698608,0.029815284,0
15-12-23 1:00,62.15056809,83.5085375,200.386174,66.18432596,0.01056909,1
15-12-23 2:00,87.71296418,37.86521685,96.88092327,50.25639785,0.053882649,1
15-12-23 3:00,65.24892965,103.6853717,151.761233,3.875392123,0.043649213,1
15-12-23 4:00,49.15139601,97.58685335,171.4403927,72.68988522,0.013357343,0
15-12-23 5:00,37.43633954,42.7674921,90.67393165,151.7651504,0.015965401,0
15-12-23 6:00,41.85407525,61.53678783,200.9037694,45.40721951,0.070395394,1
15-12-23 7:00,41.46075429,100.3172782,102.8998176,31.70797857,0.035708336,1
15-12-23 8:00,60.25783554,88.17142268,69.26363221,54.1631412,0.021139219,0
15-12-23 9:00,53.92100937,53.09849017,154.793125,20.36157456,0.023074698,0
15-12-23 10:00,31.89730462,78.09586011,144.9057563,62.19201345,0.022448784,0
15-12-23 11:00,43.65148805,129.9719829,149.9361374,94.25744492,0.019729287,1
15-12-23 12:00,63.93330301,62.22494755,105.7177997,34.57716811,0.006305338,0
15-12-23 13:00,55.39860174,47.31475243,113.2750561,35.25756658,0.014048515,0
15-12-23 14:00,58.85302594,63.6654098,228.1682675,48.02665856,0.003209996,1
15-12-23 15:00,55.89045469,65.26877591,178.7351901,38.22318136,0.033173021,0
15-12-23 16:00,77.04173795,49.39743667,95.69554854,19.05337981,0.017932854,1
15-12-23 17:00,53.59636229,69.56667547,50.91275434,40.81428192,0.034211886,1
15-12-23 18:00,44.35867163,36.01786077,97.86591901,36.35850899,0.004481652,0
15-12-23 19:00,37.10228168,46.68819179,159.97965,89.76628817,0.048820197,1
15-12-23 20:00,53.80644675,76.78554301,112.9002938,82.88904019,0.045815515,1
15-12-23 21:00,19.34647587,27.76706968,108.6684827,90.79027503,0.00224562,1
15-12-23 22:00,47.26962741,80.19008698,115.2601327,71.97141398,0.012673661,1
15-12-23 23:00,46.95477215,23.82049484,145.4874957,55.27161261,0.014116347,0
16-12-23 0:00,31.39471791,28.13841104,202.7330903,30.43356751,0.003196306,1
16-12-23 1:00,36.93768989,49.89491607,149.9738008,88.42863867,0.016044706,1
16-12-23 2:00,62.80040827,66.147577,153.894081,59.0576084,0.029863869,1
16-12-23 3:00,53.51390415,90.46502109,136.2496004,23.47198055,0.013150229,1
16-12-23 4:00,51.53718587,61.2150586,120.2863415,29.65876041,0.001395783,0
16-12-23 5:00,54.68906182,54.91355726,210.6880549,23.1975261,0.034150023,0
16-12-23 6:00,51.39799369,72.67507784,199.7070942,11.33174455,0.009213213,1
16-12-23 7:00,70.18764579,42.8488219,302.9290145,60.16590309,0.010432571,1
16-12-23 8:00,51.86667249,62.95687323,190.3970012,23.65012201,0.055380911,1
16-12-23 9:00,30.25318878,36.96963557,120.3396059,32.81572778,0.026818472,0
16-12-23 10:00,77.10927318,61.74463264,98.36965713,50.97551627,0.00901878,1
16-12-23 11:00,55.69225592,57.29872336,215.0077068,45.40858816,0.005216295,1
16-12-23 12:00,41.508414,44.08064398,103.0485415,33.69095175,0.038253083,1
16-12-23 13:00,32.76999009,63.50671098,204.5425839,94.89466137,0.036766788,1
16-12-23 14:00,56.09546138,63.36724971,105.9701911,18.82565952,0.012662632,0
16-12-23 15:00,48.2561492,86.75707246,172.5538684,19.51697168,0.004611159,1
16-12-23 16:00,76.09013989,30.14878647,90.5039849,62.07496082,0.026615649,0
16-12-23 17:00,44.93104264,58.41164809,202.3921616,35.52280336,0.03056098,1
16-12-23 18:00,38.14049474,44.90148798,82.02719605,34.6964694,0.014452964,0
16-12-23 19:00,64.23939414,79.39973228,167.5068673,26.51705549,0.006000294,0
16-12-23 20:00,64.73537497,76.68472847,137.8698479,58.79816979,0.020397977,0
16-12-23 21:00,52.5582138,71.05238965,156.4250896,55.79352609,0.028027626,0
16-12-23 22:00,60.60281457,45.96257346,126.2022244,53.02064866,0.012918214,0
16-12-23 23:00,49.43611351,79.77096947,124.8509267,36.44559328,0.024396056,0
17-12-23 0:00,53.5626694,31.37920149,159.8175686,32.91639631,0.026166485,0
17-12-23 1:00,68.83206699,28.07543008,93.39203934,46.00245284,0.042263686,1
17-12-23 2:00,59.77079803,35.64847921,93.09527201,76.96609284,0.013799991,1
17-12-23 3:00,47.48953726,59.29870983,128.3620027,96.58135665,0.005665616,1
17-12-23 4:00,72.11432264,74.86222287,126.1060113,81.48921472,0.018936481,0
17-12-23 5:00,20.11971034,10.78847198,93.22765331,63.41074432,0.055543023,0
17-12-23 6:00,84.99210455,90.40207237,212.8884551,77.44841442,0.001115834,0
17-12-23 7:00,27.32091001,62.77914173,129.7666462,24.64252045,0,0
17-12-23 8:00,40.98685304,30.7636459,136.1418668,33.68414715,0.0183064,0
17-12-23 9:00,49.38791122,62.13517181,77.60346836,63.93494402,0.014363144,0
17-12-23 10:00,47.82424653,84.73345138,305.2272916,47.0878643,0.016796408,0
17-12-23 11:00,66.10902878,73.12725562,337.0356491,58.77939116,0.016251737,1
17-12-23 12:00,35.25146903,84.89247671,104.8792205,77.36468596,0.039122787,0
17-12-23 13:00,53.9795016,34.10876556,235.6501257,72.63777495,0.019326021,1
17-12-23 14:00,41.66114776,51.56299056,144.3122417,26.29651639,0.035128611,1
17-12-23 15:00,54.51422289,41.86404674,265.668061,50.29652852,0,1
17-12-23 16:00,49.03261155,100.4943069,171.692884,29.52317814,0.012375033,1
17-12-23 17:00,51.40267183,74.03979698,156.2948505,32.37971903,0.008949385,0
17-12-23 18:00,42.05354483,128.4700959,31.27374316,16.00949313,0,1
17-12-23 19:00,42.60920598,50.50818781,99.7188174,53.39355829,0.021686418,0
17-12-23 20:00,54.39161321,45.56957062,151.2850684,14.93689656,0.018425227,0
17-12-23 21:00,65.04633154,57.03123976,162.6534505,60.319354,0.013181639,0
17-12-23 22:00,41.38374815,91.79530459,82.92781859,89.49733001,0.01803199,1
17-12-23 23:00,37.72324388,52.51255196,107.6384271,64.10217217,0.021686318,0
18-12-23 0:00,59.57823586,62.63641663,186.4282602,51.30528615,0.039288686,1
18-12-23 1:00,49.51349811,62.0445284,75.02896093,95.42479628,0.031519009,1
18-12-23 2:00,63.14719916,60.83177198,158.4654096,58.50780449,0.02558072,0
18-12-23 3:00,37.23351039,46.93806796,236.5672694,30.66439512,0.072885871,0
18-12-23 4:00,26.47481901,57.14516083,174.9833728,53.17461617,0.010174935,0
18-12-23 5:00,42.28903212,56.26650079,171.6432296,110.5134598,0.003789573,1
18-12-23 6:00,39.09200718,59.84122798,48.22660569,26.265608,0.042922333,0
18-12-23 7:00,48.82438161,81.14918916,102.6836951,21.21112878,0.060324663,0
18-12-23 8:00,40.85289361,101.6229053,303.7060856,66.50705412,0.011047333,0
18-12-23 9:00,61.66436039,43.41036587,114.7063502,44.54927027,0.047739843,0
18-12-23 10:00,45.76077664,51.99862238,238.6231636,37.5490311,0.012318432,1
18-12-23 11:00,52.27976006,43.69571708,114.061204,23.27711293,0.030381857,0
18-12-23 12:00,52.38936703,63.98164276,133.099324,12.65600727,0.031474215,1
18-12-23 13:00,52.96233387,49.1293916,183.8191566,19.9528144,0.011097837,0
18-12-23 14:00,49.63864556,65.12198729,156.354148,98.19709149,0.05977878,1
18-12-23 15:00,57.91972342,85.00315366,174.7178387,49.77838018,0.062928741,1
18-12-23 16:00,38.69824008,16.52727316,102.8691847,12.49351103,0.006789284,0
18-12-23 17:00,72.94963943,70.69014887,86.72977282,83.80832699,0.023338136,1
18-12-23 18:00,46.50788918,50.65373015,99.3416352,85.44529395,0.03714098,1
18-12-23 19:00,32.04692407,69.98685062,118.4302918,85.26389725,0.000511027,1
18-12-23 20:00,52.85647194,42.37962799,135.9853333,39.97231539,0.020421754,0
18-12-23 21:00,37.95680098,87.26804128,221.2853526,43.49651214,0.001748145,1
18-12-23 22:00,60.42268806,80.43001521,155.5046122,53.49752088,0.032016354,1
18-12-23 23:00,88.02644044,72.41993137,181.696325,90.91495665,0.021397745,0
19-12-23 0:00,38.82011428,77.60155063,158.9703684,37.05121995,0.014438805,0
19-12-23 1:00,55.09605637,45.17589501,87.7505206,32.84708692,0.002295118,0
19-12-23 2:00,26.74921604,47.56380155,151.0811348,68.84382062,0.011497343,0
19-12-23 3:00,57.0146084,76.65040057,158.2765056,84.61825938,0.029115848,1
19-12-23 4:00,37.49878194,44.76180006,200.9601011,48.68859322,0.019349514,0
19-12-23 5:00,41.01789902,93.49312701,90.06452842,68.1094667,0.043346883,0
19-12-23 6:00,34.69353459,53.36165428,47.45397992,52.84910193,0.041859654,1
19-12-23 7:00,61.51831381,70.91762915,161.202902,43.9082564,0.040898309,0
19-12-23 8:00,66.12422743,110.6945127,172.866884,31.33115203,0.012263287,0
19-12-23 9:00,50.35132509,45.9174367,138.9815231,25.14768048,0.024980636,0
19-12-23 10:00,37.78083295,61.45108904,151.7560173,35.76466039,0.007351284,0
19-12-23 11:00,76.36942902,83.80479967,209.556719,28.45659496,0.004603354,1
19-12-23 12:00,39.30696344,81.33421817,122.5876668,57.32815037,0.043099987,1
19-12-23 13:00,22.24389917,53.2770728,133.0507917,84.88589727,0.005239133,1
19-12-23 14:00,57.08595563,49.54917633,154.9772583,55.22509323,0.004319689,0
19-12-23 15:00,34.64890697,55.18567396,82.68926966,29.52550043,0.021716312,0
19-12-23 16:00,65.80647925,93.54945126,140.64486,73.57943688,0.015888982,1
19-12-23 17:00,44.42820049,54.25562714,146.0404219,57.68645327,0.017154317,0
19-12-23 18:00,59.42016828,61.64958263,268.3945817,63.10520889,0.0728386,1
19-12-23 19:00,72.98670842,51.31070415,131.9010091,37.82503568,0.007055428,0
19-12-23 20:00,33.32845679,75.56321803,162.7407295,82.18804167,0.028655705,1
19-12-23 21:00,41.83122787,63.30230785,212.4767502,82.02559291,0.021409628,0
19-12-23 22:00,48.87066002,40.43820909,101.8654887,45.49996352,0.039205718,1
19-12-23 23:00,75.42733384,41.06262385,247.3397439,69.50981533,0.00927977,0
20-12-23 0:00,40.55772703,24.02091942,278.9093187,81.17706386,0.016559716,0
20-12-23 1:00,41.43587921,43.57889334,148.198992,39.01540827,0.021865435,0
20-12-23 2:00,57.40072704,77.61838678,118.031754,47.98883296,0.003226391,0
20-12-23 3:00,41.67476212,90.42748424,267.5800698,52.01388391,0.000891231,0
20-12-23 4:00,52.31115239,75.10171103,203.5251005,26.17012334,0.01966852,1
20-12-23 5:00,29.13420705,72.10870153,155.163389,61.62676011,0.046770021,1
20-12-23 6:00,88.11820623,57.36696622,251.3930384,78.69972912,0.014736883,0
20-12-23 7:00,31.60068171,77.1739445,243.032134,46.46495915,0.016697431,1
20-12-23 8:00,45.27723424,66.13477552,129.6623528,58.84274554,0.042383663,0
20-12-23 9:00,49.51383948,102.7774826,165.9168151,90.83260463,0.017685384,1
20-12-23 10:00,82.34869791,57.94718562,188.0456679,40.36364725,0.034241306,1
20-12-23 11:00,31.88252963,90.90867583,151.8005794,59.39599755,0.083993634,1
20-12-23 12:00,83.69064413,79.50250886,74.67771407,36.72875279,0.011765981,0
20-12-23 13:00,61.93096905,76.25562425,96.6407664,36.14195032,0.01726117,0
20-12-23 14:00,56.43039838,23.82782819,76.17784267,58.89800454,0.026810457,0
20-12-23 15:00,36.19999819,80.80807065,182.2656152,56.20901699,0.050540804,1
20-12-23 16:00,58.89332095,57.34671987,84.39412265,64.80105357,0.018197734,0
20-12-23 17:00,39.67113356,50.97314972,162.2482777,51.92136921,0.033263809,1
20-12-23 18:00,70.60434953,32.15737277,284.6292189,62.27764395,0.025929234,0
20-12-23 19:00,36.37703103,59.88271701,251.4668028,99.95983464,0.018859816,1
20-12-23 20:00,48.31542743,60.7062721,55.41805917,79.86799033,0.013803517,1
20-12-23 21:00,41.97923188,35.18368065,79.89162278,58.80304899,0.011365985,0
20-12-23 22:00,36.16235716,32.31694807,105.08559,63.38746819,0.097240761,1
20-12-23 23:00,61.66935232,70.57420686,85.13571774,42.7954769,0.002467717,0
21-12-23 0:00,58.31859728,79.44561251,63.04721339,46.09629622,0.003134627,0
21-12-23 1:00,69.59685864,64.05025249,149.3231838,63.03907657,0.024095541,0
21-12-23 2:00,26.46982878,86.15415823,197.051785,52.2143033,0.023376207,1
21-12-23 3:00,67.09501982,58.19710888,215.0882131,71.71210277,0.027366975,1
21-12-23 4:00,93.8590078,58.86305433,121.6960051,86.49324707,0.008301767,1
21-12-23 5:00,43.42936334,42.003822,133.4496085,47.48691991,0.006737377,0
21-12-23 6:00,82.01881744,30.88645101,172.9888656,11.88043983,0.015676576,1
21-12-23 7:00,46.12183477,104.1075623,143.2902671,113.2684969,0.036993119,1
21-12-23 8:00,31.29736242,85.67703637,204.6054236,34.96488613,0.006823599,0
21-12-23 9:00,45.50892455,33.66587296,178.0090874,54.99330685,0.022486513,0
21-12-23 10:00,66.82179107,63.30717805,127.3306036,69.77504225,0.012591077,0
21-12-23 11:00,38.12989258,57.91404136,54.64282088,91.17995777,0.002580432,1
21-12-23 12:00,41.35532662,54.35876588,257.1720499,104.9361339,0.004423494,1
21-12-23 13:00,59.25538054,51.6615686,109.9441104,41.30038254,0.037051764,1
21-12-23 14:00,50.04591112,68.22470133,173.1145045,83.9883294,0.011432515,0
21-12-23 15:00,59.11112828,78.18580282,52.25296245,55.06708597,0.044542119,1
21-12-23 16:00,53.624006,68.69309253,149.2934819,141.1555909,0.0194082,0
21-12-23 17:00,57.42442024,57.49090116,156.3266873,81.14405388,0.003727626,1
21-12-23 18:00,43.70236653,56.73531931,159.420125,45.65763895,0.028318339,0
21-12-23 19:00,53.52966336,80.98953225,392.8597799,32.06007305,0.009104985,1
21-12-23 20:00,36.94942561,70.05451552,112.944964,5.03217763,0.014396513,0
21-12-23 21:00,70.98656554,61.53440436,205.3324528,68.23246108,0.041972778,1
21-12-23 22:00,40.88818366,59.24800611,184.3446615,78.26212564,0.004354955,0
21-12-23 23:00,68.20700896,67.42949829,110.3483683,70.30364493,0.013412618,0
22-12-23 0:00,46.5504678,50.49370328,204.2489568,7.780317499,0.006185613,0
22-12-23 1:00,53.07078876,78.26470421,139.8919497,23.29750021,0.005205351,0
22-12-23 2:00,42.82052164,39.14317767,209.2990052,62.7141606,0.013100671,0
22-12-23 3:00,35.79231525,51.61335798,295.6324104,104.2023784,0.008485162,0
22-12-23 4:00,26.872783,73.39340399,159.5613725,48.62041361,0.015842563,0
22-12-23 5:00,35.2838467,38.13459612,132.9038615,80.86219273,0.031445791,0
22-12-23 6:00,45.24628415,30.67835442,222.3568839,27.34982184,0.009677606,1
22-12-23 7:00,53.22308047,61.33059937,248.9946633,55.30690688,0.002975758,0
22-12-23 8:00,66.17655606,28.69133416,99.47726707,43.35981129,0.03149809,1
22-12-23 9:00,43.51233782,35.25546137,122.9212027,83.92084312,0.009600517,1
22-12-23 10:00,37.54844333,76.74712848,194.9511341,37.37836152,0.059266523,1
22-12-23 11:00,30.44070416,55.76241509,141.8525941,100.3624317,0.013957895,1
22-12-23 12:00,57.43141535,89.47394099,95.81874673,42.59124883,0.017879865,1
22-12-23 13:00,72.6611448,36.87626523,185.5475321,26.68724559,0,0
22-12-23 14:00,70.59854637,58.04024089,194.6734979,27.31411563,0.005461136,0
22-12-23 15:00,61.15299573,68.63077734,129.7717733,35.6015683,0,0
22-12-23 16:00,59.98588733,37.47434427,153.8568799,59.67614363,0.024964859,0
22-12-23 17:00,78.34628319,83.26379894,115.9588022,35.86672733,0.018711324,1
22-12-23 18:00,55.09150002,71.11544593,88.744931,31.50761498,0.031273137,1
22-12-23 19:00,60.1094287,30.08967857,120.4159014,74.62047639,0.034874292,1
22-12-23 20:00,45.29114436,59.20955894,154.6535678,0.655309631,0.038156836,1
22-12-23 21:00,31.42451158,68.32853536,70.86225293,39.80735375,0.016551286,0
22-12-23 22:00,40.20991581,48.13106017,124.5779136,21.98462061,0.021388491,0
22-12-23 23:00,49.86269831,32.20783719,155.535668,30.54929948,0.030268594,1
23-12-23 0:00,50.91547545,65.96394352,233.2295182,56.27199017,0.00917913,1
23-12-23 1:00,82.60486502,113.770495,131.0492617,44.99554519,0.007631403,1
23-12-23 2:00,51.22576349,52.09796896,81.44473911,42.87292861,0.051756497,1
23-12-23 3:00,69.07232353,96.64784163,137.1599931,83.98251609,0.00088806,0
23-12-23 4:00,43.66313358,45.05084245,116.5154232,49.66010237,0.028750078,0
23-12-23 5:00,45.42200357,64.59614822,186.3405666,104.9369461,0.025808664,0
23-12-23 6:00,31.83114674,77.09484367,129.5659972,69.32644584,0.005812418,0
23-12-23 7:00,39.41613069,59.8234192,29.67075034,28.63584002,0.010652554,0
23-12-23 8:00,58.18243026,53.88052115,462.4950801,109.5744345,0.01467255,1
23-12-23 9:00,50.11345986,76.03956971,159.0193096,57.18466136,0.023607597,0
23-12-23 10:00,65.03321254,105.0869611,155.6222001,107.3040166,0.025997758,1
23-12-23 11:00,52.75166222,66.44785417,67.91754496,43.56003194,0.019507997,0
23-12-23 12:00,44.83741766,49.56221345,71.33419969,57.02812406,0.023120757,0
23-12-23 13:00,86.83963237,56.06922578,144.3039178,61.36302209,0.031855828,1
23-12-23 14:00,48.60026435,122.4372505,171.6887753,45.88194237,0.030940487,0
23-12-23 15:00,68.7975858,62.86034934,196.8399193,86.65134132,0.051611191,1
23-12-23 16:00,44.14283073,48.0473038,165.1781134,109.5191699,0.039954568,0
23-12-23 17:00,61.14752361,37.92034455,84.31736576,8.443755321,0.020285611,0
23-12-23 18:00,64.78144795,26.65694923,31.21650043,72.36224633,0.031482334,1
23-12-23 19:00,53.17084846,67.83356004,143.7963703,30.03781595,0.027320048,0
23-12-23 20:00,20.22634599,74.39031606,118.3373568,5.347755689,0.022711594,0
23-12-23 21:00,50.27412007,51.90543201,80.65379139,63.72738004,0.008365815,0
23-12-23 22:00,69.97093265,59.68595739,205.8677215,63.79077233,0.022675075,1
23-12-23 23:00,58.19044852,37.47527502,66.42110573,68.3908983,0,0
24-12-23 0:00,56.88635543,62.81800273,190.8444558,59.68868201,0.040606847,1
24-12-23 1:00,27.13231494,70.45915835,73.79731121,74.17263801,0.025973794,0
24-12-23 2:00,39.71222945,49.19115158,158.4884215,36.01478354,0.017529059,0
24-12-23 3:00,56.33957957,99.7859514,213.6072433,56.79139473,0.013799519,0
24-12-23 4:00,56.32416359,43.47188764,129.5643613,68.91646513,0.031757162,1
24-12-23 5:00,69.69541709,66.07354716,272.7549639,89.31537387,0.059529599,0
24-12-23 6:00,47.84798505,78.89412477,291.9376231,51.1019041,0.026423333,0
24-12-23 7:00,56.25205449,58.385881,165.1609494,44.7922365,0.061291606,1
24-12-23 8:00,50.24588174,56.09527207,185.5951744,48.62818164,0.034395302,1
24-12-23 9:00,36.16991492,33.05629855,223.0449239,24.43416587,0.00905958,1
24-12-23 10:00,21.25172456,91.26773531,185.8050487,71.01757177,0.028517308,0
24-12-23 11:00,56.65091474,56.47553831,178.4747909,19.93839503,0.026697549,0
24-12-23 12:00,52.63946576,71.71781632,118.8935548,60.23266137,0.009052996,0
24-12-23 13:00,41.10951475,74.80595953,61.62326422,52.13581395,0.013975101,0
24-12-23 14:00,28.33412554,47.39787016,74.71322822,18.44223356,0.013707593,0
24-12-23 15:00,59.84266457,55.91042563,332.9520053,19.34697232,0.021633743,1
24-12-23 16:00,46.08191237,90.69539408,170.7775635,30.84408057,0.015754645,1
24-12-23 17:00,58.66323029,38.41104496,135.0069447,41.75633881,0.024515215,0
24-12-23 18:00,81.43540488,111.4783326,238.5339283,93.58743875,0.027447452,1
24-12-23 19:00,22.46426301,45.18992471,106.5290002,47.26840767,0.045103645,1
24-12-23 20:00,39.99542916,37.31702556,188.4843582,64.5581173,0.0296909,1
24-12-23 21:00,46.90320395,62.80474795,154.8602538,86.47800198,0.01024711,1
24-12-23 22:00,73.93891181,113.6905166,180.0214706,80.28424638,0.067147913,1
24-12-23 23:00,28.13176955,25.34740156,129.6534128,49.8236567,0.010323548,0
25-12-23 0:00,82.7854733,57.06849806,95.29041643,33.85516585,0.014249206,1
25-12-23 1:00,52.05629535,70.34180791,102.6332587,63.21793161,0.030630937,1
25-12-23 2:00,48.5692062,60.70834761,104.694084,34.27073069,0.091473076,1
25-12-23 3:00,47.06833122,68.23915131,149.8144084,105.2506641,0.02690918,1
25-12-23 4:00,43.64637995,45.69466254,67.27089142,73.95418519,0.010969572,1
25-12-23 5:00,66.82030013,47.94534067,81.37218046,55.34807004,0.001832951,0
25-12-23 6:00,35.11392529,56.91616833,158.5804696,63.60529117,0.001436321,0
25-12-23 7:00,55.30052368,38.18732079,142.1181152,54.55252045,0.020175691,0
25-12-23 8:00,44.38487057,59.06458088,162.1065991,41.1987594,0.029606176,0
25-12-23 9:00,39.14884567,52.06303319,147.1969526,63.21108379,0.003330596,0
25-12-23 10:00,95.47689524,50.46046483,345.5050488,44.10469192,0.02369937,1
25-12-23 11:00,56.46136454,66.88472121,158.0175279,109.6694971,0.004159262,1
25-12-23 12:00,59.5750778,26.73835213,127.1697302,34.121929,0.007773096,0
25-12-23 13:00,68.36118771,55.26783124,156.3821024,63.49656009,0.031305291,0
25-12-23 14:00,30.69998649,116.7196218,219.9890399,32.26981996,0.009714813,0
25-12-23 15:00,79.35490557,38.96114796,146.9130035,32.05822469,0.04611025,0
25-12-23 16:00,18.66050845,89.47427772,195.60864,14.9181044,0.011674444,1
25-12-23 17:00,39.05950564,61.15225948,175.6939872,60.7948129,0.041443653,0
25-12-23 18:00,43.32523498,47.88322319,132.3550737,37.53891206,0.071637042,1
25-12-23 19:00,59.06425255,34.88266674,157.0034981,80.60593652,0.00973722,1
25-12-23 20:00,53.32861167,62.96258785,265.2719437,60.84482406,0.077700351,1
25-12-23 21:00,47.52560605,93.68988394,165.5469158,53.7715281,0.020216323,1
25-12-23 22:00,49.82018377,52.05379392,94.20711075,20.70605102,0.011079347,0
25-12-23 23:00,36.28618368,58.30964221,130.6431198,65.64897527,0.015526263,0
26-12-23 0:00,29.78321893,82.74906174,44.67979549,34.76165878,0.014033179,1
26-12-23 1:00,61.42549347,67.33257596,158.7006896,20.33811278,0.048323693,1
26-12-23 2:00,60.88681986,30.69028532,242.3329421,61.31886256,0.046295484,0
26-12-23 3:00,76.27803805,62.09129956,76.9583561,23.29258544,0.046012149,0
26-12-23 4:00,38.77387056,95.18721476,159.4928153,10.84029003,0.004274815,1
26-12-23 5:00,60.87222107,59.22628206,217.4159429,87.47603475,0.02313635,1
26-12-23 6:00,45.82488858,13.70236842,225.3396657,36.92496107,0.002409548,0
26-12-23 7:00,69.27435547,68.37858114,239.8149195,15.5175143,0.039244537,1
26-12-23 8:00,66.37384957,55.89149221,54.17636981,28.71495372,0.012963309,0
26-12-23 9:00,53.2127504,26.60739687,183.0879163,33.53345629,0.028808513,0
26-12-23 10:00,45.02232838,28.96623982,69.50253509,82.53345053,0.01272585,1
26-12-23 11:00,65.33737333,81.90350092,93.58424379,16.72219131,0.001155412,1
26-12-23 12:00,60.12205331,45.42453907,205.3655918,21.90535305,0.036512941,0
26-12-23 13:00,40.20185263,42.17790053,160.0278185,77.39364497,0.038176849,1
26-12-23 14:00,31.84606922,59.25349538,198.5613892,39.36345887,0.022288177,1
26-12-23 15:00,45.75525772,47.09423329,97.10975819,55.8547058,0,0
26-12-23 16:00,75.02768626,62.11603578,255.1292311,38.44988979,0.033694764,1
26-12-23 17:00,68.51174019,55.8045225,195.8636925,112.7623652,0.009830699,1
26-12-23 18:00,34.55236035,36.96007691,210.3262393,22.74756189,0.029065774,1
26-12-23 19:00,33.84729614,49.65683101,89.49013808,57.29165943,0.012872429,0
26-12-23 20:00,70.74507666,69.5918655,231.4456627,94.35055019,0.014244163,1
26-12-23 21:00,34.25513034,60.88291453,130.8396503,41.04719327,0.02870475,0
26-12-23 22:00,57.89881158,58.28927973,114.0399434,32.86017459,0.008887176,0
26-12-23 23:00,41.13847551,106.3152556,191.4386991,70.94291695,0.017416405,1
27-12-23 0:00,76.87050816,76.15341183,188.4915518,78.12605869,0.028932655,0
27-12-23 1:00,39.03718238,78.99125073,101.376435,31.92194559,0.068743692,1
27-12-23 2:00,68.45769854,56.5559817,303.8890562,92.96897149,0.018825128,0
27-12-23 3:00,52.80705253,64.69574485,283.1481191,51.2883981,0.035546056,1
27-12-23 4:00,53.84652506,51.22567102,190.0111014,63.49554657,0.005370473,0
27-12-23 5:00,24.32748719,77.23542053,178.0116966,93.85197247,0.055729467,1
27-12-23 6:00,21.80912694,57.69988422,171.2641929,70.99257475,0.009030167,0
27-12-23 7:00,46.74016023,64.74411052,67.54014812,49.9937708,0.017937359,0
27-12-23 8:00,53.76455356,63.41153133,157.1268148,34.56330521,0.028963469,0
27-12-23 9:00,34.38810274,59.61899054,156.2808,139.7206498,0.009346171,0
27-12-23 10:00,34.85485218,129.3818807,115.9900064,32.14223514,0.040799623,0
27-12-23 11:00,58.73734096,46.66756706,131.2398582,58.25684571,0.010725049,0
27-12-23 12:00,58.75962237,46.49493697,35.19254615,63.53000221,0.035359791,0
27-12-23 13:00,47.95285669,75.29868712,88.64448917,64.86451825,0.040503194,1
27-12-23 14:00,62.31174054,48.03279023,212.7127255,116.7857915,0.030258602,1
27-12-23 15:00,33.7657166,54.00784291,276.1820626,51.1960487,0.032840519,1
27-12-23 16:00,44.78766591,38.95580312,96.37850987,47.6504642,0.079709971,1
27-12-23 17:00,77.43366469,70.68516009,161.6286427,96.03565294,0.027185236,0
27-12-23 18:00,51.02949986,70.97081519,225.887558,46.65828985,0.021793623,1
27-12-23 19:00,51.91064257,53.52998579,119.1103029,74.20286437,0.025718885,1
27-12-23 20:00,89.90658845,75.77759481,195.0093807,54.97310819,0.045190042,0
27-12-23 21:00,30.96802601,26.15831756,147.8949945,75.56895729,0.073544975,0
27-12-23 22:00,62.58075683,45.90554117,232.9024656,69.71503254,0.017419681,1
27-12-23 23:00,77.72864454,56.47377648,79.71490817,40.40969561,0.007899239,1
28-12-23 0:00,45.23266377,37.44343694,88.28449787,14.10083211,0.042655355,1
28-12-23 1:00,63.63342689,27.86402215,167.9400509,16.55819329,0.003764618,0
28-12-23 2:00,36.23406983,53.67638462,156.0684149,14.1515153,0.024323459,0
28-12-23 3:00,40.17061545,75.29691765,146.4987908,47.7450343,0.025152391,0
28-12-23 4:00,55.92269538,89.38997911,187.9791449,7.788901967,0.01831717,1
28-12-23 5:00,62.61620883,48.95624049,97.03105389,46.0770327,0.019230426,0
28-12-23 6:00,68.07054635,76.20394079,75.66239764,53.39786479,0.001752308,0
28-12-23 7:00,76.00816271,73.97516145,120.243892,73.60503229,0.008369236,0
28-12-23 8:00,48.99285066,87.81828048,126.6371515,63.37268838,0.037627871,1
28-12-23 9:00,69.32888535,52.829939,132.748876,74.98731673,0,1
28-12-23 10:00,44.98259995,27.08339565,238.9782191,60.86158046,0.018646278,0
28-12-23 11:00,64.34513841,61.48129198,201.7123343,42.22549888,0.015292038,0
28-12-23 12:00,53.15538357,40.25199806,185.0335604,47.38412356,3.04E-05,0
28-12-23 13:00,56.8837974,45.59158217,164.1706776,30.88479326,0.055670437,1
28-12-23 14:00,56.53197703,53.81049743,123.9943392,55.8582336,0.006700068,0
28-12-23 15:00,28.50450302,53.05482765,101.0037617,17.92413787,0.029686789,1
28-12-23 16:00,34.40182207,63.00280314,83.77677655,80.06018112,0.013157233,0
28-12-23 17:00,51.54863634,75.50792585,109.4873604,28.83036843,0.008623608,0
28-12-23 18:00,27.5377245,52.48039694,147.3284295,53.91713819,0.016391371,0
28-12-23 19:00,63.15907845,68.54451241,85.8174185,58.34700334,0.014679299,0
28-12-23 20:00,63.8329493,60.31146548,160.7674065,83.12384676,0.017116872,1
28-12-23 21:00,55.01459886,80.95810696,138.0744542,16.44984676,0.009266651,1
28-12-23 22:00,34.43993128,56.09292146,126.1159254,42.18129101,0.006860741,0
28-12-23 23:00,72.60686757,58.35188394,230.6907584,64.65319382,0.039098101,1
29-12-23 0:00,84.70838679,52.34785414,32.53920014,102.9795189,0.020111114,1
29-12-23 1:00,52.227784,56.63226754,126.9003936,49.0338296,0.019045898,0
29-12-23 2:00,57.91867705,44.46752978,36.17643126,36.20109776,0.00812055,0
29-12-23 3:00,53.06677831,42.63392395,165.25164,113.0007692,0.052626577,1
29-12-23 4:00,58.23682931,77.19379099,201.1218735,71.99632769,0.018624074,1
29-12-23 5:00,48.22091295,39.01275348,76.50879009,90.00143689,0.000449793,0
29-12-23 6:00,49.48273109,53.45127465,82.53412013,24.15044812,0.024641414,0
29-12-23 7:00,64.40608838,82.86857997,61.16159443,63.84295423,0.009524875,1
29-12-23 8:00,90.68631514,52.77988008,154.0019264,26.43764934,0.037062199,1
29-12-23 9:00,30.95913095,78.43376564,129.3975526,22.48331947,0.039849927,0
29-12-23 10:00,48.45358977,48.11204243,133.0499701,65.56275481,0.037322361,1
29-12-23 11:00,33.68657968,39.58298166,127.8141913,67.57090007,0.013256179,0
29-12-23 12:00,76.41491676,30.32386131,94.83742931,38.64670851,0.018231865,1
29-12-23 13:00,41.52936638,90.15207218,228.4289593,91.95312259,0.024163104,1
29-12-23 14:00,30.43481662,38.06441931,167.4663092,41.18303224,0.036673114,1
29-12-23 15:00,59.98008763,76.52835009,84.37909512,43.4691439,0.006626744,0
29-12-23 16:00,79.20728799,40.50095352,109.1604191,49.10292701,0.021521001,0
29-12-23 17:00,60.39433016,90.26831286,100.0587253,44.10349416,0.060354175,0
29-12-23 18:00,53.11391033,113.6472722,249.7302936,86.82574881,0.012293641,0
29-12-23 19:00,56.30451014,28.84944421,197.4862017,27.21285413,0.019584907,1
29-12-23 20:00,73.22438404,38.98515966,142.1904064,32.84852118,0.082306752,0
29-12-23 21:00,37.65123531,77.13236846,274.1889491,24.47316716,0.0163148,1
29-12-23 22:00,48.33480321,71.16872095,253.4033083,107.7308365,0.002482957,1
29-12-23 23:00,43.41457614,77.2207703,135.8999342,42.20295536,0.019091788,0
30-12-23 0:00,33.84592977,48.44492659,125.3510507,32.55893897,0.055162953,1
30-12-23 1:00,45.18220142,107.6636554,128.1400986,43.06494493,0.040257371,1
30-12-23 2:00,67.84286247,62.49994232,95.89969421,73.38909132,0.007204327,1
30-12-23 3:00,58.82007022,36.66528276,276.4134074,67.9158906,0.027163974,1
30-12-23 4:00,60.07979352,54.78000774,93.17641532,36.61301862,0.017279247,0
30-12-23 5:00,52.21858928,36.89795509,208.792734,40.489353,0.034970736,0
30-12-23 6:00,58.12372452,97.20641014,196.0200446,19.96842142,0.011289783,1
30-12-23 7:00,38.63208976,46.78709955,131.5035359,53.52581551,0.028645927,0
30-12-23 8:00,45.45314808,70.70596315,282.7853986,86.99094992,0.061511243,1
30-12-23 9:00,52.91692918,50.44816377,67.14116796,36.47096495,0,0
30-12-23 10:00,54.23975294,47.64491881,145.0573979,67.10810039,0.030540846,0
30-12-23 11:00,54.90533809,25.35826875,120.8699514,36.46374175,0.046324887,0
30-12-23 12:00,47.94410742,73.09838595,215.5735071,26.21011429,0.002365163,1
30-12-23 13:00,44.48109741,89.8146142,172.8479194,68.3953369,0.01002823,1
30-12-23 14:00,107.3380887,42.02317571,59.94534314,125.2256076,0.014165749,1
30-12-23 15:00,64.42407225,31.13178811,236.685321,64.47151789,0.009908127,1
30-12-23 16:00,56.36790298,77.83761189,181.7553962,40.16742616,0.009054988,0
30-12-23 17:00,46.55625873,29.49409754,91.715219,41.63202072,0.01442541,0
30-12-23 18:00,43.43531603,87.84108253,128.8787088,108.6646013,0.03580327,1
30-12-23 19:00,48.05509989,42.23459823,78.89539757,57.95721069,0.050441765,1
30-12-23 20:00,54.47818139,38.65673472,139.4977372,32.61198154,0.045933188,1
30-12-23 21:00,25.32950467,65.31031121,159.5175854,48.45598929,0.038863734,1
30-12-23 22:00,28.92213977,39.81567478,129.7564849,55.51736783,0.059383779,1
30-12-23 23:00,40.85238334,45.90067641,123.0634784,62.39082703,0.064880118,1
31-12-23 0:00,53.1499983,67.6215754,64.80931592,94.65975448,0.022739673,1
31-12-23 1:00,46.46815443,17.83952104,171.7599822,86.78121325,0.049038429,0
31-12-23 2:00,74.35666075,98.53711563,51.94274067,55.07386525,0.02732183,1
31-12-23 3:00,29.96154843,60.91929947,151.9482655,48.96778525,0.016680453,0
31-12-23 4:00,39.29433797,35.3553554,56.97453107,60.37005769,0.019211131,0
31-12-23 5:00,75.11205502,40.19002946,153.1718601,35.90400664,0.039275854,1
31-12-23 6:00,51.98398215,82.29961775,149.6177869,77.38148853,0.049893331,0
31-12-23 7:00,64.05558514,73.16400858,176.1851835,45.03740735,0.030298052,1
31-12-23 8:00,84.97631817,92.00713469,208.3540772,62.99548501,0.014133932,1
31-12-23 9:00,40.0742983,46.36160695,222.0589254,101.6370526,0.012887106,0
31-12-23 10:00,48.52014827,66.36020354,64.92576057,64.73694674,0.000651438,0
31-12-23 11:00,45.9878129,69.23086642,146.3824493,55.927251,0.026165765,0
31-12-23 12:00,24.50153875,75.32571285,299.9471047,37.86838291,0.02494364,0
31-12-23 13:00,45.44039412,85.57904769,157.5288952,48.06643524,0.006559604,1
31-12-23 14:00,63.99220339,45.70915924,102.1875796,25.47056794,0.028241164,0
31-12-23 15:00,58.40108018,57.62197665,145.0567932,64.18291086,0.027926054,0
31-12-23 16:00,59.66951151,47.74527941,126.9040761,10.30746041,0.002864809,0
31-12-23 17:00,44.50837228,58.89930267,84.77568795,77.02359797,0.015162654,1
31-12-23 18:00,40.58900504,75.39880095,208.8510643,69.89817148,0.048500961,0
31-12-23 19:00,70.64984504,29.36900465,188.5708424,52.48346721,0.011071864,0
31-12-23 20:00,42.78756715,85.14286088,77.27866977,37.52689867,0.020283201,0
31-12-23 21:00,54.49771483,38.02377926,144.2225394,49.5942951,0.022644548,0
31-12-23 22:00,52.47669843,53.68693806,116.5213083,15.09079694,0.019580702,0
31-12-23 23:00,74.06237188,88.44386769,65.29105934,72.63095738,0.032442205,0
01-01-24 0:00,65.51482733,67.04958964,73.58406849,45.98490196,0.037587466,1
01-01-24 1:00,32.24881558,67.30304979,80.49343667,94.76855591,0.045030831,1
01-01-24 2:00,33.59698502,37.29766984,146.3686246,60.26072628,0.015278876,0
01-01-24 3:00,59.01878385,39.70936851,122.6362632,55.94652903,0.029205174,0
01-01-24 4:00,49.03907462,81.09532974,95.57100165,60.50598168,0.035553208,0
01-01-24 5:00,43.37960459,48.14862072,126.4287445,28.46709805,0.018148673,0
01-01-24 6:00,66.26591826,49.9742573,200.0737869,39.33533973,0.010044994,0
01-01-24 7:00,52.84703175,81.63677929,173.0568987,53.3767496,0.022359095,0
01-01-24 8:00,50.78961258,39.60529323,218.6392471,42.71052874,0.011409028,1
01-01-24 9:00,62.30556232,65.76266913,136.0432065,36.58428809,0.010220162,0
01-01-24 10:00,44.51407183,60.90381541,265.5689617,43.17933504,0.023667519,1
01-01-24 11:00,75.98803659,59.94361058,172.4819504,51.10909023,0.017093328,0
01-01-24 12:00,38.80030471,49.51601499,120.8769025,124.0982538,0.022900774,1
01-01-24 13:00,60.28549179,48.32738924,155.8613283,42.18285473,0.002399287,0
01-01-24 14:00,73.56336919,39.09865646,81.34141446,34.44099513,0.017283696,0
01-01-24 15:00,31.23751053,70.48541384,131.425925,46.25175364,0,0
01-01-24 16:00,44.96785141,46.63850199,177.9826564,94.30423418,0.006551501,1
01-01-24 17:00,68.43774862,81.75133626,190.4741818,96.75114568,0.018600791,0
01-01-24 18:00,68.69788316,55.35998158,125.3742594,110.1244018,0.04382496,1
01-01-24 19:00,47.45697674,39.45301588,365.7130929,51.53554162,0.02945424,0
01-01-24 20:00,39.51967521,55.09074164,139.4149491,67.27472866,0.02146888,0
01-01-24 21:00,65.25285063,51.62520428,62.00241173,27.05704232,0.014397891,0
01-01-24 22:00,69.15402502,82.71860619,234.6613032,41.53874181,0.01617891,1
01-01-24 23:00,33.88649049,52.45523774,190.1570779,25.85312275,0.046007645,1
02-01-24 0:00,33.39070334,54.31402026,164.8026296,62.50339048,0.005970444,0
02-01-24 1:00,53.4295908,92.63117697,122.2393529,50.96474569,0.009970605,1
02-01-24 2:00,59.83650431,71.06111726,175.5124861,55.80822679,0.040481988,1
02-01-24 3:00,45.60340604,99.06371328,266.915797,30.99294779,0.014852023,1
02-01-24 4:00,60.65084739,88.81773657,162.8459936,73.43818989,0.062305539,1
02-01-24 5:00,39.8522449,42.55017183,71.0888933,7.205645088,0.032482397,0
02-01-24 6:00,22.75152503,82.25897198,24.09984438,43.88985006,0.04248109,0
02-01-24 7:00,43.82117603,95.52119433,174.9222889,47.36800447,0.001917954,0
02-01-24 8:00,50.9524805,95.71334993,94.21255674,11.72056746,0.04031798,1
02-01-24 9:00,45.93848829,82.21451616,143.8276109,60.04587384,0.008574154,1
02-01-24 10:00,33.96331257,81.72213401,103.3602882,45.75845827,0.03298919,1
02-01-24 11:00,26.06184657,53.78152364,99.59919232,64.97247891,0.014577615,0
02-01-24 12:00,42.55295523,43.46678936,105.6842337,111.9936581,0.023713779,1
02-01-24 13:00,64.27062246,52.78952186,110.5530305,58.43173884,0.005971552,0
02-01-24 14:00,70.4209936,29.1967146,202.1300031,77.15474265,0.001351904,1
02-01-24 15:00,69.22636384,90.90335051,187.8271403,90.24492156,0.022476905,1
02-01-24 16:00,38.42706534,54.1712302,83.25612055,63.0269494,0.015558157,0
02-01-24 17:00,34.02544343,89.61924789,89.90827154,30.60233201,0.008095882,0
02-01-24 18:00,57.69616517,36.41339569,174.5575195,17.06626334,0.001575077,0
02-01-24 19:00,59.9298522,84.49323842,222.4279652,59.77992937,0,1
02-01-24 20:00,56.16267979,49.97486648,221.2753082,40.47417341,0.02919929,1
02-01-24 21:00,23.84550176,35.50264959,93.35315431,87.03292179,0.016114137,1
02-01-24 22:00,37.74822011,98.14074883,217.7043871,38.79914703,0.011432119,1
02-01-24 23:00,49.55554957,85.09275376,57.91395074,49.64293755,0.02354085,1
03-01-24 0:00,57.54565449,64.51492487,137.5666965,25.05464997,0.039317516,0
03-01-24 1:00,62.09837103,60.71442326,181.8623212,41.75884593,0.024531063,0
03-01-24 2:00,52.18461191,69.51946398,46.00326838,29.09593851,0.013499026,0
03-01-24 3:00,55.07117502,64.14402056,307.0838584,30.88711877,0.067762337,1
03-01-24 4:00,51.28018402,44.30375674,243.4791696,48.68801184,0.011040502,1
03-01-24 5:00,60.75436454,51.60158294,192.9494331,35.93209907,0.003407083,0
03-01-24 6:00,54.79086969,106.9416961,95.27341368,136.4696356,0.02162694,0
03-01-24 7:00,50.99038634,126.7215674,145.7713521,72.99351087,0.016106961,1
03-01-24 8:00,46.04648983,96.4789379,203.1498449,80.64532904,0.03784447,0
03-01-24 9:00,51.22597967,70.38574995,87.39586603,47.26456684,0.01241032,0
03-01-24 10:00,57.50369949,53.07838193,138.9157862,52.67735504,0.017439365,0
03-01-24 11:00,54.08367392,44.19374731,211.8717831,39.81382666,0.008396377,0
03-01-24 12:00,55.85742504,45.42642567,69.99069771,136.2716478,0.034879473,0
03-01-24 13:00,71.94372992,48.84053682,171.4395816,47.31395853,0.022358957,0
03-01-24 14:00,54.04777075,112.115705,58.80219687,35.99977083,0.015824224,1
03-01-24 15:00,40.68622127,102.8259118,96.35465796,32.85546158,0.017667645,0
03-01-24 16:00,64.03486274,76.50724334,119.9906443,58.7211296,0.019660394,0
03-01-24 17:00,31.37352283,41.21128981,183.679662,91.58346201,0.003200244,1
03-01-24 18:00,34.94825419,79.95049779,109.1473133,80.71843053,0.042659006,1
03-01-24 19:00,55.15050236,55.07444953,157.9413488,32.80794959,0.041321089,1
03-01-24 20:00,58.01261554,21.73997625,109.8819365,32.30603384,0.020655851,0
03-01-24 21:00,32.8743842,66.15275355,118.5257767,85.81626831,0.018954096,1
03-01-24 22:00,44.40428701,43.38305249,237.5512695,115.7819454,0.007033453,1
03-01-24 23:00,41.27608013,44.01030351,86.04888803,46.43801449,0.056588418,1
04-01-24 0:00,42.936709,54.83548838,200.9050119,84.53340536,0.050386999,1
04-01-24 1:00,65.04434341,49.90770625,149.9335139,19.79604036,0.026776957,0
04-01-24 2:00,61.09673192,59.28236709,116.0154667,31.04648823,0.035138206,1
04-01-24 3:00,49.71353296,58.28122593,82.79899406,27.81790977,0.044229946,1
04-01-24 4:00,42.10864552,25.88599868,86.24337684,60.81510552,0.039606605,1
04-01-24 5:00,31.57680918,95.39270551,107.1082648,45.6216967,0.00850009,1
04-01-24 6:00,73.31969934,40.79963349,140.7566975,56.12238044,0.015312375,0
04-01-24 7:00,59.23230738,41.36022794,189.9046955,84.9366311,0.028148499,0
04-01-24 8:00,39.89934466,53.26230257,131.7759079,34.9507236,0.023377222,0
04-01-24 9:00,61.3118159,57.74257286,135.7446755,52.37633178,0.033750239,1
04-01-24 10:00,48.95157705,93.83150931,144.7929372,21.92188239,0.031542754,0
04-01-24 11:00,45.77578929,65.76677599,181.1625075,83.15783447,0.024134526,0
04-01-24 12:00,56.717582,72.37709988,192.7948003,81.01671194,0,0
04-01-24 13:00,39.42734591,65.87831512,74.85669716,59.44009278,0.042892015,1
04-01-24 14:00,44.96182075,64.94105493,132.8477275,53.04155656,0.035536516,0
04-01-24 15:00,51.83666875,66.64821811,235.7518748,38.04899649,0.065952367,1
04-01-24 16:00,42.7576836,25.0157749,78.13553329,20.9539428,0.01304405,0
04-01-24 17:00,60.48395317,54.84540069,154.6776901,57.91861617,0.000702411,0
04-01-24 18:00,81.52940715,86.43375966,139.4973758,70.62053926,0.017210511,0
04-01-24 19:00,39.25449368,139.4233101,116.509503,112.7178754,0.027932556,1
04-01-24 20:00,27.79576281,36.88505242,264.6074523,40.62590577,0.013513573,1
04-01-24 21:00,23.98086119,69.15317415,152.3103793,56.97353478,0.047594152,1
04-01-24 22:00,47.76561854,48.49716316,258.1479236,81.58579568,0.010745121,1
04-01-24 23:00,40.49231842,109.2900075,150.3518903,82.5431885,0.018416368,1
05-01-24 0:00,53.1611135,34.31965367,180.037006,35.60063636,0.016245694,0
05-01-24 1:00,52.00654722,73.70955335,115.9227637,43.25480507,0.087479396,1
05-01-24 2:00,28.52205156,33.41893153,116.5419176,37.69858331,0.007965688,0
05-01-24 3:00,26.07054587,53.46232705,176.589613,29.89385666,0.030361931,1
05-01-24 4:00,54.52657509,59.28118616,177.8286418,93.28916791,0.005109378,0
05-01-24 5:00,52.04977349,84.17988576,189.5197229,51.57964429,0.02584031,0
05-01-24 6:00,43.79405099,39.11992921,174.3937121,48.1604006,0.007461548,0
05-01-24 7:00,27.88897108,74.59115963,77.18981743,56.37678206,0.041228747,1
05-01-24 8:00,57.29307866,60.3948611,103.5033404,51.35272018,0.037004151,1
05-01-24 9:00,70.69622164,65.84028546,207.4558478,44.62205865,0.024565494,1
05-01-24 10:00,54.24701084,81.5025894,50.60943419,32.70097532,0.003545356,1
05-01-24 11:00,38.00610364,35.53373695,168.8016666,96.48232019,0.019157223,1
05-01-24 12:00,50.67026738,78.00809075,143.0825967,36.71882479,0.015411296,0
05-01-24 13:00,31.37455647,48.53847718,207.4296028,29.33475646,0.035354943,1
05-01-24 14:00,66.98869158,84.8147505,177.0802634,48.00557637,0.008003641,0
05-01-24 15:00,51.23436351,67.19360354,111.1464514,117.9024962,0.042483485,1
05-01-24 16:00,26.60402519,55.6657572,108.6846875,31.48561547,0.038285706,0
05-01-24 17:00,45.58028966,48.13165062,118.9658483,69.25104174,0.003676519,0
05-01-24 18:00,57.16417094,78.30591685,188.2727793,44.02374766,0.016631027,0
05-01-24 19:00,45.1152064,88.86498412,37.91277199,56.29997297,0.019186538,1
05-01-24 20:00,45.93768263,49.23601379,159.984825,75.60577488,0.039130959,0
05-01-24 21:00,33.13312766,38.13241794,99.48883879,15.87976859,0.010426037,0
05-01-24 22:00,58.8190835,75.30132536,162.1457148,30.00175443,0.023450965,0
05-01-24 23:00,40.6934743,32.72821305,172.243184,75.17378158,0.041208725,1
06-01-24 0:00,22.30357601,35.1407829,62.68456658,52.46476724,0.024209718,0
06-01-24 1:00,44.56897148,39.37729203,136.1296586,55.4315386,0.000631788,0
06-01-24 2:00,65.6799005,51.53443851,159.8683601,69.30279038,0.012821321,0
06-01-24 3:00,44.3457727,34.6157047,155.5432923,30.13413517,0.036920627,1
06-01-24 4:00,79.09036659,24.92361954,142.4520389,79.71634763,0.034292286,1
06-01-24 5:00,56.61853273,38.0895222,82.63792803,72.51072918,0,0
06-01-24 6:00,55.19612953,74.1111235,90.06254329,56.12831546,0.023332692,0
06-01-24 7:00,48.09051213,35.72281098,75.26612887,62.36073528,0.037820847,1
06-01-24 8:00,48.98036989,53.02801194,186.4696471,83.19583615,0.029494111,1
06-01-24 9:00,46.11803748,106.5651201,142.8569621,36.21195801,0.031738681,1
06-01-24 10:00,45.5573259,58.97097041,146.7814929,67.84610478,0.06575651,1
06-01-24 11:00,58.24482737,67.369142,60.85890708,102.7372774,0.019310414,1
06-01-24 12:00,36.83831164,41.47564719,147.9066001,67.24686221,0.025155091,0
06-01-24 13:00,35.0191401,112.4539071,192.0112926,44.58854555,0.007616027,1
06-01-24 14:00,34.41364136,49.07231531,55.2392647,124.0773751,0.011053684,1
06-01-24 15:00,84.86952074,55.28784925,118.257068,55.93018856,0.015019033,1
06-01-24 16:00,58.23640712,90.26019758,66.64915765,90.83296538,0.035761712,1
06-01-24 17:00,54.66009853,56.23312186,124.7921925,39.99478086,0.009715016,0
06-01-24 18:00,35.25561722,61.00910444,98.5587248,80.11566897,0.044326852,1
06-01-24 19:00,59.73869013,54.20356773,174.6773513,37.23511481,0.006094378,0
06-01-24 20:00,48.26501868,54.34181931,160.7493249,58.39833805,0.031460962,1
06-01-24 21:00,53.25840245,67.98644984,240.7269271,35.93589795,0.029747397,1
06-01-24 22:00,36.3044825,72.07042623,146.6376809,108.3720815,0.024318534,1
06-01-24 23:00,52.42971897,47.11243576,171.8429316,44.61841389,0.038662758,1
07-01-24 0:00,43.8221318,44.79262932,117.0095082,25.98423762,0.009773441,0
07-01-24 1:00,39.10199309,47.7647123,88.35896905,52.40510565,0.013193795,0
07-01-24 2:00,61.55050715,33.51893492,206.3536221,64.29278225,0.007370497,1
07-01-24 3:00,29.29892818,30.39516718,236.9775396,49.3370984,0.020144436,1
07-01-24 4:00,58.79061619,66.37297256,197.091181,31.65146367,0.018124085,1
07-01-24 5:00,60.73581327,81.03195499,158.3050826,79.16099866,0.035903827,1
07-01-24 6:00,37.57911786,79.43003101,94.81230236,86.23610377,0.026637857,1
07-01-24 7:00,38.36801187,18.4890069,229.1716502,16.94835655,0.032456566,1
07-01-24 8:00,46.70435524,54.94371852,188.2343185,30.38185499,0.016962514,0
07-01-24 9:00,54.31008758,38.67797895,301.1557134,46.09056036,0.026984507,1
07-01-24 10:00,47.73053977,63.04947687,85.84467105,37.57250386,0.058861796,1
07-01-24 11:00,56.69141331,51.48757084,208.3745321,63.97874925,0.003902777,0
07-01-24 12:00,79.55279204,72.95568959,186.1282643,106.1379594,0.000721295,1
07-01-24 13:00,42.64202478,59.59833536,129.3251956,40.91244757,0.031407583,1
07-01-24 14:00,27.21414277,25.57619499,246.3999535,96.87621373,0.008583391,1
07-01-24 15:00,63.07100351,41.0940793,176.1178615,19.75968272,0.003619843,0
07-01-24 16:00,78.0832666,60.12153761,96.710797,62.01867174,0.029397697,1
07-01-24 17:00,56.04579243,61.90449885,142.6878362,36.19325809,0.006956296,0
07-01-24 18:00,34.86696705,33.44467797,96.09832277,62.6184517,0.051730978,1
07-01-24 19:00,48.15696387,31.27540886,122.0348096,15.33889636,0.022576962,0
07-01-24 20:00,34.47324252,61.1858974,196.9613621,22.82192407,0.016881454,1
07-01-24 21:00,60.0560956,33.47840943,217.7016066,62.56057882,0.008879696,1
07-01-24 22:00,31.55662971,29.13526829,164.1193802,35.44068078,0.023581932,0
07-01-24 23:00,45.58814549,50.94927435,106.4959941,42.23527481,0.002138351,0
08-01-24 0:00,35.94362707,50.10050146,174.7242762,106.0229591,0,1
08-01-24 1:00,51.91845478,42.71097107,198.3523196,53.49606446,0.00237972,1
08-01-24 2:00,44.63908107,45.96439247,50.07836434,74.97610893,0.042074647,1
08-01-24 3:00,52.68267639,60.29083733,157.3613273,32.74767885,0.007775873,0
08-01-24 4:00,50.33575787,45.65453093,138.3301706,21.86638972,0.003221354,0
08-01-24 5:00,36.17361062,61.49213456,215.0643444,48.00117155,0.018602835,1
08-01-24 6:00,59.79613081,52.2272952,174.9981096,19.40276204,0.070442707,1
08-01-24 7:00,49.27089331,63.56281313,181.6795608,33.99934222,0.041047015,1
08-01-24 8:00,36.14925448,79.5991844,121.2739937,56.11343667,0.009115019,0
08-01-24 9:00,88.63565017,78.68071017,150.1032487,47.25561454,0.008914225,0
08-01-24 10:00,57.3734382,89.54164922,214.3235585,58.6986943,0.009165352,1
08-01-24 11:00,47.7245805,78.65482017,145.970273,66.08910643,0.007921511,0
08-01-24 12:00,73.23087175,65.09507271,161.099904,24.39615489,0.029587826,1
08-01-24 13:00,81.01951888,51.17973009,68.15765778,29.11336373,0.014963408,0
08-01-24 14:00,47.84088512,52.08255842,145.7444341,9.774082405,0.005907003,0
08-01-24 15:00,55.33164731,42.72241606,48.53886522,41.14877987,0.003976556,0
08-01-24 16:00,36.1561073,60.09514588,119.3393788,70.04732696,0.072700805,1
08-01-24 17:00,47.81377444,75.374661,153.9939277,93.95364164,0.033457177,1
08-01-24 18:00,47.05368759,45.55087054,201.4694421,54.87089675,0.008501229,1
08-01-24 19:00,52.80656654,59.22050272,93.54242709,89.98799412,0.043807198,1
08-01-24 20:00,55.10213672,46.46362258,174.193098,60.03764515,0.005545776,0
08-01-24 21:00,58.71083462,64.46218479,254.719675,52.72087165,0.01786263,1
08-01-24 22:00,53.62111388,48.91568209,112.4168246,35.83875769,0.016237355,0
08-01-24 23:00,33.30475831,45.29059183,67.66942885,7.437964217,0.023016947,0
09-01-24 0:00,36.80371392,46.41423147,168.6190405,85.06831475,0.007589034,1
09-01-24 1:00,42.10244699,70.94991403,84.02532827,48.67787432,0.02210539,0
09-01-24 2:00,45.84605087,57.98230316,102.8371411,90.48951484,0.00119642,1
09-01-24 3:00,66.86574097,51.27846144,212.8238655,28.96458121,0.01439807,0
09-01-24 4:00,33.90834228,65.59199302,288.4427101,128.4180081,0.046712216,0
09-01-24 5:00,44.76651979,51.55289497,93.46515198,43.96600393,0.039559683,0
09-01-24 6:00,65.20336958,85.56043961,107.1739935,34.13265197,0.010317081,0
09-01-24 7:00,45.59176438,40.9714337,123.6690981,44.77500797,0.002570467,0
09-01-24 8:00,57.11821732,56.12603575,117.5625586,54.34857674,0,0
09-01-24 9:00,47.92634134,33.45997834,293.2565018,48.26710872,0.031023344,1
09-01-24 10:00,53.9176865,52.89612054,118.528524,37.91343606,0.024686735,0
09-01-24 11:00,46.62511155,28.95941766,126.6676146,14.67115126,0.026617002,0
09-01-24 12:00,60.45095844,76.5081295,266.6832698,31.83263909,0.055624058,1
09-01-24 13:00,29.21135319,76.97787114,188.0376029,80.32412776,0.022516438,1
09-01-24 14:00,44.68231549,77.38995794,217.4506858,30.32866858,0.023805378,0
09-01-24 15:00,54.5365455,60.60757251,98.29418867,15.92002194,0.003499936,0
09-01-24 16:00,58.29025934,42.68397939,118.5503128,26.95474546,0.053894508,1
09-01-24 17:00,74.62319688,44.15366442,91.50368822,47.8074173,0.017457321,0
09-01-24 18:00,44.28753029,95.64575294,203.930967,32.74872116,0.008931842,1
09-01-24 19:00,74.38109271,93.2409723,235.585026,43.2389994,0.023455319,1
09-01-24 20:00,40.548955,62.59618795,114.6724777,31.95125244,0.064008725,0
09-01-24 21:00,71.69499746,49.57050297,128.0309478,78.30234562,0.067840414,1
09-01-24 22:00,62.9302594,91.55078699,130.5856542,62.9940375,0.007298633,1
09-01-24 23:00,37.13252788,46.13893557,67.66191293,120.2070231,0.042950441,1
10-01-24 0:00,54.69986165,64.88439131,110.6103373,40.89410103,0.02570985,0
10-01-24 1:00,49.23408758,91.13278625,201.9167823,43.12148905,0.03872749,1
10-01-24 2:00,59.77512499,43.48608464,99.88448882,83.78958171,0.024657177,1
10-01-24 3:00,46.70077638,78.44511293,155.8632401,60.2338723,0.030972408,1
10-01-24 4:00,45.48570686,71.33825203,78.51429592,29.12163748,0.046378427,1
10-01-24 5:00,72.41083872,59.17249495,141.1243606,64.83934702,0.001192068,0
10-01-24 6:00,48.5289324,40.61825989,116.6964122,60.38492793,0.026155592,0
10-01-24 7:00,63.07930872,45.57398449,82.60041955,14.80821386,0.005391081,0
10-01-24 8:00,46.67051102,66.20414542,203.1473921,34.98984939,0.013227184,1
10-01-24 9:00,77.77771531,33.14875875,207.2148774,54.86667008,0.020015543,1
10-01-24 10:00,40.28511843,62.77126197,95.04386237,92.43216766,0.006921863,1
10-01-24 11:00,41.16501931,71.80117492,136.7689452,68.91156659,0.011711831,0
10-01-24 12:00,75.19191035,82.14561181,152.7817026,36.85332363,0.003474556,1
10-01-24 13:00,43.52378143,33.5676052,56.33755037,33.7996022,0.011563464,0
10-01-24 14:00,76.57955353,90.23995366,74.39291312,71.85246608,0.0289756,0
10-01-24 15:00,64.17298831,99.91401944,240.3199432,7.003019438,0.036094267,1
10-01-24 16:00,47.70417093,68.86551938,90.2365408,31.76702969,0.009465771,0
10-01-24 17:00,26.08863114,39.81729708,238.1345927,91.1911472,0.046533751,1
10-01-24 18:00,49.71059863,53.2711885,76.77247308,57.68473883,0.030238265,1
10-01-24 19:00,51.53477947,59.0038561,193.7810603,32.76017143,0.049098038,0
10-01-24 20:00,68.87066324,65.78945945,131.1250135,24.28292805,0.001074517,0
10-01-24 21:00,76.34987208,60.46233739,139.5020749,73.10882964,0.025270645,1
10-01-24 22:00,40.19439975,66.02304876,286.6629833,51.96344748,0.030900155,1
10-01-24 23:00,62.65961868,58.10667056,81.05124004,44.6757413,0.00136359,0
11-01-24 0:00,62.0668728,65.67267164,189.2975966,59.7690983,0.076113745,0
11-01-24 1:00,67.25340537,50.64713089,186.4312088,54.1962288,0.011030635,0
11-01-24 2:00,57.72904031,53.06963433,427.1798126,52.22082748,0.029589086,1
11-01-24 3:00,24.63583191,48.40117892,89.64058856,22.15573831,0.037404471,1
11-01-24 4:00,47.69281964,105.7762764,113.2270922,27.50001695,0.02164964,0
11-01-24 5:00,34.00004637,93.95642478,204.9895179,70.38678174,0.047934807,1
11-01-24 6:00,47.00196251,72.12370545,137.7241425,64.91673682,0.063866038,0
11-01-24 7:00,65.66047184,90.46615485,122.3458123,59.99104506,0.005939928,0
11-01-24 8:00,54.67037957,77.72399888,215.3454375,36.36917474,0.021898807,0
11-01-24 9:00,68.53947563,63.8559832,133.7658251,70.8862951,0.037166222,0
11-01-24 10:00,55.24310455,31.78311943,99.03128371,41.14373486,0.001871827,0
11-01-24 11:00,32.21076115,54.59765256,198.5524218,87.62030458,0.040426405,1
11-01-24 12:00,18.54196453,53.13257985,174.300547,33.002659,0.056041364,0
11-01-24 13:00,52.25427547,38.13121039,131.0343257,37.69559039,0.045487286,0
11-01-24 14:00,46.83686754,32.10360969,128.2600582,46.28259025,0.02759182,0
11-01-24 15:00,36.30023689,70.71126481,97.84066177,73.33626633,0.051741162,0
11-01-24 16:00,27.3827243,66.97254535,198.4731461,49.12673965,0.026102535,0
11-01-24 17:00,39.51869939,37.52888698,128.2713273,50.9463186,0.004110297,0
11-01-24 18:00,47.12045466,45.17105348,105.4406073,40.67025062,0.012466809,0
11-01-24 19:00,60.43156063,86.40832349,79.56871458,56.91791961,0.016106045,1
11-01-24 20:00,52.86504791,42.72389997,175.4323576,48.24674606,0.018989063,0
11-01-24 21:00,76.70688898,63.63053538,119.7655037,32.23783109,0.018518962,1
11-01-24 22:00,35.53841492,56.06867941,48.51296439,53.23089643,0.014931235,0
11-01-24 23:00,63.99214815,71.01823884,83.48283533,53.83844907,0.023645174,0
12-01-24 0:00,50.71171832,43.12111976,135.7275967,125.3097055,0.050855961,0
12-01-24 1:00,60.90260205,61.90392558,137.4073703,35.84440663,0.023563333,0
12-01-24 2:00,43.64282228,63.58587509,135.1344863,31.12926135,0.031245317,1
12-01-24 3:00,67.22370443,64.91327174,126.9567565,57.20943687,0,0
12-01-24 4:00,54.51552903,61.66993003,70.82800759,28.13626202,0.022063246,0
12-01-24 5:00,40.26997071,67.41492911,99.92972797,26.62805616,0.040932987,0
12-01-24 6:00,49.81978414,113.2329628,232.3940294,20.27156629,0.044613506,1
12-01-24 7:00,46.46404913,123.6276228,221.2068703,32.43555349,0.042255418,0
12-01-24 8:00,57.57697072,47.18935696,188.126156,32.93980125,0.025130761,0
12-01-24 9:00,33.69522194,19.37827319,182.0315895,22.85873108,0.027136991,0
12-01-24 10:00,49.56058599,73.03732329,211.4587438,43.93083244,0.010594122,1
12-01-24 11:00,56.08587661,63.96333663,87.48741397,7.644071681,0.035662461,1
12-01-24 12:00,50.49644015,83.97059378,152.0645286,63.01964528,0.010657942,0
12-01-24 13:00,72.01836938,66.10434386,87.51329402,37.01020914,0.032285158,1
12-01-24 14:00,62.20945287,61.23583436,88.36636761,40.25917605,0.020669377,0
12-01-24 15:00,49.88784401,85.61868367,173.8168894,65.70514209,0.020239735,1
12-01-24 16:00,53.29729063,89.05909863,214.5499208,59.70817834,0.039027326,0
12-01-24 17:00,54.52240139,33.76606196,138.109894,35.4426938,0.029924171,1
12-01-24 18:00,56.21214463,43.85153857,269.3777416,61.90711355,0.024761143,0
12-01-24 19:00,25.94815718,57.79927266,163.505636,95.91958873,0.012779567,1
12-01-24 20:00,45.56802367,62.08172505,105.0712788,27.76895728,0.053339235,1
12-01-24 21:00,29.93697332,55.33095534,89.16533918,70.54889673,0.02566001,0
12-01-24 22:00,70.80821639,69.40115455,219.8527681,25.88936971,0.033633961,1
12-01-24 23:00,49.09095986,82.4065377,158.1277052,83.53053084,0.021314811,1
13-01-24 0:00,47.13726648,100.628497,194.9952015,33.72234398,0.010344077,1
13-01-24 1:00,64.25620544,72.65988393,30.06527555,32.93499494,0.026057085,0
13-01-24 2:00,56.5132302,43.1907018,165.6511886,82.69230538,0.011532557,1
13-01-24 3:00,34.34429815,56.9376789,119.5855901,69.60138485,0.027579393,0
13-01-24 4:00,48.94144713,58.42611987,74.54542287,34.40618596,0,0
13-01-24 5:00,45.0848323,71.2047269,146.105928,53.23288686,0.014068932,0
13-01-24 6:00,26.87540167,68.37754034,225.3906866,33.76329759,0.019771039,1
13-01-24 7:00,40.12233778,109.3645193,322.4540118,17.79199674,0.007461947,1
13-01-24 8:00,47.28058222,50.62771572,165.4863522,54.83961452,0.026217527,0
13-01-24 9:00,48.28894974,68.30181067,108.6956714,41.47055609,0.013779239,0
13-01-24 10:00,29.96353864,117.765938,105.4588953,29.03796444,0.019905551,1
13-01-24 11:00,68.60131736,48.22435583,215.7615163,87.72472131,0.012088131,1
13-01-24 12:00,48.47887915,63.07972484,93.65791561,29.69483795,0.038384409,1
13-01-24 13:00,50.56470638,41.49670822,191.2262063,53.66165516,0.029629805,1
13-01-24 14:00,56.1701383,61.73393228,168.8725662,80.49641626,0.025032739,1
13-01-24 15:00,38.79992037,44.52854809,161.6449937,43.79530931,0.021003382,0
13-01-24 16:00,57.05360037,83.62650717,66.7465636,33.26265451,0.07970241,1
13-01-24 17:00,44.62862411,63.12625031,128.4546273,57.70966977,0.017555777,0
13-01-24 18:00,37.35508252,41.66910959,71.62248291,62.0154798,0.01030677,0
13-01-24 19:00,58.93055443,78.71175274,115.3107474,74.21909338,0.005359242,0
13-01-24 20:00,74.60019878,63.82140664,212.3680263,107.2845107,0.036944685,0
13-01-24 21:00,61.39781822,81.37098976,236.0341403,39.19506984,0.054082126,0
13-01-24 22:00,64.69655106,37.87477907,163.6464347,55.01142651,0.008588701,0
13-01-24 23:00,42.46159713,67.94935983,116.3054478,23.10190503,0.015685151,0
14-01-24 0:00,28.58809286,77.13726165,264.3885652,67.99159991,0.014636687,1
14-01-24 1:00,74.57257267,51.37794545,115.5690536,54.69417148,0.018060651,0
14-01-24 2:00,85.03875477,35.93857453,86.75829711,45.62855473,0.001090701,1
14-01-24 3:00,75.52235435,59.12883937,196.4407166,35.69448358,0.034860041,1
14-01-24 4:00,45.07596311,88.05282193,179.8655004,41.65352717,0.04329395,1
14-01-24 5:00,34.01366538,85.54611561,117.8553373,56.07588512,0.000409112,0
14-01-24 6:00,35.15043915,51.27832926,156.3243474,28.64619596,0.057397968,1
14-01-24 7:00,27.57896685,35.52466819,178.808032,42.60497785,0.053729898,0
14-01-24 8:00,48.40085089,51.2240998,162.978838,50.41778556,0,0
14-01-24 9:00,76.66337108,50.4911763,179.9474345,18.62078724,0,1
14-01-24 10:00,47.89512882,69.67435454,119.9273063,27.03324469,0.017926134,0
14-01-24 11:00,54.62624264,57.81150641,184.5519183,34.80670456,0.046252534,0
14-01-24 12:00,72.52622147,45.03256201,151.0992145,96.58384562,0.024888233,0
14-01-24 13:00,44.10186334,85.0186198,121.8474734,31.30218422,0.020343522,0
14-01-24 14:00,84.67636016,62.97852235,134.9949583,48.61454761,0.030165857,1
14-01-24 15:00,83.84985624,69.42810889,143.9386439,27.23422506,0.009029541,1
14-01-24 16:00,48.0505201,28.23866801,72.19856516,32.39832595,0.045332699,1
14-01-24 17:00,41.67053187,17.90602796,112.6408071,20.20430609,0.018374343,0
14-01-24 18:00,60.94471159,32.9113454,154.0818711,68.10547461,0.001871893,0
14-01-24 19:00,44.90789945,50.25497104,76.51412095,22.13256221,0.009170711,0
14-01-24 20:00,33.98929171,72.60175576,113.5606032,75.14328226,0.02631264,1
14-01-24 21:00,70.86015229,19.04199632,333.1595012,62.35421326,0.015616873,0
14-01-24 22:00,69.72645506,97.2556599,87.07269893,48.13201014,0.014171744,1
14-01-24 23:00,52.35685792,63.62552572,126.8955092,76.15159344,0.023370469,1
15-01-24 0:00,32.65185608,91.34179855,102.0631771,156.4696064,0.026123826,1
15-01-24 1:00,33.06884103,42.57204275,142.7775763,62.62223324,0.004855415,0
15-01-24 2:00,51.61993745,70.96187087,103.052155,25.76209184,0.044066663,1
15-01-24 3:00,42.75180553,61.80000205,135.1523081,93.87696227,0.017953631,1
15-01-24 4:00,44.99995041,78.17432893,108.1886694,54.75669884,0.027243391,0
15-01-24 5:00,66.37385602,55.17236889,222.6252568,116.1486111,0.02158656,1
15-01-24 6:00,61.53524167,70.27341834,155.1423025,38.11700493,0.013942719,0
15-01-24 7:00,72.57141746,84.96835348,93.34993384,86.978742,0.037079582,0
15-01-24 8:00,36.12198602,46.96134368,206.7914155,49.99608081,0.021318473,1
15-01-24 9:00,44.96990692,65.17515228,95.61798594,137.5928253,0.021189208,0
15-01-24 10:00,61.96077865,25.70092876,66.92306922,43.19787807,0,0
15-01-24 11:00,56.92194931,75.49282914,149.8099001,152.0717598,0.035136196,1
15-01-24 12:00,75.33389538,106.7789719,291.029972,61.57599219,0.017358707,1
15-01-24 13:00,56.48490171,36.18977461,55.81312895,73.32616686,0.033788687,1
15-01-24 14:00,81.13714382,58.09351933,77.44242799,101.1817024,0.054437075,1
15-01-24 15:00,58.39188625,79.6529783,200.4306232,32.16781321,0.035207663,1
15-01-24 16:00,67.0607114,60.66124753,112.3303732,77.04486724,0.020875218,1
15-01-24 17:00,45.25193772,63.50797737,190.4936717,42.93828003,0.015663288,0
15-01-24 18:00,50.2145123,52.01833257,101.8652693,53.84648273,0.079549404,1
15-01-24 19:00,64.49398576,51.28377421,158.9935556,52.09722895,0.028435149,0
15-01-24 20:00,76.79637114,58.19069659,277.288756,65.29323056,0.023485916,1
15-01-24 21:00,61.47034077,60.87770463,83.90041361,64.09789444,0.017173363,0
15-01-24 22:00,48.75934096,37.28343869,220.2735678,36.61267459,0.008066534,1
15-01-24 23:00,72.55707723,58.62007665,195.2536828,53.16811997,0.000204548,1
16-01-24 0:00,21.92509059,96.62966079,70.22932494,7.988975669,0.051280753,1
16-01-24 1:00,30.68923345,51.46170004,186.8055015,77.69567328,0.009352185,1
16-01-24 2:00,60.68913857,36.3138452,154.5821874,100.9568581,0.017063611,0
16-01-24 3:00,50.21182439,56.85465281,155.7431643,54.87471838,0.01833681,0
16-01-24 4:00,59.44935155,45.75913815,171.7118123,17.58736671,0.049091122,0
16-01-24 5:00,50.97026117,34.58155993,128.8386721,70.22960448,0.009500939,0
16-01-24 6:00,58.89016441,62.95158949,154.4106681,32.65579371,0.024316265,0
16-01-24 7:00,38.44720964,45.84082808,165.4405722,54.65762637,0.028981547,0
16-01-24 8:00,58.88274567,47.46640418,199.9682359,68.54749648,0.003598886,0
16-01-24 9:00,65.90507818,63.25728493,68.54576035,64.55708354,0.002902142,0
16-01-24 10:00,69.79800284,31.32927001,240.6786869,80.52612546,0.010093446,1
16-01-24 11:00,84.25771532,27.97663461,85.80252822,53.72379787,0.024076844,1
16-01-24 12:00,53.7210607,74.76342034,201.0822465,54.42420299,0.021904553,1
16-01-24 13:00,54.18369359,25.04467198,155.0031878,70.04833953,0.018137221,0
16-01-24 14:00,29.47246739,40.92061738,79.77589802,48.23047646,0.031714998,0
16-01-24 15:00,42.31122706,27.06250329,184.6827177,34.22206874,0.008493566,0
16-01-24 16:00,47.14104958,50.14562719,96.27484733,61.91342259,0.01735854,0
16-01-24 17:00,66.85796445,69.26408514,223.6536658,25.60142042,0.018221996,0
16-01-24 18:00,41.20830551,62.37802665,108.6045396,47.99737597,0.008789041,0
16-01-24 19:00,62.57925772,118.8109286,69.97326949,21.25038686,0.072720518,1
16-01-24 20:00,49.97567688,84.59730631,259.9814039,37.05313535,0,1
16-01-24 21:00,47.37386681,41.74626756,161.5299991,37.95703465,0.04446876,1
16-01-24 22:00,53.79535774,37.01125593,208.7115681,28.30064195,0.034721502,1
16-01-24 23:00,44.28565772,127.0668794,101.1330337,81.14680849,0.034892588,1
17-01-24 0:00,43.74851424,84.00760102,53.2355241,78.55871069,0.021561137,1
17-01-24 1:00,27.3345064,72.89779655,271.5379705,88.03020703,0.046672553,0
17-01-24 2:00,46.34216818,61.58029225,149.5985721,45.40975079,0.013429325,0
17-01-24 3:00,43.03084723,65.85617399,182.1580535,39.72384795,0.026741053,0
17-01-24 4:00,42.52652154,32.17127301,193.6239444,72.02686575,0.021187282,0
17-01-24 5:00,56.42687909,63.33481453,129.7129821,53.25979199,0.016444931,0
17-01-24 6:00,60.31327534,61.50347021,164.4464256,53.13370625,0.021994176,0
17-01-24 7:00,53.53683186,42.23928487,264.8661462,5.817742656,0.007520286,1
17-01-24 8:00,65.92207926,49.12596059,147.9787378,70.62980811,0.010698296,0
17-01-24 9:00,58.96470042,95.26234352,214.2066616,66.7674089,0.052777195,0
17-01-24 10:00,45.66121531,57.39482981,49.33745096,49.86467744,0.091016383,1
17-01-24 11:00,43.27139166,109.9292232,227.8120671,72.39301713,0.029130346,1
17-01-24 12:00,54.7901913,27.99067918,68.77371387,66.12868559,0.035421386,1
17-01-24 13:00,58.93571534,49.44419599,219.2014885,34.0389832,0.024223063,1
17-01-24 14:00,72.92163331,31.0982568,175.3300078,44.65026171,0.027902097,0
17-01-24 15:00,69.2864889,36.79618248,144.0601624,27.85226312,0.029587798,1
17-01-24 16:00,42.17109792,43.63656722,143.8352431,92.97040323,0.039783191,1
17-01-24 17:00,48.48031108,66.7706324,134.5875447,77.29415703,0.051677841,1
17-01-24 18:00,60.51553197,65.7101439,102.7491458,31.63945083,0.008195939,0
17-01-24 19:00,67.16058592,46.4270563,137.3810399,66.62090863,0.08923411,0
17-01-24 20:00,64.96620569,20.6608456,317.2568417,57.19764944,0.022269658,1
17-01-24 21:00,49.04591289,94.30691467,241.570186,34.26277111,0.022275164,1
17-01-24 22:00,32.76223303,54.12143317,100.1141806,53.15454683,0.013904933,0
17-01-24 23:00,36.01382824,38.42706204,167.1604019,73.6700903,0.013956732,1
18-01-24 0:00,54.16383175,65.8869268,156.0539697,76.14833434,0.031001674,1
18-01-24 1:00,55.25050204,64.35604532,141.2281444,124.6140363,0.031412413,1
18-01-24 2:00,34.72690576,53.37997439,93.35977968,52.38390016,0.030002012,1
18-01-24 3:00,50.67053061,63.15224352,179.0615741,44.22490738,0.013343256,0
18-01-24 4:00,59.86680954,37.74551425,207.1745001,65.00151163,0,1
18-01-24 5:00,34.05692295,76.824371,102.0536543,45.5263624,0.000943285,0
18-01-24 6:00,67.79597684,40.55640702,295.166192,36.40372861,0.020213135,0
18-01-24 7:00,44.47956254,47.83310915,259.0241664,29.4266429,0.02571255,1
18-01-24 8:00,70.44578743,74.25625383,186.0632603,0,0.013813301,0
18-01-24 9:00,42.28278483,87.45741405,82.12031914,69.99095272,0.010353905,0
18-01-24 10:00,35.65457764,97.0732874,176.0548124,17.09953054,0.025011172,0
18-01-24 11:00,43.33783465,83.84382789,168.1006947,30.32609016,0.018312653,1
18-01-24 12:00,48.58183132,53.35201831,183.6521748,57.56765954,0.013057253,0
18-01-24 13:00,44.32371804,31.20047993,264.5814766,42.27242999,0.001981484,0
18-01-24 14:00,46.80663529,92.4674391,139.1874228,117.5908672,0.008633723,0
18-01-24 15:00,55.12100997,91.60282701,303.1507234,19.10241656,0.037530665,1
18-01-24 16:00,47.46161183,46.56582871,176.3979963,121.0036438,0.007377861,1
18-01-24 17:00,49.01268494,80.61785366,132.3522647,90.23265681,0.031939783,0
18-01-24 18:00,27.2830589,53.18977946,334.5031413,75.20677834,0.047948815,1
18-01-24 19:00,56.02889758,94.90756298,206.0005671,92.19766304,0.009220343,0
18-01-24 20:00,48.66990776,49.58547052,122.8198295,60.60643258,0.01347869,0
18-01-24 21:00,76.74743819,107.4242684,155.3060914,16.12188739,0.038722179,1
18-01-24 22:00,36.78930519,77.43550977,192.1231898,63.66650879,0.04428493,0
18-01-24 23:00,26.14550207,102.5951929,140.7077401,19.56031405,0.010930566,0
19-01-24 0:00,59.65303607,50.5829192,158.4768297,37.62844312,0.001944866,0
19-01-24 1:00,55.31798625,68.75169516,102.9317052,48.066238,0.044802167,1
19-01-24 2:00,35.89044185,41.05439008,61.71462546,29.71354179,0.03036439,1
19-01-24 3:00,29.39389754,78.79225108,156.7191581,76.33611218,0.026891588,1
19-01-24 4:00,75.42453967,80.09228571,158.8693856,44.79313748,0.037164401,1
19-01-24 5:00,73.21136406,118.9560878,184.6121049,60.73530546,0.00525171,0
19-01-24 6:00,18.87558975,70.47137929,115.9801108,49.76493676,0.026718295,0
19-01-24 7:00,43.33662291,75.99244687,76.99787149,53.20224253,0.015679867,0
19-01-24 8:00,77.73241602,50.44508396,95.25832863,30.18791863,0.030734037,1
19-01-24 9:00,43.08569719,71.80860426,222.6632856,24.78408382,0.034700001,1
19-01-24 10:00,42.88151685,52.23876061,111.0030168,46.22671765,0.038485822,1
19-01-24 11:00,45.83856292,62.45321151,123.542552,28.64727346,0.030651801,1
19-01-24 12:00,34.44295542,63.71051247,131.0597657,90.66488513,0.024199459,1
19-01-24 13:00,27.33462417,52.78777575,113.5962573,21.27284352,0.024788846,0
19-01-24 14:00,66.8960655,61.32779016,109.5575708,124.8097972,0.026271777,1
19-01-24 15:00,25.75236285,52.33007113,100.1079148,57.82428572,0.01118038,0
19-01-24 16:00,53.77021495,52.24193997,249.3120689,51.74759128,0.01448386,1
19-01-24 17:00,64.08471559,84.34876784,195.2815143,37.36900663,0.026923011,0
19-01-24 18:00,30.33766329,63.7298414,237.3311384,67.71766154,0.031677052,1
19-01-24 19:00,36.99024604,67.46907421,253.1872492,45.01830957,0.010855489,1
19-01-24 20:00,69.66949157,32.58220564,36.26412303,57.78270909,0.006251298,0
19-01-24 21:00,58.27734939,69.16160041,172.1736817,73.17157791,0.001615096,0
19-01-24 22:00,41.12175604,71.56091632,115.4254677,68.07666223,0.004591535,0
19-01-24 23:00,69.47913772,51.87289941,227.2841855,85.60829742,0.012240449,1
20-01-24 0:00,69.5537643,110.3066463,106.9567271,64.3138459,0.013452552,1
20-01-24 1:00,54.10817975,19.78706965,90.78303048,28.93303844,0.015714601,0
20-01-24 2:00,37.30788502,77.39455756,72.71105889,10.98183764,0.005075914,0
20-01-24 3:00,43.96920928,75.73103694,131.6324907,55.40944894,0.000855252,0
20-01-24 4:00,54.37781853,71.81320968,212.2068279,55.78907976,0.022073069,0
20-01-24 5:00,47.20664557,63.74704319,166.4041809,109.2758623,0.022079858,1
20-01-24 6:00,64.96599826,72.01913735,83.51266053,47.14424172,0.031099546,0
20-01-24 7:00,29.39359753,79.36227807,312.3448401,59.78304103,0.035033469,1
20-01-24 8:00,29.81887056,45.54672992,193.1275676,71.24141964,0.026739564,0
20-01-24 9:00,52.74578103,66.4173851,202.2143312,63.62596672,0.021874128,1
20-01-24 10:00,42.8684497,56.20075391,240.2220962,73.23531817,0.036318257,1
20-01-24 11:00,40.98746074,38.82535757,63.62836877,31.55316671,0.048868776,0
20-01-24 12:00,26.60517377,75.83206863,98.01963947,28.45071531,0.010546853,0
20-01-24 13:00,50.29356971,48.62618512,205.502296,43.22212238,0.034104075,1
20-01-24 14:00,49.21145648,31.91033874,103.2726343,9.828034258,0.011181963,0
20-01-24 15:00,60.22921951,49.11463658,133.2654524,49.01520988,0.023648479,0
20-01-24 16:00,51.03834005,44.18048231,145.1774709,34.81557226,0.040544381,0
20-01-24 17:00,48.02852267,83.1847128,79.95275037,58.36679764,0.015845998,0
20-01-24 18:00,69.04034005,63.25225816,128.2300604,43.58406466,0.007486121,0
20-01-24 19:00,32.03556087,91.89651074,212.1743479,27.70749108,0.013285235,1
20-01-24 20:00,58.33355168,46.66876496,198.783486,87.92645872,0.007476131,1
20-01-24 21:00,27.72552537,79.50382676,226.9962262,52.08340581,0.006274395,1
20-01-24 22:00,38.12742244,128.3962291,219.2363378,73.80504718,0.043672632,0
20-01-24 23:00,33.28068033,67.66682049,176.3555222,54.68889419,0.029368189,0
21-01-24 0:00,62.34057216,79.20828425,171.0577192,62.24575273,0.010040413,0
21-01-24 1:00,49.02312499,75.28532107,166.2182314,21.53203497,0.007156815,0
21-01-24 2:00,49.79763367,33.16986548,113.1686809,86.8532333,0.007867401,1
21-01-24 3:00,34.62386309,72.81693611,91.99317157,74.28328559,0.010038392,0
21-01-24 4:00,45.59441375,66.57645595,109.7534329,49.53005735,0.042428394,1
21-01-24 5:00,39.13089972,54.646508,130.2609384,57.44888797,0.01827492,0
21-01-24 6:00,55.89886297,42.60751661,111.5915245,78.08080204,0.06773717,1
21-01-24 7:00,36.11589461,75.29606715,176.8920239,41.11514735,0.01936891,0
21-01-24 8:00,71.71526853,40.99787502,162.8630211,17.94142043,0.011783784,0
21-01-24 9:00,27.6738631,111.635223,169.9068048,41.54278695,0.037426575,0
21-01-24 10:00,38.55267675,62.41710262,172.7039299,53.87940498,0.001645849,0
21-01-24 11:00,77.9710092,36.5552722,233.3066696,49.19216222,0.023121712,1
21-01-24 12:00,43.66226451,49.60236642,149.4646352,88.14709567,0.005013312,1
21-01-24 13:00,32.00572594,54.27521696,219.1239431,28.76667807,0,1
21-01-24 14:00,53.33406579,119.3892514,183.8877475,31.25085406,0.01815916,1
21-01-24 15:00,43.09511415,42.59737852,228.2585276,26.90722466,0.035446974,0
21-01-24 16:00,38.16062525,57.57969715,266.5565417,61.26998416,0.023560108,0
21-01-24 17:00,34.76287067,49.13949327,188.0357472,18.83549322,0.021526125,0
21-01-24 18:00,99.1894965,70.85831675,156.5501227,70.25343069,0,1
21-01-24 19:00,46.28999986,49.44899176,156.1385515,29.28870756,0.017592623,0
21-01-24 20:00,24.82429925,38.02598514,121.9409569,32.46550278,0.017740221,0
21-01-24 21:00,74.63681523,55.95602378,120.0369591,103.6567239,0.031098087,1
21-01-24 22:00,59.53947123,53.8471843,211.265215,85.37225158,0.006428823,1
21-01-24 23:00,39.09047432,48.08899817,95.34256932,53.02296839,0.035339478,1
22-01-24 0:00,36.8739249,49.12045737,266.5682337,22.38050933,0.012628354,1
22-01-24 1:00,60.55565755,86.98386796,140.6554164,112.5342549,0.015479944,0
22-01-24 2:00,46.35719375,53.43880621,378.0288075,45.20758764,0.029283192,1
22-01-24 3:00,24.81972328,38.11268742,109.5627398,56.37341343,0.00521339,0
22-01-24 4:00,80.00282616,50.61589151,166.0123745,75.29321383,0.035225251,1
22-01-24 5:00,43.67849079,61.14547739,128.7522081,12.48649261,0.003830897,0
22-01-24 6:00,74.67031087,34.61676244,104.2061385,35.22801006,0.031770573,0
22-01-24 7:00,70.81092031,98.11124365,223.277549,48.31203401,0.016398803,0
22-01-24 8:00,35.98687694,79.34821025,88.23636331,53.31925572,0.017610619,0
22-01-24 9:00,66.56532926,93.10171873,110.4878037,22.50800134,0,1
22-01-24 10:00,40.65273915,68.46533734,188.7076066,58.47793034,0.011594852,0
22-01-24 11:00,25.48406228,22.60770707,199.8898503,50.84692534,0.016769026,0
22-01-24 12:00,43.81131111,95.77788248,74.63123133,100.0227857,0.0519727,0
22-01-24 13:00,56.12267811,42.98368991,188.3848933,78.00901471,0.019429155,1
22-01-24 14:00,43.27307549,44.49180253,158.1559357,43.48610136,0.010831611,0
22-01-24 15:00,45.48855357,63.31948435,97.6955871,45.21359256,0.035423489,0
22-01-24 16:00,68.46123397,91.79210305,104.4289085,78.45003035,0.01268295,1
22-01-24 17:00,51.60875067,83.78315049,47.71883401,57.33193543,0.039711787,0
22-01-24 18:00,38.06167737,80.26392173,275.0379689,21.36168522,0.024386501,0
22-01-24 19:00,61.02330143,53.59748606,219.6502477,115.4966511,0.0080347,0
22-01-24 20:00,53.00420913,53.28123199,79.39980601,28.19280276,0.037644624,1
22-01-24 21:00,18.53441875,67.44433256,203.7612504,130.4101086,0.030700313,0
22-01-24 22:00,56.60877993,57.29388997,116.1006134,61.2483093,0.036738194,1
22-01-24 23:00,56.03096035,79.86200556,212.1969284,35.32532466,0.017185639,1
23-01-24 0:00,50.3022218,78.46611396,120.4719358,7.63271408,0.030702174,1
23-01-24 1:00,64.17063864,72.94269458,128.0825262,71.22920085,0.061792641,1
23-01-24 2:00,40.36620937,16.52553368,132.4771606,18.4526241,0.022830553,0
23-01-24 3:00,55.16072894,62.71232717,111.5079874,59.31534216,0.014098466,0
23-01-24 4:00,28.9509711,57.73184226,249.2022232,109.5576238,0.051854788,0
23-01-24 5:00,56.27207833,63.57088654,211.0020416,25.44096797,0.032008847,1
23-01-24 6:00,83.11033761,45.01269108,156.9443157,70.08556268,0.013401026,1
23-01-24 7:00,36.06689388,34.81208244,220.3339498,31.68609143,0.056794019,1
23-01-24 8:00,39.1802673,70.04765396,64.192192,82.18082204,0.005089966,1
23-01-24 9:00,39.85389029,52.70809827,82.27599216,51.65856487,0.029306681,0
23-01-24 10:00,51.96687293,72.56396092,181.010886,49.52450529,0.042287127,1
23-01-24 11:00,35.18450202,46.58598722,199.2171189,84.55484299,0.040593831,1
23-01-24 12:00,56.49616003,92.74132786,167.9313831,66.80528294,0.008030327,0
23-01-24 13:00,63.41973708,82.52555792,53.59881825,31.82534738,0.004768004,1
23-01-24 14:00,58.30073515,66.36552878,90.37542008,104.2591587,0.023830121,1
23-01-24 15:00,26.60106173,55.58918124,177.0782844,18.68062687,0.032765983,0
23-01-24 16:00,65.91787366,78.99048778,336.9811247,57.12045406,0.006238641,1
23-01-24 17:00,64.93916888,68.4746448,235.0194091,31.45970163,0.025101744,1
23-01-24 18:00,63.14158849,65.09565157,263.5088518,19.4548943,0.003053017,1
23-01-24 19:00,55.73164507,83.53152599,171.9253191,25.50457444,0.040349681,1
23-01-24 20:00,53.35132305,93.00976734,171.4439878,48.77628559,0.01183857,1
23-01-24 21:00,66.55166884,36.05216579,91.81571156,59.11009553,0.017456285,0
23-01-24 22:00,82.55260645,39.59689391,214.9246696,79.83730565,0.036070206,0
23-01-24 23:00,36.61267917,44.52773496,145.458277,93.43696407,0.034123518,1
24-01-24 0:00,67.33423531,31.83500296,196.1750423,57.17350913,0.028257014,1
24-01-24 1:00,48.71417692,58.68818703,151.923547,39.50942888,0.039651217,0
24-01-24 2:00,48.07171932,73.1426552,167.9123441,79.21410357,0.027046703,1
24-01-24 3:00,29.31296621,59.55090392,144.5631701,35.76731536,0.049446578,1
24-01-24 4:00,45.80926387,49.21137442,164.3417811,17.74759395,0.001407801,0
24-01-24 5:00,36.03556303,85.55897352,218.5057036,76.12051567,0.019057577,1
24-01-24 6:00,43.25734449,62.98131862,80.48067775,88.35602407,0.018398199,1
24-01-24 7:00,34.73321758,67.37909829,70.06525258,31.48083195,0.016640313,0
24-01-24 8:00,43.46789293,86.23731788,177.7046999,110.5550615,0.028701167,1
24-01-24 9:00,44.07327027,57.43470215,252.4874195,65.59615799,0.023561319,1
24-01-24 10:00,51.46068529,109.6312186,272.9888446,61.41401844,0.035238108,1
24-01-24 11:00,28.38616918,50.89669234,82.46944368,37.8837411,0.005262697,0
24-01-24 12:00,30.4067505,107.9446078,125.7942293,78.53684852,0.072438089,1
24-01-24 13:00,55.559696,40.95572419,70.67751321,18.86173284,0.014203024,0
24-01-24 14:00,38.67433579,71.2688689,117.4058123,41.8516115,0.024834789,0
24-01-24 15:00,67.27256112,47.12609584,227.742733,33.28350409,0.016827742,1
24-01-24 16:00,53.42979228,85.39103089,149.1952607,22.41659608,0.021316782,1
24-01-24 17:00,59.46959256,50.30017488,127.471561,73.80892843,0.01229982,1
24-01-24 18:00,73.15043763,66.23520408,185.8505707,58.8775883,0.023419913,0
24-01-24 19:00,45.45025861,46.97342542,104.1018913,72.05987289,0.030291084,1
24-01-24 20:00,41.71273439,80.99931519,264.7866282,43.27485246,0,1
24-01-24 21:00,63.83540418,46.8742381,150.4556292,77.53813397,0.015067066,0
24-01-24 22:00,57.90230753,99.60254005,125.8564915,51.94639646,0.014537869,1
24-01-24 23:00,47.225138,40.57207611,188.7444293,38.86510813,0.073299173,0
25-01-24 0:00,72.80802478,34.45788546,213.998936,35.25231743,0.035980306,0
25-01-24 1:00,46.861383,81.34077068,265.0312743,12.22312788,0.05075149,0
25-01-24 2:00,50.49267867,48.10054685,137.141465,83.17656418,0.029864334,1
25-01-24 3:00,50.31879016,59.84809499,224.9556453,79.58583425,0.021338072,1
25-01-24 4:00,36.85455732,53.38869481,156.3871885,148.8926885,0.026224349,0
25-01-24 5:00,51.16980033,35.01963708,114.0314619,41.97041842,0.041750805,1
25-01-24 6:00,72.90234165,58.39202509,105.0698963,34.66400107,0.057190635,1
25-01-24 7:00,56.87252153,88.96325213,88.65877083,16.14876489,0.025106524,1
25-01-24 8:00,50.46691633,82.57530284,106.944785,76.76376474,0.011197228,1
25-01-24 9:00,47.59965944,64.94823984,227.2004715,69.84360074,0.037357702,1
25-01-24 10:00,55.07247842,85.21334529,197.1659809,96.01856074,0.008532935,1
25-01-24 11:00,61.80864942,39.43397917,81.66790975,29.60464729,0.0267036,0
25-01-24 12:00,59.50975442,53.32433987,59.14985496,69.44867798,0.032293585,0
25-01-24 13:00,45.13216136,68.54689608,87.90485415,37.76656468,0.018305825,0
25-01-24 14:00,54.977207,57.28680068,105.0739018,89.00962448,0.007978974,1
25-01-24 15:00,57.42943827,54.90809269,131.5977136,64.26795801,0.013347031,0
25-01-24 16:00,35.90651693,36.94879968,231.5576232,18.36820098,0.015237635,1
25-01-24 17:00,52.55175963,22.7898038,117.5676589,46.771712,0.006472691,0
25-01-24 18:00,22.25167619,78.17855316,271.9757282,12.68259178,0.014269672,1
25-01-24 19:00,57.47084443,65.19638814,61.9259368,24.97763022,0.003093174,0
25-01-24 20:00,60.34119877,80.16236755,128.9397353,26.07854974,0.030506344,1
25-01-24 21:00,61.7720171,51.10480812,202.7993121,35.20888159,0.0256668,1
25-01-24 22:00,44.23035923,45.79374289,207.2568687,43.63986686,0.02446296,1
25-01-24 23:00,54.73121247,60.13757161,129.6941009,54.19584016,0.014272389,0
26-01-24 0:00,73.38695224,79.03267818,218.6306493,52.90300467,0.016157802,1
26-01-24 1:00,73.20528934,55.21985868,204.720256,49.40521214,0.008798325,1
26-01-24 2:00,49.56326056,77.80177809,110.1595162,58.64107592,0.028848324,0
26-01-24 3:00,52.10920442,40.38651559,170.2781089,23.4410939,0.003805748,0
26-01-24 4:00,67.89779074,56.64870797,196.9462602,51.84553324,0.021361277,1
26-01-24 5:00,29.74037646,58.53497696,114.0780932,92.03449376,0.011065558,1
26-01-24 6:00,45.2582418,88.01023726,273.119773,45.93740106,0.057381385,1
26-01-24 7:00,71.81730527,64.42483906,101.9768558,63.10092257,0.029261021,0
26-01-24 8:00,65.57902422,101.2408079,159.1303818,60.52452502,0.019992874,1
26-01-24 9:00,55.6753124,34.42300068,81.26057777,73.7872313,0.005973491,1
26-01-24 10:00,29.68004515,62.75361538,156.5241124,57.42581874,0.003761247,0
26-01-24 11:00,49.25383754,63.81563431,90.13979549,73.27805783,0.028670258,1
26-01-24 12:00,41.49926923,73.59873051,132.1360004,63.45431811,0.058487719,1
26-01-24 13:00,55.0751703,43.91177291,65.94140335,67.72819597,0.027044983,0
26-01-24 14:00,38.51484178,99.62941233,203.8265464,61.63962161,0.022896829,1
26-01-24 15:00,35.66625756,60.27249487,173.029116,27.87114068,0.02314396,0
26-01-24 16:00,23.29068945,38.94415589,225.0579299,24.8429588,0.021680137,0
26-01-24 17:00,69.81987696,59.6638604,128.9879878,41.54362245,0.023377448,0
26-01-24 18:00,44.16325879,53.57071323,228.5791195,96.01377819,0.010445784,1
26-01-24 19:00,52.38188155,127.8323514,152.4642352,45.7970682,0.007266424,0
26-01-24 20:00,49.96643326,83.70238793,157.1498075,58.02646834,0.021783527,1
26-01-24 21:00,35.12790621,61.04658785,308.9436616,12.42822444,0.050585573,1
26-01-24 22:00,32.69927078,57.66853763,121.1172169,54.95615529,0.03424382,0
26-01-24 23:00,35.93093161,81.32895785,235.7561235,52.16984102,0.004829229,0
27-01-24 0:00,39.67544601,82.47269379,181.3608946,4.606928805,0.016112336,1
27-01-24 1:00,55.63349385,11.57313609,116.2183955,57.52607268,0.033258252,1
27-01-24 2:00,38.69740165,74.12301654,78.15557446,16.90269648,0.051172586,1
27-01-24 3:00,79.247589,60.58847061,91.83577268,33.44466511,0.058286731,1
27-01-24 4:00,66.46230479,35.04462692,228.3377279,77.82872409,0.016761744,0
27-01-24 5:00,62.77883841,79.64666233,276.4488207,54.01066112,0.035225765,1
27-01-24 6:00,48.21943472,114.7379892,155.7651615,39.39207018,0.024174756,1
27-01-24 7:00,75.00725718,72.15774747,159.1168219,37.50382897,0.01812736,1
27-01-24 8:00,46.77744199,84.92541142,202.1456192,40.07434668,0.021009208,0
27-01-24 9:00,49.53205606,102.7687695,154.613616,54.09987963,0.021210711,1
27-01-24 10:00,52.57850944,43.59849769,225.9872934,24.30855838,0.04294565,1
27-01-24 11:00,61.01990119,26.16685716,168.7366519,81.90338063,0.003446091,0
27-01-24 12:00,59.95927309,74.44139687,158.5815608,25.26161522,0.028147821,0
27-01-24 13:00,43.09886485,54.89212494,109.2325887,15.77174484,0.05174011,0
27-01-24 14:00,42.28917651,33.97488652,96.28198664,77.72598189,0.049058647,1
27-01-24 15:00,60.00802015,58.36759715,26.3068399,39.64966763,0.030074767,1
27-01-24 16:00,61.24011213,76.07248262,236.2705657,51.77638343,0.009606569,1
27-01-24 17:00,44.25445824,56.90488388,140.9660208,67.65140073,0.034238606,0
27-01-24 18:00,28.71134492,44.40526634,125.9370742,33.56684487,0.046465441,1
27-01-24 19:00,46.93323852,55.38128484,50.8732622,53.48507068,0.012553863,0
27-01-24 20:00,59.7416714,59.59156323,112.4514183,67.46592253,0.026105429,0
27-01-24 21:00,80.34078269,25.06522519,105.3425963,99.18153482,0.016842088,1
27-01-24 22:00,33.46573384,57.03230301,104.1166676,38.00707126,0.011307146,0
27-01-24 23:00,43.78339424,34.47972704,171.4669383,39.06928032,0.015255277,0
28-01-24 0:00,44.31058171,74.4910178,157.7302028,65.03517612,0.02210605,0
28-01-24 1:00,72.17528821,30.8733868,76.03776386,55.34535718,0.007837696,0
28-01-24 2:00,49.4770984,82.80485455,78.99128038,46.63044241,0.006199126,0
28-01-24 3:00,37.21334309,51.65865763,78.90507652,97.4272337,0.0081405,0
28-01-24 4:00,58.69256966,49.03974409,282.8259088,16.43085376,0.025568969,1
28-01-24 5:00,44.09415453,66.31360181,256.6644894,20.52044412,0.002992816,0
28-01-24 6:00,33.13331509,42.93830014,101.0897941,16.60349088,0,0
28-01-24 7:00,37.40544457,65.97020963,49.90440564,84.37410321,0.047611361,0
28-01-24 8:00,79.01753082,45.42969062,158.1011372,63.66290332,0.00686831,0
28-01-24 9:00,55.91075505,48.77350522,152.9469775,21.36819916,0.017008773,0
28-01-24 10:00,51.62801306,68.75890556,170.4099299,46.96957686,0.037308474,1
28-01-24 11:00,46.31404084,38.03435372,199.6336798,49.31040798,0.00319362,1
28-01-24 12:00,54.46758358,35.84673988,179.4557159,9.411463498,0.00318491,0
28-01-24 13:00,54.28207138,65.30515951,87.70115265,54.81327303,0.011079154,0
28-01-24 14:00,54.46789505,59.4361885,168.8963289,24.72119263,0.038153195,1
28-01-24 15:00,51.73586575,63.5852335,207.7380616,69.16485498,0.019655062,0
28-01-24 16:00,63.78678563,67.04144518,107.8949633,25.27289152,0.019870978,0
28-01-24 17:00,50.347099,61.20982456,169.2871226,55.62308859,0.015535056,0
28-01-24 18:00,36.28728183,73.32461006,117.2846043,87.39199208,0.029942143,0
28-01-24 19:00,41.18871843,62.06040277,298.6687689,77.21330408,0.049060097,1
28-01-24 20:00,24.23123459,23.89052153,77.63612536,63.45077075,0.094457599,0
28-01-24 21:00,84.51024436,27.87707435,230.2641162,47.98645702,0.017696418,1
28-01-24 22:00,63.68566437,106.0624148,62.32389411,19.24833224,0.051400717,1
28-01-24 23:00,38.2379596,60.00150922,281.3560204,39.60101946,0.038983827,1
29-01-24 0:00,45.85176378,81.30951348,86.47198893,44.50308213,0.024485768,1
29-01-24 1:00,40.85246453,52.91948477,162.0703233,42.82053586,0,0
29-01-24 2:00,75.51766007,58.78673164,64.10104847,18.71701535,0.014382202,1
29-01-24 3:00,30.7178937,50.78765152,76.56087428,61.42706926,0.014931054,0
29-01-24 4:00,51.73024565,120.9056704,210.944889,24.66079367,0.026127027,1
29-01-24 5:00,48.38386065,65.41428846,220.6028509,95.82408219,0.016957511,0
29-01-24 6:00,63.08624158,49.19709345,165.3036895,53.76626045,0.011940396,0
29-01-24 7:00,48.4506795,29.40904116,199.6128163,77.35843158,0.06484298,1
29-01-24 8:00,26.7181653,107.2918379,221.8555509,76.72153093,0.046064818,0
29-01-24 9:00,46.29629265,56.61114366,110.0475339,114.9016908,0,1
29-01-24 10:00,36.36266611,76.45962698,74.30746892,54.64626723,0.015739632,0
29-01-24 11:00,51.2000261,79.07504014,149.1446651,40.70491209,0.031288957,1
29-01-24 12:00,73.56951932,50.60187715,115.9238931,41.14281519,0.046608445,1
29-01-24 13:00,26.93422152,74.79979739,175.1950024,94.11753537,0.013809513,1
29-01-24 14:00,38.6370154,47.86057058,186.0538004,22.22317926,0.016693226,0
29-01-24 15:00,42.01507519,40.67246297,110.1847124,30.36019387,0.021543504,0
29-01-24 16:00,44.42117586,86.48772557,196.981397,56.0932893,0.031903686,1
29-01-24 17:00,61.64967096,56.71555884,193.4510306,46.25010484,0.00250503,0
29-01-24 18:00,47.4269514,71.29205284,198.3464786,77.00011883,0,1
29-01-24 19:00,56.40993279,68.88262497,125.5107442,21.90896782,0.044794495,1
29-01-24 20:00,41.00499625,74.00700694,202.3948068,48.33979511,0.007099548,1
29-01-24 21:00,53.50173039,30.94693522,184.1225568,45.42962661,0.067479604,1
29-01-24 22:00,62.27193362,48.22274635,192.4705586,26.64302213,0.008420111,0
29-01-24 23:00,39.55176938,53.34394788,271.751632,74.28263384,0.017143304,1
30-01-24 0:00,62.33089231,43.57598304,171.1305024,47.73066583,0.026305194,0
30-01-24 1:00,50.78833444,69.28521412,114.2752798,46.70206273,0,0
30-01-24 2:00,66.77489072,87.0378274,87.99524741,31.42282095,0.090444472,1
30-01-24 3:00,47.01927147,90.9631604,228.1294499,41.16376208,0.014148118,1
30-01-24 4:00,55.86401731,53.04928974,173.0977424,27.59047907,0.008693117,0
30-01-24 5:00,49.39255539,66.25914921,271.1102149,73.83243674,0.005419359,1
30-01-24 6:00,48.56607287,69.65641079,47.86748063,79.02052657,0.026180652,1
30-01-24 7:00,53.95100139,73.62531668,211.8925803,100.4693583,0.024907459,0
30-01-24 8:00,58.3402743,42.71584528,134.0880728,61.41654143,0.005726474,0
30-01-24 9:00,32.81793879,103.2039544,128.6548004,41.86474293,0.003695605,0
30-01-24 10:00,73.55980946,80.74458335,105.7090962,38.93569894,0.040224798,0
30-01-24 11:00,25.56340102,81.36694738,211.0785564,62.9884076,0.010798538,1
30-01-24 12:00,40.19678598,87.44513536,190.6045709,55.14262737,0.001349431,1
30-01-24 13:00,48.5948506,71.64480659,86.43134358,45.73584178,0.017698894,0
30-01-24 14:00,56.35537698,40.00947742,160.4707844,43.65409112,0.014056532,0
30-01-24 15:00,76.12690775,57.11054277,197.1237304,83.39482152,0.062608329,1
30-01-24 16:00,25.57887493,29.41684467,161.3157844,39.76329279,0.012463074,0
30-01-24 17:00,42.6423414,68.97495049,226.6038795,89.10750633,0.015353393,1
30-01-24 18:00,22.62091837,56.48946307,132.3773251,54.65292563,0.023655782,0
30-01-24 19:00,50.47532956,59.15149304,39.59541654,41.20898847,0.011843776,0
30-01-24 20:00,54.14906574,87.45845181,161.8790282,32.21821223,0.027638638,1
30-01-24 21:00,76.39256723,50.71639052,161.4848646,46.20851543,0.006832134,0
30-01-24 22:00,51.82407416,54.8007628,170.0301783,63.34427276,0.016342807,0
30-01-24 23:00,66.75036541,60.46216345,226.53861,41.00109235,0.027005515,1
31-01-24 0:00,59.09842196,26.43851998,50.8437232,73.42760048,0.042084855,1
31-01-24 1:00,43.66071804,54.51884803,135.4360392,39.87291063,0.011651852,0
31-01-24 2:00,30.85075918,17.06707136,97.44167158,46.92709902,0.011503239,0
31-01-24 3:00,54.20066074,48.21830045,83.25412525,22.79938739,0.05178589,1
31-01-24 4:00,29.84483817,79.0559926,145.5126754,64.92596391,0.012084392,0
31-01-24 5:00,71.10566745,69.69266878,196.8192019,43.53475621,0.019101795,0
31-01-24 6:00,47.59533259,48.03949028,169.352576,96.95025892,0.05620461,1
31-01-24 7:00,69.35611022,60.85925932,109.8659711,69.11052191,0.021092969,0
31-01-24 8:00,43.02738939,39.15862294,141.0349969,52.13391498,0.016220062,0
31-01-24 9:00,54.10504254,59.95079677,213.3067722,85.13256937,0.017319393,0
31-01-24 10:00,53.1840598,129.3032029,195.4955712,60.62006078,0.009797575,1
31-01-24 11:00,49.3263672,103.8723015,117.2852023,78.25626844,0.02782215,0
31-01-24 12:00,43.69730155,61.10921836,113.6942872,30.67176632,0.007777092,0
31-01-24 13:00,56.040862,63.40149669,60.3976472,62.16780694,0.03427437,1
31-01-24 14:00,36.96532944,40.8684507,124.2681562,63.32623432,0.020244143,0
31-01-24 15:00,33.32120388,44.12672739,59.59097111,18.54014825,0.023933923,0
31-01-24 16:00,70.18702209,67.80263699,304.828518,94.47539747,0.056650824,1
31-01-24 17:00,61.43629312,49.39052443,100.9424776,25.0308064,0.003114225,0
31-01-24 18:00,50.99271583,80.21337123,226.6903347,22.58785056,0.020392541,1
31-01-24 19:00,77.74983489,96.65926901,283.4646991,3.12788949,0.031430752,1
31-01-24 20:00,46.05521559,67.15099136,163.7930463,62.52001685,0.011279493,0
31-01-24 21:00,71.59009211,62.15200701,143.8091261,17.02235632,0.037931727,1
31-01-24 22:00,52.66443753,28.9411581,77.84407072,37.87863011,0.01217507,0
31-01-24 23:00,35.67885285,76.53819677,119.9902201,73.05277999,0.024921101,0
01-02-24 0:00,81.13585543,37.94487874,265.6840387,54.9119757,0.018069843,0
01-02-24 1:00,65.84217068,51.48390575,172.6935598,35.5745633,0.022667085,0
01-02-24 2:00,48.19933062,81.53227258,151.7765847,17.82379615,0.021199585,1
01-02-24 3:00,61.43634693,83.21552427,242.3377045,47.34441946,0.019491614,0
01-02-24 4:00,44.10742495,50.52978584,196.4270824,73.57636892,0.01309704,1
01-02-24 5:00,63.12472365,51.66359164,140.8891271,68.99442634,0.010690221,0
01-02-24 6:00,19.85107823,46.04787399,163.7965892,104.2472782,0.025355314,1
01-02-24 7:00,35.74297475,36.99735174,105.5354786,34.94455999,0.020851632,0
01-02-24 8:00,65.64784581,47.27374283,116.8235592,22.27789091,0.010363432,0
01-02-24 9:00,46.31749481,30.02755229,137.3616904,58.0369833,0.025847885,0
01-02-24 10:00,53.15620823,75.04417595,186.7065853,55.41962752,0.013241013,0
01-02-24 11:00,31.61204669,68.51846902,81.37530052,49.87858053,0.052145221,0
01-02-24 12:00,81.13261737,72.2424046,154.7998962,33.01137972,0.078414941,0
01-02-24 13:00,69.27530549,41.32384558,126.54557,4.786784443,0.048013103,1
01-02-24 14:00,47.02999628,37.04580864,98.56196459,27.87447922,0.046666456,0
01-02-24 15:00,44.09334088,61.12809543,126.8562807,64.85768749,0.035015284,0
01-02-24 16:00,66.50415056,61.35231757,37.24577472,57.34099594,0.016774783,0
01-02-24 17:00,83.66724584,56.93986623,106.0943515,76.92680379,0.000434325,1
01-02-24 18:00,65.21606246,54.04655219,88.53529829,58.98699938,0.006751817,0
01-02-24 19:00,87.29376684,100.316422,132.9753653,70.02559521,0.010546097,1
01-02-24 20:00,37.01546204,69.21877121,38.69778589,70.87274572,0.043699681,1
01-02-24 21:00,38.38059232,107.2096062,162.1494367,50.51313696,0.024294922,1
01-02-24 22:00,33.57946421,89.06367389,211.8012604,50.68973739,0.010752538,1
01-02-24 23:00,56.82156222,100.1203872,142.7515274,2.662881143,0.000691156,1
02-02-24 0:00,52.66488985,39.16798726,182.6672521,34.87870589,0.073211766,0
02-02-24 1:00,47.74382229,72.98436855,119.531696,35.79372056,0.029386287,0
02-02-24 2:00,62.79377895,51.21255689,67.33726079,47.31542155,0.037012328,1
02-02-24 3:00,70.00356287,29.21916209,150.1057247,29.33812018,0.012290228,0
02-02-24 4:00,29.44270965,94.77310479,195.301137,76.07617918,0.017839844,1
02-02-24 5:00,41.40179518,53.96183991,77.74976559,30.29343034,0.014852883,0
02-02-24 6:00,62.97478943,39.51272494,122.2219137,81.20688923,0.021041805,1
02-02-24 7:00,43.20269922,51.55195367,134.921624,28.74258112,0.059753385,1
02-02-24 8:00,38.66404179,44.2302527,376.9961312,35.99915523,0.005082381,1
02-02-24 9:00,66.31547991,46.15416799,164.2600678,34.39112568,0.019344882,0
02-02-24 10:00,32.32030938,55.4199909,52.68891531,38.33289434,0.026164684,0
02-02-24 11:00,45.56725326,100.8407009,43.25542067,83.63351087,0.018171862,0
02-02-24 12:00,55.03766728,46.6733064,198.8579481,42.14383736,0.038897212,1
02-02-24 13:00,41.72197058,98.97445265,342.366802,42.73159377,0.001267074,0
02-02-24 14:00,62.36066762,78.90635857,132.9127747,33.10587101,0.060786062,1
02-02-24 15:00,41.79046638,68.55724956,129.3957235,43.7076411,0.003706661,0
02-02-24 16:00,73.11350128,76.55004605,178.0367844,55.55176261,0.005749707,0
02-02-24 17:00,48.12961767,60.28704866,103.9301374,44.75986077,0.013414774,0
02-02-24 18:00,60.51965565,89.48793949,30.91884035,46.3104708,0.010896727,1
02-02-24 19:00,61.74691103,72.38878546,221.2845288,78.49771312,0.027332665,1
02-02-24 20:00,40.98070641,29.19868358,113.9320709,57.06588838,0.025224941,0
02-02-24 21:00,23.41450878,66.35293838,222.2488518,25.20148709,0.021855597,1
02-02-24 22:00,55.54148103,77.38535684,105.912931,47.89017947,0.003345058,0
02-02-24 23:00,51.08955081,54.05625697,157.7001764,37.41070822,0.017827102,0
03-02-24 0:00,58.64633299,62.67528415,207.8114227,63.84005308,0.020316889,1
03-02-24 1:00,46.65340261,47.69337449,223.7708414,52.605285,0.044271891,1
03-02-24 2:00,43.72885252,33.9166399,164.887494,82.09057784,0.02331043,1
03-02-24 3:00,84.161059,31.04758837,161.6539029,33.14195123,0.026561799,0
03-02-24 4:00,30.08251556,31.26543927,191.0358508,45.3005725,0.062954076,0
03-02-24 5:00,61.54794048,74.72137089,180.303316,26.79416295,0.005475835,0
03-02-24 6:00,41.71113942,17.0063386,79.30409965,48.96016912,0.01424216,0
03-02-24 7:00,45.07606801,46.67021477,80.20401395,18.66871825,0.005696867,0
03-02-24 8:00,45.34401172,44.80061844,44.87258786,58.34717112,0.053447024,1
03-02-24 9:00,38.59399252,54.19407075,201.4319571,48.62273766,0.055212802,0
03-02-24 10:00,58.89466025,26.1844446,126.2065015,53.95186536,0.051465592,1
03-02-24 11:00,72.79354355,68.72633838,205.298669,71.56683474,0.029657286,1
03-02-24 12:00,57.27111776,35.69502063,176.2098042,55.77167071,0.026522372,0
03-02-24 13:00,51.56141778,85.70402982,93.37748791,22.97104422,0.013300743,1
03-02-24 14:00,36.17645737,47.52280942,142.5728185,37.03016424,0.034087014,1
03-02-24 15:00,58.01948734,58.00583928,122.8148004,48.01474797,0.004423825,0
03-02-24 16:00,86.99508821,60.07927235,114.150452,42.12046104,0.004395498,1
03-02-24 17:00,44.43450904,65.21854265,212.2319632,44.97830516,0.01381092,1
03-02-24 18:00,44.50160996,60.77935702,344.7444636,98.42363741,0.060874334,0
03-02-24 19:00,41.89848405,51.30431361,227.238191,52.5390998,0.012575624,0
03-02-24 20:00,42.89831278,67.38054259,148.3195869,59.99485766,0.014375451,0
03-02-24 21:00,16.35717633,70.11502946,238.2373938,11.88581296,0.024852793,1
03-02-24 22:00,56.23958445,44.81031858,274.6606286,70.31968513,0.036800325,1
03-02-24 23:00,38.03167584,69.22640847,74.60900448,145.7001067,0.044735,1
04-02-24 0:00,28.43900053,87.15642227,235.5550377,89.07370857,0.005839709,0
04-02-24 1:00,61.86514435,75.57120804,201.6595886,39.5765476,0.018481241,1
04-02-24 2:00,34.94049571,80.88386546,232.7272024,122.6361045,0.023743435,0
04-02-24 3:00,45.03466092,63.65467299,204.7990849,50.68967732,0.025512666,0
04-02-24 4:00,74.14708915,41.65540712,136.0781,57.94556877,0.036101493,0
04-02-24 5:00,30.8476522,43.98075257,301.8497936,43.52866099,0.035138957,1
04-02-24 6:00,29.35988383,66.87113979,171.9168763,42.92513617,0.020409862,0
04-02-24 7:00,54.11211867,81.13124339,123.986401,8.959416168,0.042422,0
04-02-24 8:00,68.56363166,127.8591191,183.1597085,71.54779135,0.038316194,1
04-02-24 9:00,28.86342608,82.06422233,216.4480666,42.83966862,0.036581778,1
04-02-24 10:00,56.28155697,37.47572889,155.9764452,45.40458327,0.012377979,0
04-02-24 11:00,59.05255356,44.77033678,175.4983613,57.05758151,0.032931034,0
04-02-24 12:00,23.35273464,115.6363254,155.5697951,40.15116948,0.043602808,1
04-02-24 13:00,62.61512446,55.56677635,111.3594665,56.80448314,0.012570529,0
04-02-24 14:00,63.91752607,61.00119379,102.688344,84.4185765,0.022156867,1
04-02-24 15:00,45.42042664,41.21484566,74.13134329,60.6119554,0.052381231,1
04-02-24 16:00,70.35356685,96.54149452,258.7025611,46.23325569,0.02681546,1
04-02-24 17:00,68.33836489,70.88249733,136.3359136,46.95837552,0.018617523,0
04-02-24 18:00,51.55740219,44.63338257,24.29318674,55.13555283,0.049794514,1
04-02-24 19:00,43.43212209,40.61120199,175.7267484,31.27366491,0.013136123,0
04-02-24 20:00,36.35397572,66.59284426,174.3366701,55.3261095,0.001492516,0
04-02-24 21:00,49.43795838,60.93126095,54.24396931,68.52018423,0.009354623,0
04-02-24 22:00,58.87100902,78.51292568,102.1325377,52.2108796,0.042047702,1
04-02-24 23:00,45.24243772,71.9350997,99.83923017,39.9363437,0.029144464,0
05-02-24 0:00,21.86649559,54.55083746,106.9140373,43.0696973,0.021103701,0
05-02-24 1:00,70.64034336,49.02374676,234.6234431,67.5801936,0.04035606,1
05-02-24 2:00,52.8895332,56.67958712,140.8281404,26.12675793,0.022753263,0
05-02-24 3:00,44.44974731,48.89057631,124.3929976,31.58837821,0.016590895,0
05-02-24 4:00,63.59209633,57.29132013,227.7079265,17.57386726,0.035454206,1
05-02-24 5:00,75.1941018,60.34566496,182.4314504,50.85343522,0.014325427,0
05-02-24 6:00,15.8220349,42.35287107,59.37489064,73.77574299,0.028564963,1
05-02-24 7:00,56.70253967,73.84091274,113.7423708,88.60557722,0.009179085,0
05-02-24 8:00,30.63558981,52.42684303,170.744588,95.91174376,0.006463449,1
05-02-24 9:00,57.7357689,43.38358253,96.86477132,34.16841007,0.008396813,0
05-02-24 10:00,51.9352734,52.80168568,301.5617301,56.43832059,0.019585004,0
05-02-24 11:00,59.94004611,65.17545481,157.1313724,40.42775713,0.010892289,0
05-02-24 12:00,42.76053396,61.75414521,106.3194342,99.33529059,0.011234735,1
05-02-24 13:00,25.41042684,69.13175597,87.38203685,87.68307427,0.017615567,1
05-02-24 14:00,43.44730864,80.07580727,213.1323188,54.28653,0.01886012,1
05-02-24 15:00,56.26823953,89.95804769,112.0269795,35.66691097,0.002400461,1
05-02-24 16:00,66.26190651,66.11746294,174.6113154,0,0,0
05-02-24 17:00,33.79571909,39.25798207,85.98602117,20.32562987,0.026879415,0
05-02-24 18:00,66.46075952,54.45730408,154.4169283,13.98564643,0.022285686,0
05-02-24 19:00,40.70165416,40.42229705,112.6832366,20.11895169,0.003708872,0
05-02-24 20:00,55.56811814,99.95290617,130.884691,107.5613956,0.027551469,1
05-02-24 21:00,42.61158255,107.6600619,104.0368287,22.65536145,0.02751748,1
05-02-24 22:00,52.76574555,74.29089213,220.4130979,26.85322524,0.015438598,1
05-02-24 23:00,64.17361023,79.13306307,120.758761,29.52899073,0.06286721,0
06-02-24 0:00,33.10035239,65.36426579,141.1574051,135.2209223,0.045140081,1
06-02-24 1:00,40.26368358,67.88816962,144.1079198,48.45039515,0.014092633,0
06-02-24 2:00,52.80864997,30.28125138,266.3633723,77.82043302,0.014347424,0
06-02-24 3:00,91.791359,58.45561932,210.400183,54.47717594,0.003050157,1
06-02-24 4:00,37.7972508,42.66043177,203.1686038,12.20341201,0.044095474,1
06-02-24 5:00,84.76415456,66.02722954,66.32044323,95.3629379,0.024131881,0
06-02-24 6:00,84.08406234,58.75352325,111.5605816,60.5100546,0.035201264,1
06-02-24 7:00,48.5498022,106.5684348,232.7655564,47.00161767,0,1
06-02-24 8:00,45.61660704,80.50949094,85.04329788,103.2973327,0.034254111,1
06-02-24 9:00,40.09797626,66.09617224,155.2931964,41.69656506,0.012624872,0
06-02-24 10:00,48.98161363,54.50115176,90.22984842,46.4521881,0.030373104,1
06-02-24 11:00,30.87806807,99.41002253,95.27957261,41.72971965,0.029154613,1
06-02-24 12:00,48.86222713,59.37229835,271.9993458,80.38249093,0.019670941,1
06-02-24 13:00,74.69385466,67.13016462,198.0585166,72.33249659,0.010301456,0
06-02-24 14:00,41.20714902,60.88991924,217.2456525,57.19835696,0.026859058,1
06-02-24 15:00,46.44708363,51.75777855,202.6693468,27.02445623,0.008721662,1
06-02-24 16:00,27.3767718,60.76862973,141.4108848,41.15537888,0.040120299,1
06-02-24 17:00,55.75085377,24.57266702,109.6450418,27.01853724,0.010015943,0
06-02-24 18:00,54.03717584,31.09125823,125.8394182,83.04855599,0.020365448,1
06-02-24 19:00,50.95959339,67.52560365,138.2316309,18.0711148,0.009735936,0
06-02-24 20:00,46.79460822,96.62106891,279.9490325,97.48533816,0.022615373,0
06-02-24 21:00,45.69433842,67.49453009,77.19281413,87.16547173,0.00668542,1
06-02-24 22:00,57.78040735,45.65065098,117.2354055,29.5678637,0.009017838,0
06-02-24 23:00,49.56858137,32.8228116,97.94080226,40.10827083,0.072507069,1
07-02-24 0:00,54.82378535,77.398297,222.7376653,33.71191113,0.035645585,1
07-02-24 1:00,53.27095987,48.57146734,286.4809517,61.3111483,0.026320669,1
07-02-24 2:00,68.11349818,74.1285715,169.8712416,91.29623565,0.02901882,1
07-02-24 3:00,60.61323247,68.41516058,175.35585,83.8575624,0.025170499,1
07-02-24 4:00,52.93012334,70.38746514,155.7575948,39.73902455,0.018601433,0
07-02-24 5:00,75.08193592,60.70732947,178.490764,86.09379903,0.033825399,1
07-02-24 6:00,56.48065357,68.27730661,201.9088111,83.4150515,0.008819956,0
07-02-24 7:00,71.27736795,57.5128616,177.6895511,45.38612702,0.053165764,0
07-02-24 8:00,59.47251846,47.26398437,182.6701596,49.76380644,0.021968802,0
07-02-24 9:00,25.76387971,41.15901539,202.0710023,95.67349907,0.034755478,1
07-02-24 10:00,71.27511521,18.44721569,57.8312567,79.81943661,0.052600719,1
07-02-24 11:00,52.04591624,56.2459002,150.1255823,85.11988704,0.028583174,1
07-02-24 12:00,49.22337773,95.36970694,169.6344805,134.6872358,0.009002861,1
07-02-24 13:00,54.2993821,76.13120736,177.0483371,64.58017897,0.043974571,0
07-02-24 14:00,44.94426595,64.85966865,139.4948213,58.45979055,0.055770238,1
07-02-24 15:00,53.45697501,45.39404012,160.202015,89.48041898,0.000222491,1
07-02-24 16:00,41.47217628,82.43615204,108.1154411,111.5498187,0.018401151,0
07-02-24 17:00,70.73785367,57.51585652,57.97264703,35.83655935,0.024917821,0
07-02-24 18:00,48.30908056,96.79424773,217.2454202,45.07577756,0.015984296,1
07-02-24 19:00,44.40761276,40.8409658,86.8225684,27.64819281,0.004722041,0
07-02-24 20:00,36.98160053,45.09432135,140.1261062,58.921182,0.008210494,0
07-02-24 21:00,54.10387726,43.28413071,106.5465692,74.60380769,0.000671794,1
07-02-24 22:00,52.84161557,32.17052652,264.2996707,28.97917219,0.038018437,0
07-02-24 23:00,55.97724289,41.63914072,145.060265,82.20136485,0.047636886,0
08-02-24 0:00,35.64646813,62.18352185,131.1747704,39.28334305,0.047299819,0
08-02-24 1:00,28.54606325,45.80462393,200.0974369,37.48823461,0.019529503,0
08-02-24 2:00,59.77523402,1.323564106,312.6819205,82.0787377,0.024572487,0
08-02-24 3:00,74.47378939,84.29083392,176.3430994,35.5438882,0.040552978,1
08-02-24 4:00,35.65809742,28.88828922,127.2659563,20.821962,0.016436532,0
08-02-24 5:00,76.36794285,72.89457894,196.4485829,70.25050544,0.0075149,1
08-02-24 6:00,54.33927137,60.65696791,66.54747493,46.75947906,0.011845684,0
08-02-24 7:00,49.89410632,111.1897306,152.9147628,84.25750573,0.022901217,1
08-02-24 8:00,44.19481452,82.42699344,298.4775562,72.90638714,0.010109624,1
08-02-24 9:00,31.14911985,49.78524219,160.0085177,15.46218246,0.02824478,0
08-02-24 10:00,65.79153536,45.99600506,156.8057996,88.08025304,0.00382726,1
08-02-24 11:00,38.96746981,94.94456702,151.292339,108.3208985,0.01629419,1
08-02-24 12:00,38.91099832,32.2740002,126.2211414,79.04509637,0.026982206,1
08-02-24 13:00,65.86281245,64.06313138,170.2490933,80.30603922,0.022172865,0
08-02-24 14:00,25.30087496,57.27225914,202.0608527,43.99222236,0.009859267,0
08-02-24 15:00,29.46738313,52.96895876,129.921874,38.76433154,0.033381649,1
08-02-24 16:00,49.7283152,67.61125188,31.55108169,55.44651562,0.02440653,0
08-02-24 17:00,54.48528219,64.03465648,180.401892,75.53631155,0,1
08-02-24 18:00,57.5059874,69.91923876,310.6217409,74.76998489,0.027907026,1
08-02-24 19:00,45.56410493,62.94746005,127.3330979,39.63039475,0.013779592,0
08-02-24 20:00,94.35831569,69.03299614,71.03821877,37.39310014,0.012427327,1
08-02-24 21:00,46.63354664,61.97374464,195.0916417,19.40783572,0.00878752,1
08-02-24 22:00,46.59146997,46.8043011,277.2352223,67.4285143,0.006969753,0
08-02-24 23:00,38.68038772,60.08405048,184.7672664,40.71125647,0.023433362,0
09-02-24 0:00,51.87395515,45.76340448,275.641295,42.74576398,0.029630852,1
09-02-24 1:00,59.6025958,44.52557277,203.3837427,102.1535374,0.022521143,1
09-02-24 2:00,69.50227095,53.11034518,197.1760165,66.03393052,0.037895642,1
09-02-24 3:00,29.87870365,57.51350646,119.2349056,58.38525784,0.030316567,1
09-02-24 4:00,46.37058363,60.74159267,168.3266732,72.82261489,0,0
09-02-24 5:00,56.90009828,80.50358061,148.1632764,91.56978266,0.007855708,1
09-02-24 6:00,59.15049957,49.90495393,146.0408909,17.41171302,0.043251728,0
09-02-24 7:00,50.09827275,64.19201648,134.5201145,36.81909566,0.004523867,0
09-02-24 8:00,58.43058331,62.4994778,164.4062503,44.35828973,0,0
09-02-24 9:00,38.51996419,47.77444855,79.0615004,28.4129105,0.059365828,1
09-02-24 10:00,75.79565082,61.55671307,204.6857205,43.58048812,0.025009737,1
09-02-24 11:00,65.8747321,82.56532507,99.76354,18.43968591,0.010470791,1
09-02-24 12:00,31.63491395,63.96880741,134.7338626,75.60572527,0.008584957,0
09-02-24 13:00,35.02930084,64.83527292,171.3156124,37.86581824,0.031258955,1
09-02-24 14:00,35.3922189,45.93433713,97.20442731,55.14506037,0.028333412,0
09-02-24 15:00,60.62919284,107.1606436,50.29792046,51.29061321,0.025556422,0
09-02-24 16:00,32.37960894,47.0150652,126.9399312,64.86763419,0.017086887,0
09-02-24 17:00,45.1442121,29.14879984,72.84464691,6.645693124,0.00443035,0
09-02-24 18:00,57.02732203,79.17374161,197.5637545,61.86480528,0.019428443,1
09-02-24 19:00,49.01188891,57.6086166,85.88944967,43.34973336,0.040445922,1
09-02-24 20:00,53.95033548,53.77387328,256.056345,60.66821295,0.012209917,1
09-02-24 21:00,35.14889475,48.989814,149.6381458,24.68699941,0.030700952,1
09-02-24 22:00,59.27666733,104.5609806,153.7193967,60.85523047,0.014017079,1
09-02-24 23:00,41.17785044,67.63499725,49.74794472,87.52119564,0.034745883,1
10-02-24 0:00,45.23608282,71.99811526,159.1798254,54.8521902,0.007201743,0
10-02-24 1:00,53.62249229,63.45459386,145.0273281,33.61228254,0.020219564,0
10-02-24 2:00,51.55679844,65.78043207,78.93272924,34.52264879,0.027928685,0
10-02-24 3:00,50.36027533,92.30534302,155.4999658,65.40219463,0.010561492,1
10-02-24 4:00,39.3040383,54.82644421,126.0798682,65.21459173,0.02619628,0
10-02-24 5:00,45.59648868,32.58831206,136.7327431,59.29491612,0.019529792,0
10-02-24 6:00,50.03275863,79.35942606,151.6216293,49.06609863,0.019299359,0
10-02-24 7:00,31.2645809,70.80080259,121.8677261,55.19757764,0.01053399,0
10-02-24 8:00,43.27594225,62.28506553,165.7679844,48.38991249,0.038941558,1
10-02-24 9:00,55.96549387,70.21823099,144.6352335,40.91318512,0.007557739,0
10-02-24 10:00,32.47029522,52.42054829,180.8890894,70.65823656,0.024711041,0
10-02-24 11:00,68.68640589,60.43518651,118.6348188,58.04143839,0.008576134,0
10-02-24 12:00,70.65611678,57.2603121,90.24683992,87.26003489,0.018954399,0
10-02-24 13:00,32.87314132,48.10353414,108.7106845,81.66379934,0.031525622,1
10-02-24 14:00,72.20742556,87.09382631,252.6535994,57.16799965,0.015628684,1
10-02-24 15:00,47.86689184,33.33428047,215.2311399,65.94795013,0,0
10-02-24 16:00,56.45287282,117.9391726,234.6699293,28.81894076,0.003909486,0
10-02-24 17:00,42.79689649,79.57925306,240.041753,48.07832343,0,1
10-02-24 18:00,64.69768416,27.40430927,122.1598366,58.9188242,0.021100397,0
10-02-24 19:00,56.25632263,55.3678829,169.0132742,17.94675888,0.019919878,0
10-02-24 20:00,38.45054668,56.50314735,154.774447,61.28876143,0.014758826,0
10-02-24 21:00,33.8796657,68.4599819,193.8311042,28.7796748,0.011154041,0
10-02-24 22:00,30.22794667,40.69136036,132.4286943,30.9257811,0.023684808,0
10-02-24 23:00,52.85444876,60.67407064,155.86275,37.60392594,0.003127092,0
11-02-24 0:00,58.91479469,57.4784975,154.5483064,49.24012531,0.038039028,0
11-02-24 1:00,60.1882415,45.32613566,184.9662196,22.09026562,0.021218849,0
11-02-24 2:00,48.24420312,42.74124485,193.5621168,73.61760099,0.00756119,1
11-02-24 3:00,33.98369396,80.56120055,155.9070851,54.52988768,0.013830513,1
11-02-24 4:00,40.23410406,28.68935513,157.8416663,109.2411086,0.017950407,1
11-02-24 5:00,68.61313697,70.37801007,164.4248058,57.77215623,0.003627124,0
11-02-24 6:00,42.96543638,77.70175048,269.1762533,65.2475851,0.03208428,1
11-02-24 7:00,52.17183308,55.48192652,59.83249219,30.84064587,0.038243935,1
11-02-24 8:00,35.02226671,61.10394401,95.03669305,24.64476941,0.021919978,0
11-02-24 9:00,55.16203383,86.46397592,194.82804,66.62896597,0.037702666,1
11-02-24 10:00,43.34420673,45.94334175,167.2982267,26.25359971,0.083467774,1
11-02-24 11:00,66.79629821,47.90827746,166.8360708,67.28214943,0.000530791,0
11-02-24 12:00,62.20175712,49.96309881,194.3917701,101.3997891,0.020838584,1
11-02-24 13:00,42.81013519,86.50881321,163.6493136,76.32765238,0.003922013,1
11-02-24 14:00,48.11608337,89.64320338,116.9216264,65.23739343,0.052278987,1
11-02-24 15:00,42.03698551,33.6090694,191.6729769,56.95531382,0.02412295,0
11-02-24 16:00,30.72329265,82.64983636,151.3080653,40.84327677,0.010292487,0
11-02-24 17:00,37.87357108,78.20299065,123.2283783,47.17534429,0.016037639,0
11-02-24 18:00,53.01255002,96.24597627,196.0071258,36.82341191,0.046737887,1
11-02-24 19:00,54.98468621,68.30973097,193.2326867,22.30575933,0.027850239,0
11-02-24 20:00,52.25028503,59.07347591,163.6996536,50.88944885,0.030268167,1
11-02-24 21:00,45.56504703,86.01683231,275.0109363,81.37948106,0.050452411,1
11-02-24 22:00,64.86661238,75.40967939,243.489486,22.76304198,0.03800242,1
11-02-24 23:00,50.95716614,114.70222,218.6383817,90.82978764,0.0417743,1
12-02-24 0:00,61.04337337,81.51154584,349.9152418,84.87421819,0.018026509,0
12-02-24 1:00,26.53965124,63.25987298,140.9747465,60.3977948,0,0
12-02-24 2:00,6.54921996,37.41158966,122.2462155,60.61831891,0.021689192,0
12-02-24 3:00,54.33735606,48.30693643,208.2140417,45.44790318,0.010693183,1
12-02-24 4:00,30.65847236,32.93789551,134.5933009,51.05571127,0.034482957,1
12-02-24 5:00,46.85836019,55.55307476,150.7463359,39.05509763,0.001076987,0
12-02-24 6:00,45.55980701,80.73382124,94.21223121,50.79395484,0.035309686,1
12-02-24 7:00,76.33084971,59.92292736,190.1244303,53.55430809,0.023123297,0
12-02-24 8:00,56.15994554,83.02211443,71.04522105,107.648337,0.026036285,1
12-02-24 9:00,52.51539462,67.25998244,144.0284132,65.10016564,0.031048778,1
12-02-24 10:00,63.25542151,51.77878701,149.0416812,44.89647222,0.019547002,0
12-02-24 11:00,55.66325427,61.85164551,123.8883516,47.55668043,0.015004823,0
12-02-24 12:00,43.34431334,70.24834344,58.70089983,33.69475536,0.042024155,1
12-02-24 13:00,67.22019962,62.9527661,58.39409402,37.19159541,0.030546068,1
12-02-24 14:00,34.58529343,63.19842741,106.7048641,75.25549222,0.032444952,1
12-02-24 15:00,54.95319656,44.73710484,185.4340971,38.38283297,0.018700037,0
12-02-24 16:00,29.18142536,51.1887011,168.5586693,35.70565327,0.02178848,0
12-02-24 17:00,53.10075096,115.0786445,148.9744108,36.24039863,0.019788682,1
12-02-24 18:00,52.93208963,88.06149118,99.40820036,33.36562997,0.001219734,0
12-02-24 19:00,77.95732567,32.30765165,172.018991,81.99126547,0.003624518,1
12-02-24 20:00,28.97453489,18.69746496,56.97970818,53.6286694,0.018074588,0
12-02-24 21:00,41.34775776,61.60874878,34.67635388,43.18123903,0.000535376,0
12-02-24 22:00,63.01704277,79.9603715,135.1625307,50.73461324,0.018274171,0
12-02-24 23:00,55.14219651,49.48673069,117.6608214,55.57390824,0.008090947,0
13-02-24 0:00,52.73708568,83.02051313,219.4823026,32.99300479,0.01880169,1
13-02-24 1:00,36.57215994,61.25808387,160.0237394,21.05303767,0.022806761,0
13-02-24 2:00,41.4867911,56.6155966,269.5205193,88.83733653,0.000627432,1
13-02-24 3:00,70.22574224,76.73598394,117.5397968,77.62916633,0.025518252,0
13-02-24 4:00,49.23001529,49.25494614,181.8449518,59.87326925,0.013413571,0
13-02-24 5:00,55.77129034,54.10246801,134.6145419,75.5146009,0,1
13-02-24 6:00,48.28544342,74.74719874,247.8123791,108.8534703,0.013263146,1
13-02-24 7:00,33.65340861,59.34216388,137.4966666,37.4748788,0.026507204,0
13-02-24 8:00,64.8791583,105.549442,207.7804894,25.76257743,0.014002837,1
13-02-24 9:00,57.8017286,75.29242423,89.61639051,67.85072825,0.013186867,0
13-02-24 10:00,89.90051379,73.79820064,125.083619,19.78408603,0.022532874,1
13-02-24 11:00,35.79768484,58.9640785,144.7896665,50.95364211,0.013021136,0
13-02-24 12:00,63.01522003,79.51764183,238.5409395,42.80639852,0.015939677,1
13-02-24 13:00,32.04698808,53.38135043,41.64159891,68.20956885,0.004055121,0
13-02-24 14:00,52.38495646,66.04953857,129.8736361,38.640897,0.012513307,0
13-02-24 15:00,65.60116395,42.01723543,127.9008382,84.312587,0.060794534,1
13-02-24 16:00,23.2117172,83.44892685,46.07206893,33.00141727,0.022950142,0
13-02-24 17:00,46.96801021,66.22937528,122.2897401,69.13948026,0.024523272,0
13-02-24 18:00,41.86905919,107.5283114,67.95023556,34.67197893,0.01095632,1
13-02-24 19:00,39.96338457,118.8229034,36.92548611,64.61376938,0.014152339,1
13-02-24 20:00,55.92657857,76.90369336,134.0182963,27.72237355,0.016500857,0
13-02-24 21:00,68.06622205,61.44395457,132.0171415,49.39889835,0.036279832,0
13-02-24 22:00,48.01858249,41.47520234,135.0504146,88.29606827,0.043493279,1
13-02-24 23:00,53.12452109,80.22760418,166.1872641,52.91480859,0.013349697,1
14-02-24 0:00,51.72769779,64.48230524,99.67773119,83.77594438,0.019626947,0
14-02-24 1:00,50.02705585,71.73295385,281.1714924,49.34520905,0.01640519,1
14-02-24 2:00,34.84652782,100.8137817,147.9257754,38.13899276,0.033941415,1
14-02-24 3:00,67.85531846,43.70662158,240.331324,54.3882963,0.028156108,1
14-02-24 4:00,54.51507083,41.87111976,61.93866618,66.60715967,0.018585019,0
14-02-24 5:00,56.07915374,55.11890113,102.0205353,13.2547496,0.039212494,1
14-02-24 6:00,38.55281335,78.25678114,195.7208434,63.87547111,0.029095142,1
14-02-24 7:00,43.3225774,72.11402853,136.147721,29.15399114,0.009445904,0
14-02-24 8:00,47.38901029,42.39392812,89.83657227,24.52620852,0.020131597,0
14-02-24 9:00,29.34166817,76.74616935,55.36899076,64.33461115,0.017269158,0
14-02-24 10:00,27.52894501,36.93889916,199.0507553,88.83734345,0.007121699,1
14-02-24 11:00,41.34967912,43.46014151,193.2726539,55.55064953,0.016547338,0
14-02-24 12:00,58.11083945,57.59539193,165.562773,21.62620347,0.042117962,1
14-02-24 13:00,40.6295276,48.83737305,120.4814008,34.58494144,0.041115096,1
14-02-24 14:00,35.75588607,79.87482413,87.86568973,40.06816292,0.03711407,1
14-02-24 15:00,38.44342792,66.1369671,146.705496,55.01778554,0.034287496,0
14-02-24 16:00,43.37720038,101.7525941,78.17296545,48.21850393,0.023457504,1
14-02-24 17:00,44.81733172,54.90075823,106.4152667,63.11650276,0.011463108,0
14-02-24 18:00,87.17230494,57.45615488,238.3726795,77.99915775,0.029973585,0
14-02-24 19:00,66.9315341,87.61557388,54.87632294,58.97516093,0.001789946,0
14-02-24 20:00,66.42177367,58.10306302,195.0997529,74.87166411,0.010604164,1
14-02-24 21:00,68.89428553,94.72218772,256.7829762,43.47547318,0.041337562,0
14-02-24 22:00,36.01533009,71.79613515,205.013912,164.9865701,0.012852937,1
14-02-24 23:00,33.15870603,18.89489039,175.8397459,64.74754115,0.031468326,1
15-02-24 0:00,34.62210747,86.80898682,122.3160958,68.50498338,0.014586492,1
15-02-24 1:00,71.79849862,80.41686843,112.1350249,103.2103458,0.029710734,0
15-02-24 2:00,42.09154202,81.33553532,39.81637522,52.22779658,0.002474176,1
15-02-24 3:00,32.79554956,25.3472116,152.3211345,35.11233516,0.045201199,1
15-02-24 4:00,43.72081472,46.73654435,125.8307562,87.7811609,0.005880784,1
15-02-24 5:00,46.47784962,48.15705857,109.2963617,89.71942012,0.003774416,1
15-02-24 6:00,54.09824479,43.39767901,148.7473552,53.90835018,0.043939996,1
15-02-24 7:00,53.82724173,101.1318143,153.9214322,103.2795557,0.019954918,1
15-02-24 8:00,38.26317459,59.75308313,112.7012674,47.93866435,0.015381403,0
15-02-24 9:00,60.75497058,59.23422526,266.4297267,75.91452822,0.052454879,1
15-02-24 10:00,40.82066537,72.04924428,198.8653562,94.77882526,0.033300747,1
15-02-24 11:00,47.68027724,72.44149161,210.8373014,52.48723117,0.013414139,0
15-02-24 12:00,60.77326968,6.649517164,143.6076048,62.04594629,0.017904008,0
15-02-24 13:00,40.78461366,47.05315882,183.5204051,78.8084988,0.040642438,0
15-02-24 14:00,41.78388969,33.32539721,98.83218285,41.24765146,0.007368222,0
15-02-24 15:00,59.22509183,68.64679541,194.3045614,31.63473616,0.049345999,1
15-02-24 16:00,37.86970855,54.05844754,137.4755196,88.65506677,0.013495955,1
15-02-24 17:00,44.37618455,60.32349402,92.39273114,57.9514617,0.00833465,0
15-02-24 18:00,58.64498204,22.83145179,148.580193,38.12712385,0.040934754,1
15-02-24 19:00,85.03068238,53.63711588,132.2583964,52.37949319,0.033372627,0
15-02-24 20:00,59.44758219,85.28300851,327.5717395,63.48912269,0.001043357,1
15-02-24 21:00,57.31298479,92.57826091,178.3495494,18.15561778,0.018325034,1
15-02-24 22:00,58.24377408,75.87127873,263.7053854,69.43775993,0.005981215,1
15-02-24 23:00,35.05388325,34.63043016,228.3843072,60.71164,0.034685448,1
16-02-24 0:00,51.74731369,88.82657721,152.3698517,99.59553593,0.05638503,1
16-02-24 1:00,49.55438872,75.99031625,123.4488702,44.66908866,0.029470929,1
16-02-24 2:00,54.92718472,57.55963019,59.40617,90.11729311,0.009576602,0
16-02-24 3:00,51.76119491,23.62539551,100.1172841,48.88984114,0.036615038,1
16-02-24 4:00,55.83966701,81.38950896,194.057544,53.5374605,0.019201928,1
16-02-24 5:00,45.42500389,48.09049851,131.6645475,57.26058203,0.018835775,0
16-02-24 6:00,50.88256877,67.44922841,174.3362159,115.4764616,0.012941818,1
16-02-24 7:00,33.0901345,61.44328765,47.83990618,23.62174588,0.021707832,0
16-02-24 8:00,45.3037315,95.85628337,179.5787324,63.11217777,0.018879513,1
16-02-24 9:00,72.79692118,57.39086862,225.7437282,51.06113641,0,1
16-02-24 10:00,54.88376385,59.68295724,57.93501191,49.28906374,0.020415856,0
16-02-24 11:00,49.68662213,96.88896303,174.0511026,65.59497362,0.017854941,0
16-02-24 12:00,82.03713262,46.82721766,244.801428,81.31974189,0.025909953,1
16-02-24 13:00,31.43934716,78.09546244,271.9415625,64.13870019,0,1
16-02-24 14:00,34.5890583,55.88824213,120.052376,85.45730948,0.028978484,1
16-02-24 15:00,78.62405155,40.45425438,202.3953946,43.91491474,0.020460171,0
16-02-24 16:00,50.69152645,60.02438274,251.6276573,48.79326649,0.028657645,0
16-02-24 17:00,46.42010099,75.24349133,176.052979,27.98345038,0.001896132,0
16-02-24 18:00,33.45002614,91.17670214,240.2258958,111.3683872,0.004818084,0
16-02-24 19:00,56.91587594,94.23065722,147.766363,45.43677291,0.000546938,1
16-02-24 20:00,58.46333459,53.94028323,175.5775358,42.83463814,0.022405305,0
16-02-24 21:00,34.78050249,40.7297577,113.4678115,66.27068707,0.014836102,0
16-02-24 22:00,47.91554346,53.45887484,139.8750494,81.35386132,0.01775827,1
16-02-24 23:00,45.07983339,37.28187656,178.2359189,34.13489851,0.003537541,0
17-02-24 0:00,53.9051815,55.50577495,109.3729631,83.89186844,0.005033768,1
17-02-24 1:00,34.46396747,53.00013179,136.3257969,42.69343043,0,0
17-02-24 2:00,70.34658425,76.07115728,201.0281776,91.90550578,0.003902733,0
17-02-24 3:00,64.57608992,20.97458625,303.5628004,37.35502256,0.010867062,1
17-02-24 4:00,44.68426311,45.40150406,47.11128306,70.00883142,0.011500495,0
17-02-24 5:00,46.80055638,45.55368082,296.9771736,51.07321788,0.018931722,1
17-02-24 6:00,47.97227875,87.04357897,134.1632147,25.64673505,0.03392632,0
17-02-24 7:00,38.93113591,38.47024202,215.8924324,20.61575468,0.010400399,0
17-02-24 8:00,43.54518838,64.83686489,230.6571113,33.08211534,0.02853737,1
17-02-24 9:00,46.01899056,57.33392863,262.4669493,77.76942985,0.034269247,0
17-02-24 10:00,76.79436994,83.53579963,107.6819543,12.74867645,0.042368371,1
17-02-24 11:00,65.09536085,73.04499257,136.2250262,58.68320907,0.028556251,0
17-02-24 12:00,64.89340003,62.56816843,146.6674791,56.35512785,0.021188716,0
17-02-24 13:00,55.68572915,48.81347865,128.4269386,16.43296499,0.006218846,0
17-02-24 14:00,34.48851451,26.24756656,242.857344,31.98274701,0.024582941,0
17-02-24 15:00,49.37935494,65.28037575,145.2336837,31.94455034,0.014404167,0
17-02-24 16:00,65.49917474,71.56241491,64.55895021,51.32561595,0.04770796,0
17-02-24 17:00,32.70926044,30.64809213,112.8408751,93.10881645,0.021485291,1
17-02-24 18:00,59.95349809,36.37542449,66.2980782,80.34067762,0.017517267,1
17-02-24 19:00,90.23365199,65.39443506,136.0416574,41.38175532,0.048669413,0
17-02-24 20:00,67.05470428,67.29450104,194.748293,31.32836288,0.012980052,0
17-02-24 21:00,73.20991543,40.66847963,111.6652463,18.3262412,0.019948891,0
17-02-24 22:00,53.32275307,48.43896646,125.7850531,40.96482106,0.064263246,1
17-02-24 23:00,65.45587149,26.49277127,133.280145,29.95377491,0.024472412,0
18-02-24 0:00,39.74751502,91.76782577,158.9152566,49.10022049,0.041800028,0
18-02-24 1:00,62.57135639,35.23714766,183.8532223,50.0436057,0.050844796,1
18-02-24 2:00,60.24404584,71.82851509,204.3634322,38.78889763,0.012083847,1
18-02-24 3:00,54.4327161,59.26765876,321.4939526,39.25399948,0.037018012,1
18-02-24 4:00,71.47198682,89.57604357,157.8100032,34.09918324,0.015008185,1
18-02-24 5:00,42.20851653,44.30416387,199.2354144,37.97591829,0.065123078,1
18-02-24 6:00,47.22912777,61.29193476,65.89972183,92.08344245,0.049350078,1
18-02-24 7:00,51.44104362,28.66001586,127.1637418,63.74957655,0.033550129,1
18-02-24 8:00,35.61593419,24.92776587,133.5376959,64.13075623,0.039987116,1
18-02-24 9:00,53.45547726,73.05642588,92.62739694,78.37065805,0.010322085,1
18-02-24 10:00,27.17076557,27.29393325,118.2241835,75.64674695,0.056330673,1
18-02-24 11:00,66.80043181,55.28555664,143.3515229,91.70897052,0.007983617,1
18-02-24 12:00,50.70173554,82.77128213,119.9866498,65.74916035,0.027009553,1
18-02-24 13:00,42.45793586,76.51668939,353.2318836,55.25486374,0.010105855,1
18-02-24 14:00,38.18057514,46.70621556,183.591765,36.27774973,0.035987003,1
18-02-24 15:00,46.53634188,30.42644746,299.0884732,31.43387972,0.057057031,0
18-02-24 16:00,60.79759709,71.08876962,256.6587439,74.39156517,0.027836361,0
18-02-24 17:00,58.51610267,90.88987235,112.4989304,47.26062518,0.025339133,0
18-02-24 18:00,39.91471459,46.75083926,152.3559939,21.55082504,0.01822084,0
18-02-24 19:00,38.02518804,44.0983973,123.9578959,10.81654764,0.021637672,0
18-02-24 20:00,60.28499651,49.39034189,140.0431972,117.5276112,0.014966349,0
18-02-24 21:00,39.6865747,72.4938877,94.69343194,28.26780512,0.054137071,0
18-02-24 22:00,50.90223579,88.062753,123.5737626,34.2568028,0.034594751,1
18-02-24 23:00,51.87163485,36.27319453,173.2454531,85.22647423,0.014803546,1
19-02-24 0:00,54.77831475,31.90335457,171.4859504,24.1675921,0.020977263,0
19-02-24 1:00,63.61068458,117.3532969,166.2230096,64.13243983,0.092161495,1
19-02-24 2:00,32.65063133,56.32338651,146.29169,105.5082195,0.024576659,1
19-02-24 3:00,24.98514009,65.40668086,208.2416667,116.2505926,0.049580423,1
19-02-24 4:00,41.8102872,46.18760478,134.3312376,39.41442279,0.011772322,0
19-02-24 5:00,80.26843072,70.6493031,248.5905287,49.69951234,0.028250432,0
19-02-24 6:00,84.42179959,81.54385369,55.00685308,40.5617637,0.011178003,1
19-02-24 7:00,80.82086674,66.43053622,193.6390933,49.55220927,0.012294704,1
19-02-24 8:00,47.14252129,101.1038999,181.9542326,87.51331636,0.034589952,0
19-02-24 9:00,26.44420794,53.29850665,110.5698304,20.89141435,0.008076771,0
19-02-24 10:00,20.34424571,54.58312886,128.5551953,67.45846393,0.00519026,0
19-02-24 11:00,41.16647044,64.93985673,180.3456174,45.22721715,0.032372246,0
19-02-24 12:00,47.06812871,70.08847855,212.2795772,89.83091262,0.012903973,1
19-02-24 13:00,71.20100745,64.86483243,59.02228024,88.07648609,0.015755192,1
19-02-24 14:00,63.77016821,35.50186738,191.633538,40.31898069,0.000914203,0
19-02-24 15:00,53.46278925,66.70931708,122.6534685,47.26729103,0.004524592,0
19-02-24 16:00,37.44415215,52.35236353,227.9282734,74.71014453,0.02367695,1
19-02-24 17:00,36.51140399,48.30578414,55.34289901,77.48378538,0.016426439,1
19-02-24 18:00,53.87649619,60.68370578,338.7081075,6.527377417,0.037026609,1
19-02-24 19:00,60.94164475,41.19481238,99.32771807,74.61266266,0.008032952,1
19-02-24 20:00,56.03178986,38.09045239,251.6413081,99.29475517,0.017425741,1
19-02-24 21:00,35.55142354,15.33616866,145.7046803,56.5862426,0.020750245,0
19-02-24 22:00,60.1833828,101.2712413,102.8546203,76.46291627,0.016858951,1
19-02-24 23:00,56.57006466,72.13361365,166.991338,86.87455487,0.030631181,1
20-02-24 0:00,35.08633046,57.56840424,220.6749354,55.68715405,0.006164311,0
20-02-24 1:00,38.85034483,46.6560923,67.42130314,72.34468568,0.02898408,0
20-02-24 2:00,60.80146633,12.01066461,196.8026646,50.31764528,0.042118391,0
20-02-24 3:00,46.53738076,45.49702508,149.2397337,48.70396076,0.0088603,0
20-02-24 4:00,76.36259867,75.80189,188.0631344,34.77437549,0.026892311,1
20-02-24 5:00,57.76806969,81.117199,150.6866826,54.41537147,0.026101196,0
20-02-24 6:00,42.93734209,74.10694037,116.2204014,107.852107,0.0304606,1
20-02-24 7:00,49.84702015,63.36386309,87.86405703,29.88111848,0.020023865,0
20-02-24 8:00,50.95476834,89.93148875,194.7550282,66.56341973,0.048727337,0
20-02-24 9:00,39.60469775,53.2626234,194.376011,58.33291342,0.06712454,1
20-02-24 10:00,37.14399425,84.55541971,194.0236427,93.39604507,0.031173541,0
20-02-24 11:00,61.01279619,52.14562417,177.8218016,99.86797524,0.025318217,1
20-02-24 12:00,63.3935864,42.66064752,214.3984152,29.45592912,0.020221037,1
20-02-24 13:00,59.42127411,40.39721531,249.7415149,36.63378386,0.004159531,1
20-02-24 14:00,75.02596034,39.3453041,53.84954817,37.82025309,0.003273911,1
20-02-24 15:00,42.1669197,74.4919846,36.54175137,38.59836245,0.005531462,0
20-02-24 16:00,77.91724409,45.22984948,275.0797688,40.51507142,0.02446368,1
20-02-24 17:00,37.29784208,39.90711715,76.97502736,59.03797432,0.017027757,0
20-02-24 18:00,35.8352486,75.75256656,89.18934144,30.88990497,0.051430119,1
20-02-24 19:00,26.69807203,67.04872507,132.5204375,33.74588629,0,0
20-02-24 20:00,43.51180375,81.60430663,63.04050823,32.11034135,0.020656613,1
20-02-24 21:00,42.69790114,71.15872713,127.0244819,63.04364899,0.027497711,0
20-02-24 22:00,58.16566923,45.03542239,96.13683845,48.41799066,0.036780447,1
20-02-24 23:00,53.71784692,61.60683811,135.7428834,44.1421428,0.022354799,0
21-02-24 0:00,33.5285849,62.6512802,167.9599485,31.07929183,0.026235951,0
21-02-24 1:00,44.26334032,41.96494713,129.236972,17.6176166,0.022909472,0
21-02-24 2:00,44.56605372,38.63317004,126.3036842,98.77405009,0.027616183,1
21-02-24 3:00,26.51437924,46.39991907,166.5241083,43.03189884,0.019692603,0
21-02-24 4:00,36.24805558,108.989731,221.8115095,139.802619,0.067293491,1
21-02-24 5:00,39.03194919,51.58791055,265.6022399,71.11140437,0.030247225,0
21-02-24 6:00,73.55965599,88.17014341,136.6279129,105.7698186,0.023275119,0
21-02-24 7:00,52.90841412,50.48759331,284.0368945,77.79823291,0.009824491,1
21-02-24 8:00,60.37099877,79.85066688,209.4058664,54.03828606,0.01487481,0
21-02-24 9:00,29.7663759,80.17406155,82.10654061,36.13014472,0.051003316,1
21-02-24 10:00,69.33936548,81.36554368,80.71836161,28.44165078,0,0
21-02-24 11:00,71.20939752,68.36998925,115.9190769,81.75213062,0.020918462,1
21-02-24 12:00,24.0182081,91.77040619,252.809033,56.83658037,0.019603097,1
21-02-24 13:00,39.91772082,68.16016095,120.1727579,66.55274662,0.028751612,0
21-02-24 14:00,57.6822671,100.3884005,53.21378458,72.35642199,0.024454464,1
21-02-24 15:00,60.08106328,29.91789439,136.0090648,59.27951299,0.051146026,0
